Time,Altitude
0.0,1.9990117133102845
0.01,1.998901903678094
0.02,1.9987920940459034
0.03,1.998682284413713
0.04,1.9985724747815223
0.05,1.998451208012313
0.06,1.9983135171450277
0.07,1.998162300549915
0.08,1.9979998125149467
0.09,1.997827832741152
0.1,1.9976477849893548
0.11,1.997333862919234
0.12,1.9970056558569502
0.13,1.9966631638025039
0.14,1.9963063867558954
0.15,1.9959353247171236
0.16,1.9955499776861898
0.17,1.9951503456630928
0.18,1.9947360913733303
0.19,1.9942949946327417
0.2,1.993827055441328
0.21,1.9933322737990888
0.22,1.992810649706024
0.23,1.9922621831621334
0.24,1.9916868741674179
0.25,1.9910933155746406
0.26,1.9904871995232007
0.27,1.989868526013098
0.28,1.989237295044332
0.29,1.9885935066169034
0.3,1.9879371607308118
0.31,1.9872682573860572
0.32,1.98658679658264
0.33,1.9858768631718484
0.34,1.9851355449857653
0.35000000000000003,1.9843628420243917
0.36,1.9835587542877273
0.37,1.9827232817757725
0.38,1.9818567617630305
0.39,1.9809714144336603
0.4,1.9800672397876622
0.41000000000000003,1.9791442378250363
0.42,1.9782024085457828
0.43,1.9772417519499013
0.44,1.9762622680373916
0.45,1.9752620395652194
0.46,1.9742260843672974
0.47000000000000003,1.9731544024436247
0.48,1.9720469937942018
0.49,1.9709038584190282
0.5,1.9697249963181047
0.51,1.9685104074914306
0.52,1.9672600919390064
0.53,1.9659899648095436
0.54,1.9647029382709582
0.55,1.9633990123232508
0.56,1.9620781869664206
0.5700000000000001,1.9607404622004683
0.58,1.959376140497208
0.59,1.9579820086616877
0.6,1.956558066693907
0.61,1.9551043145938656
0.62,1.9536207523615636
0.63,1.952107379997002
0.64,1.950564197500179
0.65,1.9489931221141306
0.66,1.947409136004944
0.67,1.9458122391726196
0.68,1.944202431617157
0.6900000000000001,1.9425797133385565
0.7000000000000001,1.9409430370962295
0.71,1.9392725339323533
0.72,1.937568203846928
0.73,1.935830046839953
0.74,1.9340580629114292
0.75,1.932252252061356
0.76,1.9304126142897338
0.77,1.928539149596562
0.78,1.9266415555100262
0.79,1.9247230452250794
0.8,1.922783618741721
0.81,1.9208232760599515
0.8200000000000001,1.9188411683947635
0.8300000000000001,1.9168330889894634
0.84,1.9147990378440514
0.85,1.912739014958527
0.86,1.9106530203328909
0.87,1.9085410539671426
0.88,1.906403115861282
0.89,1.9042392060153097
0.9,1.9020503716698134
0.91,1.8998564817826165
0.92,1.8976575363537187
0.93,1.8954535353831201
0.9400000000000001,1.8932444788708203
0.9500000000000001,1.8910261611919374
0.96,1.8887924902589348
0.97,1.8865434660718141
0.98,1.8842790886305736
0.99,1.8819993579352143
1.0,1.8797042739857364
1.01,1.8773938367821394
1.02,1.8750688951094308
1.03,1.872733655724304
1.04,1.8703881186267588
1.05,1.868032283816796
1.06,1.865666151294415
1.07,1.863289721059616
1.08,1.8609039647738246
1.09,1.8585095250649715
1.1,1.8561064019330562
1.11,1.8536945953780783
1.12,1.8512741054000383
1.1300000000000001,1.8488449319989364
1.1400000000000001,1.8464070751747719
1.1500000000000001,1.8439647405524284
1.16,1.8415240202194407
1.17,1.8390849141758085
1.18,1.8366474224215323
1.19,1.8342115449566123
1.2,1.8317772817810478
1.21,1.8293446328948395
1.22,1.8269068948212681
1.23,1.8244607289951253
1.24,1.8220061354164119
1.25,1.819543114085127
1.26,1.8170716650012704
1.27,1.8145917881648426
1.28,1.8121025119144174
1.29,1.8096031936220647
1.3,1.807093833287785
1.31,1.8045744309115785
1.32,1.802044986493445
1.33,1.799505500033383
1.34,1.796955971531395
1.35,1.7943956920588562
1.36,1.7918134420046599
1.37,1.7892092213688056
1.3800000000000001,1.7865830301512937
1.3900000000000001,1.7839348683521237
1.4000000000000001,1.781264735971296
1.41,1.7785726330088107
1.42,1.775865262941386
1.43,1.773145964334231
1.44,1.770414737187345
1.45,1.767671581500729
1.46,1.7649164972743818
1.47,1.762149484508304
1.48,1.759370261232205
1.49,1.7565621038925556
1.5,1.7537250124893553
1.51,1.7508589870226043
1.52,1.7479640274923027
1.53,1.745040133898451
1.54,1.7420873062410482
1.55,1.7391062534487183
1.56,1.736108195132568
1.57,1.733093131292598
1.58,1.7300610619288084
1.59,1.7270119870411982
1.6,1.723945906629768
1.61,1.720861814517103
1.62,1.717759633256478
1.6300000000000001,1.7146393628478915
1.6400000000000001,1.711501003291345
1.6500000000000001,1.7083445545868372
1.6600000000000001,1.7051700167343693
1.67,1.701977389733941
1.68,1.6987669555558427
1.69,1.695555437753604
1.7,1.6923428363272248
1.71,1.6891291512767048
1.72,1.685914382602044
1.73,1.6826954963929333
1.74,1.6794700637693158
1.75,1.6762380847311924
1.76,1.6729995592785627
1.77,1.6697544874114272
1.78,1.6665028691297856
1.79,1.6632447044336378
1.8,1.6599799933229835
1.81,1.6567097419752386
1.82,1.6534340278371278
1.83,1.6501528509086516
1.84,1.6468662111898098
1.85,1.6435717933952543
1.86,1.6402636676507014
1.87,1.6369418339561517
1.8800000000000001,1.6336062923116046
1.8900000000000001,1.6302570427170604
1.9000000000000001,1.6268940851725193
1.9100000000000001,1.623517419677981
1.92,1.6201270462334456
1.93,1.6167259987492233
1.94,1.613316706105369
1.95,1.6098991683018835
1.96,1.606473385338766
1.97,1.6030428890485209
1.98,1.599614896743354
1.99,1.5961894084232653
2.0,1.5927664240882553
2.0100000000000002,1.5893459437383237
2.02,1.5859279673734705
2.0300000000000002,1.5825124949936955
2.04,1.579099526598999
2.05,1.5756913774747292
2.06,1.5722939774951699
2.07,1.56890732666032
2.08,1.5655314249701804
2.09,1.5621662724247505
2.1,1.5588079377694648
2.11,1.5554492017470332
2.12,1.5520900643574564
2.13,1.5487305256007335
2.14,1.5453705854768653
2.15,1.5420102439858516
2.16,1.5386495011276922
2.17,1.5352848250698838
2.18,1.53190899850022
2.19,1.5285220214187007
2.2,1.5251238938253255
2.21,1.521714615720095
2.22,1.51829418272476
2.23,1.514859836915593
2.24,1.5114115782925934
2.25,1.5079494068557617
2.2600000000000002,1.5044733226050975
2.27,1.5009833255406009
2.2800000000000002,1.4974794156622724
2.29,1.493961592970111
2.3000000000000003,1.4904337887186838
2.31,1.4869032221652796
2.32,1.4833698933098987
2.33,1.479833802152541
2.34,1.4762949486932067
2.35,1.4727631186518664
2.36,1.469243201801516
2.37,1.4657351981421551
2.38,1.4622391076737842
2.39,1.458754930396403
2.4,1.4552826663100114
2.41,1.4518223154146095
2.42,1.4483738820884462
2.43,1.444940124255249
2.44,1.4415210419150188
2.45,1.438116635067755
2.46,1.4347269037134578
2.47,1.431351847852127
2.48,1.4279904549966496
2.49,1.4246247033454207
2.5,1.4212545928984404
2.5100000000000002,1.4178801236557081
2.52,1.4145012956172245
2.5300000000000002,1.4111181087829894
2.54,1.4077305631530022
2.5500000000000003,1.4043288730072927
2.56,1.400908148572865
2.57,1.397468389849719
2.58,1.3940095968378554
2.59,1.3905317695372734
2.6,1.3870349079479731
2.61,1.3835142103633173
2.62,1.3799678367982677
2.63,1.3763957872528239
2.64,1.3727980617269862
2.65,1.3691746602207542
2.66,1.3655255827341282
2.67,1.3618508292671083
2.68,1.3581514123068072
2.69,1.3544453536548304
2.7,1.3507326533111774
2.71,1.3470133112758487
2.72,1.3432873275488442
2.73,1.3395462636119744
2.74,1.3357866137707306
2.75,1.3320083780251128
2.7600000000000002,1.3282115563751211
2.77,1.3243961488207554
2.7800000000000002,1.3205621553620157
2.79,1.3167095759989018
2.8000000000000003,1.3128384107314142
2.81,1.3089534612661897
2.82,1.3050565675882673
2.83,1.3011477296976468
2.84,1.2972291894560897
2.85,1.293306117087856
2.86,1.2893785125929453
2.87,1.285446375971358
2.88,1.2815097072230939
2.89,1.277568506348153
2.9,1.2736227733465353
2.91,1.2696725082182412
2.92,1.2657177109632698
2.93,1.2617668200998111
2.94,1.2578233413223738
2.95,1.2538872746309577
2.96,1.2499552203358566
2.97,1.2460213021508377
2.98,1.2420855200759007
2.99,1.2381478741110459
3.0,1.234208364256273
3.0100000000000002,1.2302669905115824
3.02,1.2263237528769735
3.0300000000000002,1.222378651352447
3.04,1.218429444076241
3.0500000000000003,1.2144709608240958
3.06,1.2105032015960109
3.0700000000000003,1.206526166391987
3.08,1.20255019363684
3.09,1.1985765047895016
3.1,1.1946050998499724
3.11,1.1906359788182523
3.12,1.1866691416943413
3.13,1.1827045884782394
3.14,1.1787423191699467
3.15,1.1747823337694627
3.16,1.1708280319664943
3.17,1.1668852900472744
3.18,1.1629541080118027
3.19,1.1590344858600794
3.2,1.1551281398469417
3.21,1.1512359955467644
3.22,1.1473580529595482
3.23,1.1434943120852925
3.24,1.1396447729239974
3.25,1.1358094354756632
3.2600000000000002,1.1319882997402895
3.27,1.1281813657178765
3.2800000000000002,1.1243782949836083
3.29,1.1205778660785524
3.3000000000000003,1.116780079002709
3.31,1.1129849337560778
3.3200000000000003,1.1091928357523098
3.33,1.1054059204672146
3.34,1.1016241879007926
3.35,1.097847638053044
3.36,1.0940762709239684
3.37,1.0903100865135658
3.38,1.0865490848218364
3.39,1.08279326584878
3.4,1.0790409133395598
3.41,1.0752911017198001
3.42,1.0715438309895011
3.43,1.0677991011486632
3.44,1.0640569121972858
3.45,1.0603079203999666
3.46,1.056540074203642
3.47,1.0527533736083112
3.48,1.048947818613975
3.49,1.0451234092206327
3.5,1.041280145428285
3.5100000000000002,1.037418027236931
3.52,1.033536649232921
3.5300000000000002,1.0296338759404442
3.54,1.025709707359501
3.5500000000000003,1.0217641434900908
3.56,1.017797260420883
3.5700000000000003,1.0138181657483734
3.58,1.0098268594725626
3.59,1.0058233415934505
3.6,1.001807612111037
3.61,0.9977796710253225
3.62,0.9937395183363064
3.63,0.9896871540439891
3.64,0.9856225781483703
3.65,0.981555134384853
3.66,0.9774968743065005
3.67,0.9734477979133134
3.68,0.969407777596478
3.69,0.9653754401260721
3.7,0.961350785502096
3.71,0.9573338137245493
3.72,0.9533245247934321
3.73,0.9493229187087445
3.74,0.9453289954704864
3.75,0.9413427550786582
3.7600000000000002,0.9373641214445909
3.77,0.9333839869717881
3.7800000000000002,0.9294023516602495
3.79,0.9254192155099753
3.8000000000000003,0.921433325523906
3.81,0.9174422596960747
3.8200000000000003,0.9134460180264812
3.83,0.9094446005151259
3.84,0.9054380071620084
3.85,0.9014262379671288
3.86,0.8974092929304873
3.87,0.8933871720520837
3.88,0.8893600029407317
3.89,0.8853291588263532
3.9,0.8812946397089483
3.91,0.8772564455885172
3.92,0.8732062166042942
3.93,0.8691435200124161
3.94,0.8650683558128829
3.95,0.8609807240056944
3.96,0.8568806245908502
3.97,0.8527680575683512
3.98,0.8486430229381969
3.99,0.8445055207003875
4.0,0.8403568038519822
4.01,0.8361992943989479
4.0200000000000005,0.8320383762762986
4.03,0.8278934816271848
4.04,0.8237646104516061
4.05,0.8196517627495628
4.0600000000000005,0.8155549385210543
4.07,0.8114741377660813
4.08,0.8074093604846435
4.09,0.803360606676741
4.1,0.7993278763423737
4.11,0.7953111694815416
4.12,0.7913188459550099
4.13,0.7873513385066426
4.14,0.7834138676121093
4.15,0.7795175040304816
4.16,0.7756622477617595
4.17,0.7718480988059431
4.18,0.7680750571630324
4.19,0.7643431228330271
4.2,0.7606522958159275
4.21,0.7570025761117336
4.22,0.7533885797854312
4.23,0.7497908746938704
4.24,0.7462094608370511
4.25,0.7426443382149734
4.26,0.7390955068276371
4.2700000000000005,0.7355703467626507
4.28,0.7320733882170859
4.29,0.7286046311909427
4.3,0.7251640756842214
4.3100000000000005,0.7217517216969216
4.32,0.7183675692290437
4.33,0.7150116182805872
4.34,0.7116786483758826
4.3500000000000005,0.7083575887558581
4.36,0.7050484394205137
4.37,0.7017512003698495
4.38,0.6984658716038654
4.39,0.6951924531225616
4.4,0.6919259703475346
4.41,0.6886575878046627
4.42,0.6853873054939458
4.43,0.6821151234153839
4.44,0.6788410415689772
4.45,0.6755650599547253
4.46,0.6722871785726287
4.47,0.6690000173350787
4.48,0.6656990460450036
4.49,0.6623842647024036
4.5,0.6590556733072782
4.51,0.6557132718596279
4.5200000000000005,0.652358721481897
4.53,0.6489933818998579
4.54,0.6456172531135105
4.55,0.6422303351228548
4.5600000000000005,0.638832627927891
4.57,0.6354241315286188
4.58,0.6320048459250384
4.59,0.6285747711171497
4.6000000000000005,0.6251388816833561
4.61,0.6217060130977792
4.62,0.6182761653604193
4.63,0.6148493384712763
4.64,0.6114245140808559
4.65,0.608001649861124
4.66,0.6045807458120811
4.67,0.6011618019337267
4.68,0.5977448182260612
4.69,0.5943297946890843
4.7,0.5909167313227962
4.71,0.5875056281271968
4.72,0.5840948239798414
4.73,0.5806829591549578
4.74,0.5772700336525463
4.75,0.573865923897795
4.76,0.5704716787762542
4.7700000000000005,0.5670872982879237
4.78,0.5637127824328035
4.79,0.5603481312108939
4.8,0.5569933446221945
4.8100000000000005,0.5536484226667057
4.82,0.5503133653444271
4.83,0.5469881726553589
4.84,0.5436738629489956
4.8500000000000005,0.5403704785533706
4.86,0.537084874863181
4.87,0.5338211267874791
4.88,0.5305792343262647
4.89,0.527359197479538
4.9,0.5241610162472988
4.91,0.5209846906295472
4.92,0.5178302206262833
4.93,0.5146976062375069
4.94,0.5115868474632181
4.95,0.5084880678782283
4.96,0.5054002185969876
4.97,0.5023260156332514
4.98,0.4992828592840254
4.99,0.496270749549309
5.0,0.49328968642910265
5.01,0.4903396699234063
5.0200000000000005,0.48742070003221977
5.03,0.48453277675554307
5.04,0.48167590009337646
5.05,0.4788500700457197
5.0600000000000005,0.476048431217876
5.07,0.4732669087007932
5.08,0.4705055024944712
5.09,0.46776421259891016
5.1000000000000005,0.46504217762848976
5.11,0.4623388133263804
5.12,0.4596541196925819
5.13,0.4569880967270943
5.14,0.4543407444299176
5.15,0.45171206280105186
5.16,0.4491020518404971
5.17,0.44650799553449766
5.18,0.44391249358604823
5.19,0.4413155459951489
5.2,0.4387171527617997
5.21,0.4361173138860005
5.22,0.43353566301746316
5.23,0.4309729733829406
5.24,0.4284292449824326
5.25,0.42590447781593915
5.26,0.4233986718834604
5.2700000000000005,0.4209118271849962
5.28,0.4184439437205466
5.29,0.4159950214901117
5.3,0.41356592187931146
5.3100000000000005,0.4111572291449758
5.32,0.4087689432871048
5.33,0.4064010643056982
5.34,0.40405572587390354
5.3500000000000005,0.4017497779695556
5.36,0.3994832205926545
5.37,0.39725605374320017
5.38,0.39506827742119266
5.39,0.392919891626632
5.4,0.39081089635951816
5.41,0.38874129161985105
5.42,0.38669144375791886
5.43,0.38466057954696903
5.44,0.3826486989870014
5.45,0.38065580207801597
5.46,0.3786818888200128
5.47,0.37672695921299193
5.48,0.37479101325695324
5.49,0.3728785186893219
5.5,0.3709909704180344
5.51,0.36912836844309066
5.5200000000000005,0.36729071276449066
5.53,0.3654780033822344
5.54,0.36368810662317475
5.55,0.3619041725094766
5.5600000000000005,0.36012620104113996
5.57,0.35835419221816484
5.58,0.3565881460405512
5.59,0.3548280625082991
5.6000000000000005,0.35307394162140854
5.61,0.3513257833798795
5.62,0.349583587783712
5.63,0.34785013029413225
5.64,0.34612695957891615
5.65,0.3444140756380637
5.66,0.342711478471575
5.67,0.34101916807945
5.68,0.33933714446168856
5.69,0.33766093988086576
5.7,0.33598905942904517
5.71,0.3343215031062267
5.72,0.33265827091241046
5.73,0.3309993628475963
5.74,0.32934477891178426
5.75,0.32769451910497444
5.76,0.32604965108754086
5.7700000000000005,0.32441823893269
5.78,0.32280028264042177
5.79,0.3211957822107362
5.8,0.3196047376436334
5.8100000000000005,0.3180271489391132
5.82,0.31646301609717575
5.83,0.3149095636565947
5.84,0.3133652429495942
5.8500000000000005,0.3118300539761743
5.86,0.31030399673633485
5.87,0.3087870712300759
5.88,0.3072792774573975
5.89,0.30578061541829965
5.9,0.30429136537008594
5.91,0.3028120490497371
5.92,0.30134266645725305
5.93,0.2998832175926338
5.94,0.2984337024558795
5.95,0.29699412104698997
5.96,0.2955634057055912
5.97,0.29413349235847674
5.98,0.2927043810056466
5.99,0.2912760716471008
6.0,0.2898485642828393
6.01,0.2884218589128621
6.0200000000000005,0.2869959555371692
6.03,0.28557684410892564
6.04,0.2841658212660922
6.05,0.28276288700866903
6.0600000000000005,0.2813680413366561
6.07,0.27998128425005336
6.08,0.2786026157488609
6.09,0.2772320358330786
6.1000000000000005,0.2758692642454029
6.11,0.2745137792488531
6.12,0.2731655808434292
6.13,0.27182466902913127
6.140000000000001,0.2704910438059592
6.15,0.2691687641704615
6.16,0.2678676395171961
6.17,0.26658766984616306
6.18,0.2653288551573623
6.19,0.26409119545079385
6.2,0.2628746907264577
6.21,0.26167934098435375
6.22,0.26050514622448223
6.23,0.259346116493678
6.24,0.2582009551539802
6.25,0.2570696622053888
6.26,0.25595223764790376
6.2700000000000005,0.2548486814815251
6.28,0.2537589937062529
6.29,0.25268317432208703
6.3,0.2516261554926787
6.3100000000000005,0.2505881531475904
6.32,0.24956916728682224
6.33,0.24856919791037405
6.34,0.24758824501824597
6.3500000000000005,0.24662224961388945
6.36,0.24566140230274658
6.37,0.24470570308481743
6.38,0.24375515196010186
6.390000000000001,0.24280974892860002
6.4,0.2418694939903118
6.41,0.24093438714523732
6.42,0.24000442839337638
6.43,0.23907961773472924
6.44,0.23816289932856421
6.45,0.23725556527207642
6.46,0.23635761556526574
6.47,0.2354690502081322
6.48,0.23458986920067582
6.49,0.2337200725428966
6.5,0.23285472807114332
6.51,0.23199361985585357
6.5200000000000005,0.23113674789702726
6.53,0.23028411219466444
6.54,0.2294357127487651
6.55,0.22859154955932923
6.5600000000000005,0.22775162262635681
6.57,0.22691593194984788
6.58,0.22608317287578136
6.59,0.22525274712085203
6.6000000000000005,0.22442465468506004
6.61,0.22359889556840523
6.62,0.22277546977088777
6.63,0.2219543772925075
6.640000000000001,0.221132673973996
6.65,0.22030906771815834
6.66,0.21948355852499435
6.67,0.21865614639450426
6.68,0.21782683132668793
6.69,0.21699561332154538
6.7,0.21616965864030693
6.71,0.21535036657588003
6.72,0.2145377371282647
6.73,0.213731770297461
6.74,0.21293246608346889
6.75,0.2121398244862883
6.76,0.21135384550591932
6.7700000000000005,0.2105745291423619
6.78,0.20980318004963724
6.79,0.20904039651105033
6.8,0.20828617852660125
6.8100000000000005,0.20754052609628992
6.82,0.2068034392201164
6.83,0.2060766776299905
6.84,0.2053608526673377
6.8500000000000005,0.20465596433215807
6.86,0.20396201262445154
6.87,0.20327899754421813
6.88,0.2026069190914579
6.890000000000001,0.20194577726617075
6.9,0.20128840580712642
6.91,0.20063340542141747
6.92,0.19998077610904388
6.93,0.1993305178700056
6.94,0.19868263070430264
6.95,0.19803857564325028
6.96,0.19740064315331482
6.97,0.1967688332344963
6.98,0.1961431458867947
6.99,0.19552358111021004
7.0,0.19491013890474232
7.01,0.19430281927039153
7.0200000000000005,0.19370162220715764
7.03,0.19310478798313083
7.04,0.1925117052568856
7.05,0.19192237402842197
7.0600000000000005,0.19133679429773992
7.07,0.19075626758202208
7.08,0.19018787046057786
7.09,0.18963160293340728
7.1000000000000005,0.18908746500051038
7.11,0.18855545666188708
7.12,0.18803557791753742
7.13,0.1875278287674614
7.140000000000001,0.18703220921165906
7.15,0.18654725821881507
7.16,0.1860706853224632
7.17,0.1856024905226033
7.18,0.18514267381923552
7.19,0.1846912352123598
7.2,0.1842481747019761
7.21,0.18381349228808444
7.22,0.18338718797068485
7.23,0.18297052532052924
7.24,0.18256357023622288
7.25,0.18216632271776584
7.26,0.18177878276515808
7.2700000000000005,0.18139964886121698
7.28,0.1810218444266331
7.29,0.18064536946140647
7.3,0.18027022396553707
7.3100000000000005,0.1798964079390249
7.32,0.17952392138186996
7.33,0.17915276429407223
7.34,0.17878293667563175
7.3500000000000005,0.1784144385265485
7.36,0.17804726984682245
7.37,0.17768076670377034
7.38,0.1773148616308612
7.390000000000001,0.17694955462809506
7.4,0.17658484569547192
7.41,0.1762207348329918
7.42,0.17585722204065474
7.43,0.17549304374770874
7.44,0.17512813405554853
7.45,0.17476249296417407
7.46,0.1743961204735854
7.47,0.17402901658378256
7.48,0.17366212012173587
7.49,0.17329679595509054
7.5,0.17293304408384663
7.51,0.17257086450800407
7.5200000000000005,0.1722102572275629
7.53,0.1718512222425231
7.54,0.1714937595528847
7.55,0.17113786915864768
7.5600000000000005,0.17078355105981205
7.57,0.17043146918906116
7.58,0.17008169101292586
7.59,0.16973495119079146
7.6000000000000005,0.1693926527747251
7.61,0.16905479576472673
7.62,0.16872138016079635
7.63,0.16839240596293398
7.640000000000001,0.16806787317113964
7.65,0.16774778178541325
7.66,0.16743213180575492
7.67,0.16712092323216454
7.68,0.16681321723767178
7.69,0.16650764895463147
7.7,0.1662061069649463
7.71,0.16590923758675727
7.72,0.16561704082006426
7.73,0.1653295166648673
7.74,0.16504666512116642
7.75,0.1647684861889616
7.76,0.16449497986825282
7.7700000000000005,0.1642261461590401
7.78,0.16396198506132348
7.79,0.16370176191571756
7.8,0.16344439483506404
7.8100000000000005,0.16319145509810468
7.82,0.1629429427048395
7.83,0.1626988576552685
7.84,0.16245919994939165
7.8500000000000005,0.162223969587209
7.86,0.16199316656872048
7.87,0.16176679089392618
7.88,0.16154484256282603
7.890000000000001,0.16132732157542007
7.9,0.16111240602860838
7.91,0.1609023293386038
7.92,0.16069709150540631
7.930000000000001,0.16049669252901597
7.94,0.16030113240943272
7.95,0.16011041114665653
7.96,0.1599245287406875
7.97,0.15974348519152554
7.98,0.15956728049917068
7.99,0.15939591466362293
8.0,0.15922906651997357
8.01,0.15906516478948077
8.02,0.1589056685175667
8.03,0.15875134922186457
8.040000000000001,0.1586022069023744
8.05,0.15845824155909613
8.06,0.15831945319202984
8.07,0.15818584180117548
8.08,0.15805740738653307
8.09,0.15793414994810256
8.1,0.1578160028070811
8.11,0.157700086229115
8.120000000000001,0.15758640021420425
8.13,0.15747494476234883
8.14,0.15736571987354878
8.15,0.15725941438242536
8.16,0.157156094247895
8.17,0.15705575946995776
8.18,0.1569584100486136
8.19,0.15686404598386253
8.2,0.1567726672757045
8.21,0.15668427392413958
8.22,0.15659740688374563
8.23,0.15651129463688937
8.24,0.1564259371835709
8.25,0.15634133452379012
8.26,0.15625925627567552
8.27,0.15617973978169403
8.28,0.15610278504184566
8.290000000000001,0.15602839205613045
8.3,0.1559565608245483
8.31,0.15588729134709936
8.32,0.1558205836237835
8.33,0.15575643765460076
8.34,0.1556948534395512
8.35,0.15563514214401344
8.36,0.1555772378090711
8.370000000000001,0.15552114043472415
8.38,0.15546685002097255
8.39,0.15541476587473185
8.4,0.15536526745634544
8.41,0.15531835476581318
8.42,0.1552740278031352
8.43,0.15523228656831145
8.44,0.15519313106134194
8.45,0.15515656128222666
8.46,0.15512080761283717
8.47,0.15508583271070656
8.48,0.15505163657583476
8.49,0.1550182192082218
8.5,0.15498558060786768
8.51,0.15495424313383838
8.52,0.15492457551473543
8.53,0.15489657775055884
8.540000000000001,0.15487024984130865
8.55,0.15484559178698482
8.56,0.15482260358758734
8.57,0.15480128524311626
8.58,0.15478163675357154
8.59,0.15476325881203773
8.6,0.15474577195817146
8.61,0.15472917619197277
8.620000000000001,0.15471347151344156
8.63,0.15469921879382154
8.64,0.1546866508451951
8.65,0.15467576766756225
8.66,0.15466656926092298
8.67,0.15465905562527735
8.68,0.15465322676062532
8.69,0.15464908266696686
8.700000000000001,0.15464662334430204
8.71,0.15464532643356482
8.72,0.1546448232061537
8.73,0.15464514117139022
8.74,0.1546466414690507
8.75,0.1546493240991351
8.76,0.15465318906164344
8.77,0.15465823635657575
8.78,0.15466446598393196
8.790000000000001,0.15467187794371212
8.8,0.15468047223591624
8.81,0.1546902488605443
8.82,0.1547012078175963
8.83,0.15471278823582862
8.84,0.15472475730315885
8.85,0.15473711501958692
8.86,0.15474986138511287
8.870000000000001,0.1547629963997367
8.88,0.15477663492381877
8.89,0.15479121268972698
8.9,0.1548067296974613
8.91,0.15482318594702177
8.92,0.1548405814384084
8.93,0.15485888866229952
8.94,0.15487774647891897
8.950000000000001,0.15489715488826666
8.96,0.15491711389034263
8.97,0.15493762348514686
8.98,0.15495868367267934
8.99,0.1549802944529401
9.0,0.1550024558259291
9.01,0.15502517681687175
9.02,0.15504886143921387
9.03,0.15507350969295547
9.040000000000001,0.15509912157809655
9.05,0.15512569709463714
9.06,0.15515323624257712
9.07,0.15518173902191665
9.08,0.15521109057229526
9.09,0.15524085516134506
9.1,0.15527103278906612
9.11,0.15530162345545834
9.120000000000001,0.15533262716052182
9.13,0.15536404390425648
9.14,0.15539599537037987
9.15,0.15542878664286755
9.16,0.15546241772171948
9.17,0.15549688860693567
9.18,0.15553219929851617
9.19,0.1555683497964609
9.200000000000001,0.1556053401007699
9.21,0.1556431611862178
9.22,0.15568140903935873
9.23,0.15572008366019277
9.24,0.15575918504871983
9.25,0.15579871320493996
9.26,0.15583880717516446
9.27,0.1558796327297768
9.28,0.155921189868777
9.290000000000001,0.15596347859216506
9.3,0.15600649889994095
9.31,0.1560502507921047
9.32,0.15609473426865625
9.33,0.15613994932959568
9.34,0.15618577429120545
9.35,0.15623190406950999
9.36,0.15627833866450927
9.370000000000001,0.15632510084891835
9.38,0.15637236173065464
9.39,0.1564201213097181
9.4,0.15646837958610876
9.41,0.15651713655982663
9.42,0.1565663922308717
9.43,0.15661614659924394
9.44,0.1566663996649434
9.450000000000001,0.15671715142797002
9.46,0.15676826284201256
9.47,0.15681956813668751
9.48,0.15687106149574329
9.49,0.15692266894959897
9.5,0.1569743904982545
9.51,0.15702622614170997
9.52,0.15707817587996525
9.53,0.15713023971302048
9.540000000000001,0.15718241764087557
9.55,0.15723470966353054
9.56,0.1572871157809854
9.57,0.15733961322052514
9.58,0.15739203087423234
9.59,0.15744436874210704
9.6,0.15749664299515734
9.61,0.15754887115166646
9.620000000000001,0.1576010532116345
9.63,0.15765318917506138
9.64,0.15770527904194717
9.65,0.15775732281229188
9.66,0.15780932048609542
9.67,0.15786127206335782
9.68,0.1579131833603307
9.69,0.15796512834659496
9.700000000000001,0.15801710702215063
9.71,0.15806907734388237
9.72,0.1581207764653197
9.73,0.15817220438646243
9.74,0.15822336110731067
9.75,0.15827424662786446
9.76,0.15832486094812373
9.77,0.15837520406808853
9.78,0.1584252759877588
9.790000000000001,0.15847507670713457
9.8,0.15852459005520775
9.81,0.158573798513695
9.82,0.15862270208259638
9.83,0.15867130076191183
9.84,0.15871966544887214
9.85,0.15876782388473293
9.86,0.15881577606949415
9.870000000000001,0.15886352200315582
9.88,0.15891106168571795
9.89,0.15895839511718055
9.9,0.15900552229754358
9.91,0.1590524852699224
9.92,0.15909954688078756
9.93,0.1591467071301391
9.94,0.159193966017977
9.950000000000001,0.15924123728791728
9.96,0.15928842360220075
9.97,0.15933552496082734
9.98,0.15938254136379715
9.99,0.1594294728111101
10.0,0.1594763193027662
10.01,0.15952308083876549
10.02,0.1595697574191079
10.03,0.15961634904379354
10.040000000000001,0.1596627848155915
10.05,0.15970903699324632
10.06,0.15975505453077093
10.07,0.15980068211417991
10.08,0.15984591974347315
10.09,0.15989076741865071
10.1,0.15993522513971256
10.11,0.15997929290665874
10.120000000000001,0.16002297071948926
10.13,0.16006625857820406
10.14,0.16010915648280316
10.15,0.16015175068967052
10.16,0.16019413853656536
10.17,0.16023624082394045
10.18,0.1602776503444226
10.19,0.16031836709801178
10.200000000000001,0.16035839108470804
10.21,0.16039772230451138
10.22,0.1604363607574218
10.23,0.16047430644343924
10.24,0.16051155936256378
10.25,0.16054811951479536
10.26,0.160584037946121
10.27,0.16061946997052617
10.28,0.16065441558801094
10.290000000000001,0.16068834367155088
10.3,0.1607210905608712
10.31,0.16075265625597177
10.32,0.16078304075685268
10.33,0.1608122440635139
10.34,0.16084026617595545
10.35,0.16086710709417734
10.36,0.16089276681817952
10.370000000000001,0.16091732454750932
10.38,0.16094118748953987
10.39,0.1609643556442712
10.4,0.1609868290117033
10.41,0.16100776816146647
10.42,0.16102716267105002
10.43,0.16104501254045395
10.44,0.16106131776967822
10.450000000000001,0.1610760783587229
10.46,0.16108929430758792
10.47,0.16110096561627335
10.48,0.1611110922847791
10.49,0.1611202054401296
10.5,0.1611284687425997
10.51,0.16113588219218944
10.52,0.16114148210494675
10.53,0.16114514556453877
10.540000000000001,0.1611468725709655
10.55,0.16114666312422693
10.56,0.16114451722432305
10.57,0.1611404348712539
10.58,0.16113441606501946
10.59,0.1611264608056197
10.6,0.16111656909305466
10.61,0.16110558035769396
10.620000000000001,0.1610935050220484
10.63,0.1610793152907906
10.64,0.16106274653501934
10.65,0.16104379875473465
10.66,0.16102247194993652
10.67,0.16099876612062497
10.68,0.16097268126679995
10.69,0.16094421738846149
10.700000000000001,0.16091337448560958
10.71,0.16088015255824425
10.72,0.1608455152903175
10.73,0.16080958559816222
10.74,0.16077129519269703
10.75,0.16073060256918698
10.76,0.16068750772763202
10.77,0.16064201066803213
10.78,0.1605941113903874
10.790000000000001,0.16054380989469774
10.8,0.1604911061809632
10.81,0.16043600024918375
10.82,0.1603784920993594
10.83,0.16031960952681745
10.84,0.16025961716045917
10.85,0.16019808813912237
10.86,0.16013400981510556
10.870000000000001,0.1600673821884087
10.88,0.15999820525903186
10.89,0.15992647902697493
10.9,0.159852203492238
10.91,0.15977537865482105
10.92,0.15969600451472407
10.93,0.15961408107194708
10.94,0.15953067661557135
10.950000000000001,0.15944583265033202
10.96,0.159359549176229
10.97,0.15927066229991138
10.98,0.15917896928307673
10.99,0.159084470125725
11.0,0.15898716482785624
11.01,0.1588870533894704
11.02,0.15878413581056755
11.03,0.1586784120911476
11.040000000000001,0.15856988223121063
11.05,0.1584589730919187
11.06,0.15834669732097334
11.07,0.15823305491837467
11.08,0.15811779305295498
11.09,0.15800045215714228
11.1,0.15788103223093655
11.11,0.15775953327433778
11.120000000000001,0.157635955287346
11.13,0.15751029826996116
11.14,0.1573825622221833
11.15,0.15725274714401238
11.16,0.15712085303544848
11.17,0.1569880437898424
11.18,0.15685452214549672
11.19,0.1567202881024114
11.200000000000001,0.1565853416605864
11.21,0.15644888985253652
11.22,0.15631070925675053
11.23,0.1561707998732285
11.24,0.15602916170197031
11.25,0.15588579474297606
11.26,0.15574069899624574
11.27,0.1555938744617793
11.28,0.15544557397074438
11.290000000000001,0.15529625709071299
11.3,0.15514592382168516
11.31,0.1549945741636609
11.32,0.15484220811664015
11.33,0.154688825680623
11.34,0.1545339732633877
11.35,0.15437761167179245
11.36,0.15421974090583723
11.370000000000001,0.1540603609655221
11.38,0.15389947185084699
11.39,0.1537370735618119
11.4,0.15357316609841687
11.41,0.15340854242814717
11.42,0.15324342597251397
11.43,0.15307781673151724
11.44,0.15291171470515702
11.450000000000001,0.15274511989343326
11.46,0.15257803229634603
11.47,0.15241005581078151
11.48,0.152239238510773
11.49,0.15206558039632054
11.5,0.15188908146742408
11.51,0.15170974172408364
11.52,0.1515275611662992
11.53,0.15134253979407078
11.540000000000001,0.15115513119962007
11.55,0.15096537457608888
11.56,0.1507732699234772
11.57,0.15057881724178507
11.58,0.15038201653101244
11.59,0.15018263401927884
11.6,0.149979953528018
11.61,0.1497739750572299
11.620000000000001,0.14956469860691454
11.63,0.14935212417707197
11.64,0.14913625176770215
11.65,0.1489170813788051
11.66,0.14869461301038078
11.67,0.14846924276554302
11.68,0.14824292257025845
11.69,0.14801565242452716
11.700000000000001,0.14778743232834907
11.71,0.14755709289787036
11.72,0.1473228623211643
11.73,0.1470847405982309
11.74,0.14684272772907017
11.75,0.1465968237136821
11.76,0.14634702855206674
11.77,0.14609334224422402
11.78,0.14583576479015398
11.790000000000001,0.1455745299617371
11.8,0.14531035393753966
11.81,0.14504395769892942
11.82,0.14477663494995668
11.83,0.14450838569062138
11.84,0.1442392099209236
11.85,0.1439691076408633
11.86,0.14369807885044047
11.870000000000001,0.14342612354965512
11.88,0.14315324173850727
11.89,0.14287943341699688
11.9,0.14260469858512398
11.91,0.14233020662674245
11.92,0.14205772935377897
11.93,0.14178698083662047
11.94,0.1415172944246908
11.950000000000001,0.14124867011799003
11.96,0.14098110791651813
11.97,0.1407146078202751
11.98,0.14044916982926095
11.99,0.14018479394347566
12.0,0.13992148016291928
12.01,0.139658507506224
12.02,0.1393945822693395
12.030000000000001,0.13912970445226588
12.040000000000001,0.13886387405500308
12.05,0.13859828853254397
12.06,0.1383330988296064
12.07,0.13806830494619038
12.08,0.1378039068822959
12.09,0.13753990463792298
12.1,0.1372762982130716
12.11,0.13701308760774178
12.120000000000001,0.13675027282193347
12.13,0.13648813978525984
12.14,0.13622735514829692
12.15,0.13596791891104476
12.16,0.13570983107350326
12.17,0.13545307196783993
12.18,0.135197586502705
12.19,0.13494337467809844
12.200000000000001,0.1346904364940203
12.21,0.13443877195047052
12.22,0.13418838104744915
12.23,0.13393926378495613
12.24,0.13369142016299154
12.25,0.13344365272656247
12.26,0.13319581053095106
12.27,0.13294789357615733
12.280000000000001,0.13269990186218122
12.290000000000001,0.13245183538902286
12.3,0.1322048406612762
12.31,0.13195891828587797
12.32,0.13171406826282822
12.33,0.13147029059212686
12.34,0.131227585273774
12.35,0.13098595230776955
12.36,0.13074539169411356
12.370000000000001,0.13050592310063863
12.38,0.13026760161869444
12.39,0.130030427248281
12.4,0.1297943999893984
12.41,0.12955951984204656
12.42,0.12932589501248223
12.43,0.129094621161919
12.44,0.12886569829035682
12.450000000000001,0.1286391263977957
12.46,0.12841490548423568
12.47,0.12819303554967668
12.48,0.1279735165941188
12.49,0.12775634861756197
12.5,0.12754038511541213
12.51,0.12732562548073262
12.52,0.12711206971352337
12.530000000000001,0.12689971781378445
12.540000000000001,0.1266885697815158
12.55,0.12647862561671744
12.56,0.12627050009029814
12.57,0.12606454771139405
12.58,0.12586076848000524
12.59,0.12565916239613167
12.6,0.12545972945977332
12.61,0.12526246967093022
12.620000000000001,0.12506727482334562
12.63,0.12487304925580593
12.64,0.12467979296831122
12.65,0.12448750596086147
12.66,0.12429618823345664
12.67,0.12410583978609677
12.68,0.12391646061878184
12.69,0.12372805073151187
12.700000000000001,0.12354103431501447
12.71,0.12335541437100006
12.72,0.12317119089946864
12.73,0.12298836390042019
12.74,0.1228069333738547
12.75,0.12262689931977222
12.76,0.12244764696726396
12.77,0.12226882180719371
12.780000000000001,0.12209042383956152
12.790000000000001,0.12191245306436733
12.8,0.12173490948161121
12.81,0.12155779309129311
12.82,0.12138110389341306
12.83,0.12120566286184171
12.84,0.12103149138724725
12.85,0.12085858946962964
12.86,0.12068695710898891
12.870000000000001,0.12051659430532506
12.88,0.12034750105863809
12.89,0.12017967736892796
12.9,0.12001269904546708
12.91,0.11984656308654504
12.92,0.11968126949216185
12.93,0.11951681826231746
12.94,0.11935320939701195
12.950000000000001,0.11919044289624525
12.96,0.11902913583110353
12.97,0.1188693240037868
12.98,0.11871100741429501
12.99,0.1185541860626282
13.0,0.11839885994878632
13.01,0.11824502907276942
13.02,0.11809269343457747
13.030000000000001,0.11794103206033979
13.040000000000001,0.11779002355938824
13.05,0.1176396679317228
13.06,0.11748996517734352
13.07,0.11734091529625032
13.08,0.11719254451310979
13.09,0.11704495861987854
13.1,0.11689815761655653
13.11,0.11675214150314377
13.120000000000001,0.11660691027964028
13.13,0.11646246394604606
13.14,0.11631880250236108
13.15,0.11617592594858539
13.16,0.1160332172136328
13.17,0.11589064049530336
13.18,0.11574819579359703
13.19,0.11560588310851386
13.200000000000001,0.11546410686909765
13.21,0.11532307341952179
13.22,0.11518278275978629
13.23,0.11504323488989114
13.24,0.11490442980983635
13.25,0.11476636751962192
13.26,0.11462904801924782
13.27,0.11449247130871412
13.280000000000001,0.11435661116335423
13.290000000000001,0.11422136179121153
13.3,0.11408672319228608
13.31,0.11395327535034368
13.32,0.11382145063700395
13.33,0.11369124905226694
13.34,0.1135626705961326
13.35,0.11343571526860097
13.36,0.11331038306967205
13.370000000000001,0.11318667399934579
13.38,0.11306458805762225
13.39,0.11294412524450141
13.4,0.11282488113093943
13.41,0.11270664937276295
13.42,0.11258956527956523
13.43,0.11247419197044269
13.44,0.11236052944539529
13.450000000000001,0.11224857770442306
13.46,0.112138336747526
13.47,0.11202980657470411
13.48,0.11192298718595736
13.49,0.1118178785812858
13.5,0.11171448076068938
13.51,0.11161221374040231
13.52,0.1115106451488049
13.530000000000001,0.11140987497279431
13.540000000000001,0.11131065776102049
13.55,0.11121299351348342
13.56,0.1111168822301831
13.57,0.11102232391111957
13.58,0.11092931855629277
13.59,0.11083786616570276
13.6,0.11074796673934953
13.61,0.11065962027723301
13.620000000000001,0.11057269146975998
13.63,0.11048661719783404
13.64,0.11040139746145516
13.65,0.11031783336737515
13.66,0.11023596947099593
13.67,0.11015580577231746
13.68,0.11007734227133974
13.69,0.11000057896806278
13.700000000000001,0.10992551586248664
13.71,0.10985215295461122
13.72,0.10978049024443659
13.73,0.10971042774506559
13.74,0.10964121090784829
13.75,0.10957283973278469
13.76,0.10950578706309219
13.77,0.10944040798913472
13.780000000000001,0.10937670251091225
13.790000000000001,0.10931467062842473
13.8,0.1092543123416722
13.81,0.10919562765065471
13.82,0.10913861655537216
13.83,0.10908327905582463
13.84,0.10902961515201208
13.85,0.10897682373718273
13.86,0.1089248602559347
13.870000000000001,0.10887372470826795
13.88,0.10882390254208622
13.89,0.10877552483644692
13.9,0.10872859159135
13.91,0.10868310280679547
13.92,0.10863905848278335
13.93,0.10859645861931362
13.94,0.10855530321638626
13.950000000000001,0.10851559227400134
13.96,0.10847685294894134
13.97,0.10843873015084242
13.98,0.1084012238797046
13.99,0.10836477120172756
14.0,0.10832967244636094
14.01,0.10829592761360467
14.02,0.10826353670345883
14.030000000000001,0.10823249971592339
14.040000000000001,0.10820281665099833
14.05,0.10817448750868368
14.06,0.10814751228897942
14.07,0.10812189099188559
14.08,0.10809713816949842
14.09,0.10807312274276056
14.1,0.10804984471167198
14.11,0.10802793528699337
14.120000000000001,0.10800742862935779
14.13,0.10798832473876527
14.14,0.10797062361521581
14.15,0.1079543252587094
14.16,0.10793942966924604
14.17,0.10792593684682572
14.18,0.10791384679144848
14.19,0.10790272243691461
14.200000000000001,0.10789226345377448
14.21,0.1078824698420281
14.22,0.10787334160167547
14.23,0.10786495696567348
14.24,0.10785779573542145
14.25,0.1078518579109193
14.26,0.10784714349216706
14.27,0.10784365247916475
14.280000000000001,0.10784138487191233
14.290000000000001,0.10784034067040982
14.3,0.10784051987465723
14.31,0.10784129127389393
14.32,0.10784262070748676
14.33,0.10784450817543578
14.34,0.10784695367774097
14.35,0.10784995721440231
14.36,0.10785370286825877
14.370000000000001,0.1078586525955908
14.38,0.1078648063963984
14.39,0.10787216427068158
14.4,0.10788072621844039
14.41,0.10789049223967476
14.42,0.10790146233438469
14.43,0.10791355826961335
14.44,0.1079263002439614
14.450000000000001,0.10793968825742888
14.46,0.10795372231001577
14.47,0.10796840240172209
14.48,0.10798423542400522
14.49,0.10800126612576547
14.5,0.10801949450700281
14.51,0.10803892056771731
14.52,0.10805954430790891
14.530000000000001,0.10808136572757765
14.540000000000001,0.10810438482672349
14.55,0.10812860160534647
14.56,0.10815383198060764
14.57,0.10817961399622651
14.58,0.10820594765220308
14.59,0.10823300828927654
14.6,0.10826099453041875
14.61,0.10828990637562977
14.620000000000001,0.10831974382490957
14.63,0.10835050687825813
14.64,0.10838219553567549
14.65,0.10841480979716164
14.66,0.10844834966271658
14.67,0.10848281513234029
14.68,0.1085176993145754
14.69,0.1085529574605216
14.700000000000001,0.10858858957017889
14.71,0.10862469838155069
14.72,0.10866196033547981
14.73,0.10870037543196627
14.74,0.10873994367101003
14.75,0.10878066505261112
14.76,0.10882253957676953
14.77,0.10886556724348526
14.780000000000001,0.10890974805275833
14.790000000000001,0.10895490666384952
14.8,0.10900084445378695
14.81,0.10904756142257063
14.82,0.10909525673549517
14.83,0.10914446183587356
14.84,0.10919517672370586
14.85,0.10924740139899206
14.86,0.10930113586173215
14.870000000000001,0.10935638011192612
14.88,0.10941313414957402
14.89,0.10947139797467578
14.9,0.10953117158723144
14.91,0.10959235224923755
14.92,0.10965417377033856
14.93,0.10971630234450795
14.94,0.10977873797174573
14.950000000000001,0.10984148065205188
14.96,0.10990453038542643
14.97,0.10996788717186934
14.98,0.11003155101138065
14.99,0.1100955219039603
15.0,0.1101597998496084
15.01,0.11022438484832482
15.02,0.11028907773481504
15.030000000000001,0.11035334706576598
15.040000000000001,0.11041719284117765
15.05,0.11048067581089768
15.06,0.11054409004620502
15.07,0.1106074355470997
15.08,0.11067071231358172
15.09,0.11073392034565106
15.1,0.11079705964330774
15.11,0.11086013020655176
15.120000000000001,0.11092322178489589
15.13,0.1109866681843666
15.14,0.11105046940496392
15.15,0.11111462544668786
15.16,0.11117913630953839
15.17,0.11124400199351554
15.18,0.11130930674998177
15.19,0.11137535821424464
15.200000000000001,0.11144215638630409
15.21,0.11150970126616018
15.22,0.11157799285381284
15.23,0.11164703114926215
15.24,0.11171681615250806
15.25,0.11178728711370296
15.26,0.11185814996156787
15.27,0.11192940469610277
15.280000000000001,0.11200105131730768
15.290000000000001,0.11207308982518263
15.3,0.11214552021972753
15.31,0.11221861035226874
15.32,0.11229256768784952
15.33,0.11236739222646988
15.34,0.11244308396812978
15.35,0.11251964291282926
15.36,0.11259706906056832
15.370000000000001,0.11267536241134694
15.38,0.11275443871380267
15.39,0.1128339903326279
15.4,0.11291401726782276
15.41,0.11299451951938715
15.42,0.11307549708732112
15.43,0.11315690544785287
15.44,0.1132387001496008
15.450000000000001,0.11332088119256493
15.46,0.11340344857674527
15.47,0.1134864023021418
15.48,0.11356974236875453
15.49,0.11365346877658342
15.5,0.11373758152562854
15.51,0.11382181276456356
15.52,0.11390595502834522
15.530000000000001,0.1139900083169735
15.540000000000001,0.11407397263044843
15.55,0.11415784796876997
15.56,0.11424179817519604
15.57,0.11432603907253398
15.58,0.11441057066078382
15.59,0.11449539293994551
15.6,0.11458050591001909
15.610000000000001,0.11466590957100453
15.620000000000001,0.11475160392290187
15.63,0.11483763348948287
15.64,0.11492404272212911
15.65,0.11501083162084058
15.66,0.1150980001856173
15.67,0.11518554841645927
15.68,0.11527347631336651
15.69,0.11536189613523148
15.700000000000001,0.1154508265893726
15.71,0.11554026767578984
15.72,0.11563021939448317
15.73,0.11572068174545262
15.74,0.11581165472869819
15.75,0.11590313834421986
15.76,0.11599496874875974
15.77,0.11608693011951052
15.780000000000001,0.11617902245647213
15.790000000000001,0.11627124575964465
15.8,0.11636360002902799
15.81,0.11645606472001839
15.82,0.11654850824241261
15.83,0.11664093059621061
15.84,0.11673333178141243
15.85,0.11682571179801807
15.860000000000001,0.11691807064602751
15.870000000000001,0.11701040832544077
15.88,0.11710272483625783
15.89,0.11719490791958617
15.9,0.11728693886810745
15.91,0.11737881768182168
15.92,0.11747054436072886
15.93,0.11756211890482897
15.94,0.11765354131412205
15.950000000000001,0.11774484225165413
15.96,0.11783604694728922
15.97,0.11792715540102727
15.98,0.11801816761286832
15.99,0.11810908358281236
16.0,0.11819990331085942
16.01,0.11829064734161325
16.02,0.11838144726527715
16.03,0.11847230308185111
16.04,0.1185632147913351
16.05,0.11865418239372913
16.06,0.11874520588903321
16.07,0.11883628527724736
16.080000000000002,0.11892742055837151
16.09,0.11901885627906761
16.1,0.11911066353910446
16.11,0.11920284233848208
16.12,0.11929539267720049
16.13,0.11938831455525967
16.14,0.11948160797265958
16.15,0.11957524226635421
16.16,0.11966919220647958
16.17,0.11976345779303565
16.18,0.11985803902602246
16.19,0.11995293590544001
16.2,0.12004814843128823
16.21,0.12014367660356724
16.22,0.12023952584450212
16.23,0.12033569937727011
16.240000000000002,0.12043219720187122
16.25,0.12052901931830542
16.26,0.12062616572657273
16.27,0.1207236364266731
16.28,0.12082143141860661
16.29,0.12091930615571136
16.3,0.12101718953821847
16.31,0.12111508156612796
16.32,0.12121298223943984
16.330000000000002,0.12131089155815407
16.34,0.12140880952227069
16.35,0.12150695172834122
16.36,0.12160581096947523
16.37,0.1217053872456727
16.38,0.12180568055693367
16.39,0.12190669090325808
16.4,0.122008418284646
16.41,0.12211086270109735
16.42,0.12221401873038698
16.43,0.12231788314933774
16.44,0.12242245595794957
16.45,0.12252773715622248
16.46,0.12263372674415651
16.47,0.12274066861192612
16.48,0.12284876785203509
16.490000000000002,0.12295802446448338
16.5,0.123068438449271
16.51,0.12318000980639796
16.52,0.12329273853586424
16.53,0.12340662463766985
16.54,0.1235216681118148
16.55,0.12363765336174755
16.56,0.1237540875943585
16.57,0.12387097080964773
16.580000000000002,0.12398826677624383
16.59,0.124105949856634
16.6,0.12422402005081826
16.61,0.12434247735879658
16.62,0.12446132178056901
16.63,0.12458055331613549
16.64,0.12470017196549607
16.65,0.12482017772865073
16.66,0.12494057060559945
16.67,0.12506110670616777
16.68,0.1251815809378519
16.69,0.1253019504250425
16.7,0.12542216994121275
16.71,0.12554223948636267
16.72,0.12566215906049222
16.73,0.1257819286636015
16.740000000000002,0.1259015482956904
16.75,0.12602101795675896
16.76,0.12614033764680715
16.77,0.12625950736583508
16.78,0.12637856334521397
16.79,0.12649753122245666
16.8,0.1266163914754635
16.81,0.12673507892150582
16.82,0.12685359356058354
16.830000000000002,0.12697193539269672
16.84,0.12709010441784532
16.85,0.1272081006360294
16.86,0.12732592404724888
16.87,0.1274435746515038
16.88,0.12756105244879415
16.89,0.12767840031472935
16.9,0.12779566347583615
16.91,0.12791284193211458
16.92,0.12802978331560472
16.93,0.12814646152922007
16.94,0.12826287657296062
16.95,0.12837902844682636
16.96,0.12849491715081732
16.97,0.12861054268493347
16.98,0.1287259050491748
16.990000000000002,0.12884100424354136
17.0,0.1289558597901328
17.01,0.12907053687167783
17.02,0.12918503548817642
17.03,0.12929933600158755
17.04,0.12941335743621377
17.05,0.12952709979205498
17.06,0.12964056306911126
17.07,0.1297537472673826
17.080000000000002,0.12986665238686895
17.09,0.12997927842757034
17.1,0.13009162538948676
17.11,0.13020369327261827
17.12,0.13031563444492472
17.13,0.1304274750034926
17.14,0.13053921494832194
17.150000000000002,0.1306508319053254
17.16,0.13076229694719593
17.17,0.1308736100739336
17.18,0.1309847712855384
17.19,0.1310957805820103
17.2,0.13120663796334936
17.21,0.13131734342955548
17.22,0.1314278969806287
17.23,0.13153831825461013
17.240000000000002,0.13164868822719716
17.25,0.13175900689838987
17.26,0.13186927426818823
17.27,0.1319795721950291
17.28,0.13208993429778765
17.29,0.13220036057646392
17.3,0.13231085103105794
17.31,0.13242140566156962
17.32,0.132532024467999
17.330000000000002,0.1326427074503461
17.34,0.13275345460861093
17.35,0.13286428831688085
17.36,0.1329752375024628
17.37,0.1330863021653568
17.38,0.13319737418279065
17.39,0.13330828390155713
17.400000000000002,0.13341903132165625
17.41,0.133529616443088
17.42,0.1336400392658524
17.43,0.13375029978994948
17.44,0.1338603980153792
17.45,0.13397033394214153
17.46,0.13408010757023653
17.47,0.1341896370412273
17.48,0.1342988887362387
17.490000000000002,0.13440786265527066
17.5,0.1345167093496749
17.51,0.13462549950557798
17.52,0.13473423312297986
17.53,0.1348429102018805
17.54,0.13495153074227992
17.55,0.13506009474417816
17.56,0.13516860220757515
17.57,0.135277053132471
17.580000000000002,0.1353855556416378
17.59,0.1354942793882828
17.6,0.13560322437240602
17.61,0.13571209808814824
17.62,0.13582074664010088
17.63,0.13592917002826396
17.64,0.13603736825263749
17.650000000000002,0.13614534131322142
17.66,0.1362530892100158
17.67,0.1363606119430206
17.68,0.13646790951223584
17.69,0.13657498191766151
17.7,0.1366816786079459
17.71,0.1367879288969625
17.72,0.13689373278471134
17.73,0.13699952438583912
17.740000000000002,0.13710533906017766
17.75,0.13721117680772693
17.76,0.13731703762848696
17.77,0.13742292152245775
17.78,0.13752882848963927
17.79,0.13763475853003154
17.8,0.1377407116436346
17.81,0.13784698033630757
17.82,0.13795371850345908
17.830000000000002,0.13806067871411684
17.84,0.13816754498795775
17.85,0.13827431732498174
17.86,0.13838099572518892
17.87,0.13848758018857918
17.88,0.13859407071515262
17.89,0.13870046730490918
17.900000000000002,0.13880676995784888
17.91,0.1389129786739717
17.92,0.13901909345327768
17.93,0.13912468018112006
17.94,0.1392297064691883
17.95,0.13933420610956515
17.96,0.1394381791022506
17.97,0.13954162544724463
17.98,0.13964454514454727
17.990000000000002,0.13974693819415854
18.0,0.13984880459607835
18.01,0.13995014435030678
18.02,0.14005095745684384
18.03,0.14015149134666172
18.04,0.1402520620000836
18.05,0.14035262280478056
18.06,0.14045285311002806
18.07,0.14055275291582622
18.080000000000002,0.140652322222175
18.09,0.14075156102907432
18.1,0.1408504693365243
18.11,0.14094904714452486
18.12,0.141047294453076
18.13,0.14114521126217783
18.14,0.14124279460030897
18.150000000000002,0.14134001067538676
18.16,0.14143685948741114
18.17,0.14153302213945035
18.18,0.14162834568047927
18.19,0.14172283011049783
18.2,0.1418164754295061
18.21,0.141909281637504
18.22,0.1420012487344916
18.23,0.14209237672046887
18.240000000000002,0.14218266559543585
18.25,0.1422721619717214
18.26,0.14236118650005003
18.27,0.14244973918042173
18.28,0.14253782001283644
18.29,0.14262546832913173
18.3,0.14271275390527868
18.31,0.14279967674127733
18.32,0.1428862368371277
18.330000000000002,0.1429724341928297
18.34,0.1430582688083834
18.35,0.14314374068378882
18.36,0.14322884981904588
18.37,0.14331391511108643
18.38,0.1433990895109356
18.39,0.1434843730185934
18.400000000000002,0.14356976563405982
18.41,0.14365493638327137
18.42,0.14373979104182197
18.43,0.14382432960971164
18.44,0.14390855208694034
18.45,0.14399245847350806
18.46,0.14407604876941488
18.47,0.14415932297466072
18.48,0.1442422810892456
18.490000000000002,0.1443248837813321
18.5,0.14440706127494898
18.51,0.1444888135700963
18.52,0.144570140666774
18.53,0.14465103420560377
18.54,0.14473148212136858
18.55,0.14481148441406838
18.56,0.14489104108370326
18.57,0.1449701521302732
18.580000000000002,0.1450488175537782
18.59,0.14512703735421822
18.6,0.14520481153159326
18.61,0.1452824710599669
18.62,0.14536011016374512
18.63,0.14543772884292794
18.64,0.1455153270975154
18.650000000000002,0.14559290543822942
18.66,0.14567046445424064
18.67,0.14574800414554914
18.68,0.14582552451215486
18.69,0.14590302555405774
18.7,0.1459805072712579
18.71,0.14605796966375523
18.72,0.14613541273154984
18.73,0.14621284483402006
18.740000000000002,0.1462902780363829
18.75,0.1463677123386383
18.76,0.14644513885697114
18.77,0.14652209926498933
18.78,0.14659859356269292
18.79,0.1466746217500819
18.8,0.14675018382715624
18.81,0.14682527979391596
18.82,0.1468999096503611
18.830000000000002,0.1469740733964916
18.84,0.14704777103230748
18.85,0.14712100204708684
18.86,0.14719376585165894
18.87,0.14726606244602383
18.88,0.14733789183018148
18.89,0.1474092001069811
18.900000000000002,0.1474799472983078
18.91,0.1475501334041615
18.92,0.14761975842454228
18.93,0.14768882235945008
18.94,0.1477573252088849
18.95,0.14782526697284676
18.96,0.14789265653515088
18.97,0.14795995222218924
18.98,0.14802715403396188
18.990000000000002,0.14809426197046877
19.0,0.14816127603170995
19.01,0.14822813963547324
19.02,0.14829475626031435
19.03,0.14836112590623324
19.04,0.1484272485732299
19.05,0.14849312426130437
19.06,0.14855875297045662
19.07,0.14862413470068664
19.080000000000002,0.1486892694519945
19.09,0.14875421112153092
19.1,0.14881899968741089
19.11,0.14888363514963437
19.12,0.14894811750820136
19.13,0.14901238437920977
19.14,0.14907618201443246
19.150000000000002,0.14913951041386944
19.16,0.14920236957752064
19.17,0.14926475950538612
19.18,0.14932668019746587
19.19,0.14938813165375986
19.2,0.14944911387426812
19.21,0.14950968344120277
19.22,0.14956993687600814
19.23,0.14962987417868426
19.240000000000002,0.1496894953492311
19.25,0.14974880038764868
19.26,0.14980770845272912
19.27,0.14986607987239214
19.28,0.1499239146466377
19.29,0.1499812127754658
19.3,0.1500379742588765
19.31,0.15009419909686972
19.32,0.1501498872894455
19.330000000000002,0.15020510122050595
19.34,0.15026009463827822
19.35,0.1503148675427623
19.36,0.15036941993395822
19.37,0.15042375181186596
19.38,0.15047786317648554
19.39,0.15053173593780692
19.400000000000002,0.15058530134585843
19.41,0.15063855940064014
19.42,0.15069151010215193
19.43,0.1507441534503939
19.44,0.15079648944536606
19.45,0.1508485180870683
19.46,0.15090032021670863
19.47,0.15095203550636724
19.48,0.15100366395604417
19.490000000000002,0.15105520556573943
19.5,0.15110666033545303
19.51,0.15115802826518496
19.52,0.1512093306651405
19.53,0.15126060382786108
19.54,0.15131184775334675
19.55,0.15136306244159745
19.56,0.15141424789261324
19.57,0.15146540410639409
19.580000000000002,0.15151653108293997
19.59,0.15156764691226093
19.6,0.1516188203443286
19.61,0.15167005137914305
19.62,0.1517213400167042
19.63,0.1517726862570121
19.64,0.15182395958464548
19.650000000000002,0.15187505668074655
19.66,0.15192597754531534
19.67,0.15197672217835184
19.68,0.15202729057985606
19.69,0.15207768274982797
19.7,0.15212789868826762
19.71,0.15217793839517496
19.72,0.15222778056034475
19.73,0.1522773888912355
19.740000000000002,0.15232676338784723
19.75,0.15237590405017995
19.76,0.15242476947739925
19.77,0.1524732899524561
19.78,0.15252146547535048
19.79,0.1525692960460824
19.8,0.15261678166465187
19.81,0.15266392233105885
19.82,0.1527107180453034
19.830000000000002,0.15275716880738546
19.84,0.1528034051327263
19.85,0.15284953034018373
19.86,0.1528955444297577
19.87,0.15294144740144824
19.88,0.1529871890640194
19.89,0.1530326934248077
19.900000000000002,0.15307796048381309
19.91,0.15312299024103557
19.92,0.15316778269647519
19.93,0.1532123378501319
19.94,0.1532566557020057
19.95,0.15330073625209664
19.96,0.15334462090123907
19.97,0.15338837936648203
19.98,0.15343201164782555
19.990000000000002,0.15347551774526963
20.0,0.1535186805514099
20.01,0.15356131867039285
20.02,0.1536034321022184
20.03,0.15364502084688655
20.04,0.15368608490439734
20.05,0.15372662427475073
20.06,0.15376663895794673
20.07,0.15380612895398538
20.080000000000002,0.15384514445410252
20.09,0.15388376145096178
20.1,0.15392197994456305
20.11,0.15395979993490644
20.12,0.15399722142199185
20.13,0.1540342444058193
20.14,0.1540709132575163
20.150000000000002,0.15410723092953962
20.16,0.1541431974218893
20.17,0.15417881273456538
20.18,0.15421407686756783
20.19,0.1542489898208966
20.2,0.1542837687019561
20.21,0.15431859490659988
20.22,0.15435346843482795
20.23,0.1543883892866403
20.240000000000002,0.154423357462037
20.25,0.154458372961018
20.26,0.15449338965952586
20.27,0.1545283781563774
20.28,0.1545633384515727
20.29,0.1545982705451117
20.3,0.1546331744369944
20.31,0.1546680501272208
20.32,0.15470289761579098
20.330000000000002,0.15473771690270482
20.34,0.15477246361683497
20.35,0.15480713480572456
20.36,0.15484173046937352
20.37,0.15487625060778193
20.38,0.15491056672985648
20.39,0.15494460648149835
20.400000000000002,0.15497836986270752
20.41,0.155011856873484
20.42,0.1550450675138278
20.43,0.15507800178373893
20.44,0.1551106596832173
20.45,0.15514304121226302
20.46,0.1551751924949335
20.47,0.1552071429324119
20.48,0.15523889252469816
20.490000000000002,0.15527044127179232
20.5,0.15530178883361284
20.51,0.15533292092087603
20.52,0.1553638375335818
20.53,0.15539453867173023
20.54,0.1554250243353213
20.55,0.15545529452435497
20.56,0.15548534923883134
20.57,0.1555151884787503
20.580000000000002,0.15554494073520508
20.59,0.15557467836229466
20.6,0.15560440136001896
20.61,0.155634109728378
20.62,0.15566378983237672
20.63,0.15569338190824494
20.64,0.15572288595598266
20.650000000000002,0.1557523019755899
20.66,0.15578162996706663
20.67,0.15581086993041282
20.68,0.15584002186562854
20.69,0.1558690857727137
20.7,0.15589806199174994
20.71,0.15592696481202092
20.72,0.15595579423352665
20.73,0.15598455025626717
20.740000000000002,0.15601313053977378
20.75,0.15604146996626472
20.76,0.15606956853574
20.77,0.1560974262481996
20.78,0.15612504310364356
20.79,0.1561524191020718
20.8,0.15617955424348443
20.81,0.15620644852788135
20.82,0.15623311559025763
20.830000000000002,0.1562596151943835
20.84,0.1562859473402589
20.85,0.15631211202788392
20.86,0.15633804726293715
20.87,0.1563636557743972
20.88,0.15638893756226407
20.89,0.15641389262653782
20.900000000000002,0.1564385209672184
20.91,0.15646282258430574
20.92,0.15648679747779998
20.93,0.15651044564770103
20.94,0.15653386943447756
20.95,0.15655713395591137
20.96,0.15658023921200243
20.97,0.15660318520275074
20.98,0.15662597192815633
20.990000000000002,0.1566485504557588
21.0,0.15667081980455105
21.01,0.15669277997453307
21.02,0.15671443096570492
21.03,0.15673577277806655
21.04,0.15675680541161793
21.05,0.15677752886635915
21.06,0.15679800513661152
21.07,0.15681833149339636
21.080000000000002,0.15683850793671378
21.09,0.15685853446656367
21.1,0.15687841108294612
21.11,0.1568981377858611
21.12,0.15691771457530862
21.13,0.1569371375269883
21.14,0.15695638851003213
21.150000000000002,0.1569754675244402
21.16,0.15699437457021242
21.17,0.1570131096473488
21.18,0.1570316727558494
21.19,0.15705011282817455
21.2,0.15706853084533134
21.21,0.15708692680731978
21.22,0.15710530071413992
21.23,0.15712365256579167
21.240000000000002,0.1571419823622751
21.25,0.15716029010359017
21.26,0.15717857578973687
21.27,0.15719679269473272
21.28,0.1572149146406498
21.29,0.15723294162748808
21.3,0.1572508736552476
21.31,0.1572687107239283
21.32,0.15728645283353024
21.330000000000002,0.15730410390835378
21.34,0.1573216820792669
21.35,0.15733918734626956
21.36,0.1573566197093618
21.37,0.1573739791685436
21.38,0.15739126572381495
21.39,0.1574084793751759
21.400000000000002,0.1574256201226264
21.41,0.157442674224371
21.42,0.15745963949955236
21.43,0.1574765159481705
21.44,0.15749330357022542
21.45,0.15751000236571713
21.46,0.15752661233464563
21.47,0.15754318020299343
21.48,0.15755973214868846
21.490000000000002,0.1575762681717307
21.5,0.15759278827212017
21.51,0.15760929244985683
21.52,0.15762578070494077
21.53,0.15764225303737187
21.54,0.15765868212393694
21.55,0.15767505628281564
21.56,0.15769137551400797
21.57,0.1577076398175139
21.580000000000002,0.15772384919333343
21.59,0.15774000364146662
21.6,0.15775610316191344
21.61,0.15777216149646936
21.62,0.1577881808259917
21.63,0.15780416115048043
21.64,0.15782010246993555
21.650000000000002,0.1578360047843571
21.66,0.15785186809374507
21.67,0.157867583298199
21.68,0.15788311181917744
21.69,0.15789845365668037
21.7,0.15791360881070776
21.71,0.1579285772812597
21.72,0.15794335906833612
21.73,0.15795795417193703
21.740000000000002,0.15797238991527568
21.75,0.15798667798017244
21.76,0.15800081836662727
21.77,0.15801481107464022
21.78,0.15802865610421124
21.79,0.15804235345534035
21.8,0.15805590312802756
21.81,0.15806930512227285
21.82,0.15808250530193999
21.830000000000002,0.15809548507770257
21.84,0.1581082444495606
21.85,0.15812078341751407
21.86,0.158133101981563
21.87,0.1581453092416078
21.88,0.15815744377618993
21.89,0.1581695055853094
21.900000000000002,0.15818149466896625
21.91,0.15819341102716045
21.92,0.158205254659892
21.93,0.15821702556716086
21.94,0.15822872374896713
21.95,0.15824034920531074
21.96,0.15825190193619168
21.97,0.15826338194161
21.98,0.15827485297228924
21.990000000000002,0.15828632409794194
22.0,0.1582977953185681
22.01,0.15830926663416772
22.02,0.158320792180877
22.03,0.1583323905480224
22.04,0.15834406173560386
22.05,0.15835580574362146
22.06,0.15836762257207512
22.07,0.15837951222096486
22.080000000000002,0.15839147469029075
22.09,0.1584035099800527
22.1,0.1584156180902508
22.11,0.15842779124281808
22.12,0.15844002697755838
22.13,0.15845232529447167
22.14,0.15846468619355797
22.150000000000002,0.1584771096748172
22.16,0.15848959573824947
22.17,0.1585021443838547
22.18,0.15851469186090933
22.19,0.15852722909970088
22.2,0.15853975610022927
22.21,0.15855227286249457
22.22,0.15856477938649677
22.23,0.15857726143325615
22.240000000000002,0.15858969506936574
22.25,0.1586020802948255
22.26,0.15861441710963545
22.27,0.1586267055137956
22.28,0.1586389455073059
22.29,0.15865113709016643
22.3,0.15866328026237714
22.31,0.15867538280200486
22.32,0.15868744716924593
22.330000000000002,0.15869947336410023
22.34,0.1587114613865679
22.35,0.1587233897765544
22.36,0.15873516552706984
22.37,0.1587467886381142
22.38,0.15875825910968744
22.39,0.15876957694178956
22.400000000000002,0.15878074213442064
22.41,0.1587917546875806
22.42,0.15880261460126946
22.43,0.1588133361144669
22.44,0.15882394316057996
22.45,0.15883443573960865
22.46,0.15884481385155294
22.47,0.1588550774964128
22.48,0.1588652266741883
22.490000000000002,0.15887525866348728
22.5,0.15888516769914673
22.51,0.15889495378116666
22.52,0.1589046169095471
22.53,0.15891415708428797
22.54,0.15892357430538934
22.55,0.15893289003294558
22.56,0.15894219727394668
22.57,0.15895149602839265
22.580000000000002,0.1589607862962835
22.59,0.15897006807761924
22.6,0.15897934137239983
22.61,0.1589886061806253
22.62,0.15899782475858915
22.63,0.15900696767345213
22.64,0.15901603492521427
22.650000000000002,0.1590250265138755
22.66,0.15903394243943594
22.67,0.1590427827018955
22.68,0.1590515473012542
22.69,0.15906023895890414
22.7,0.1590688634400084
22.71,0.1590774207445669
22.72,0.15908591087257967
22.73,0.1590943338240467
22.740000000000002,0.159102689598968
22.75,0.15911096897603833
22.76,0.15911915060170007
22.77,0.15912723447595317
22.78,0.1591352205987977
22.79,0.15914310897023362
22.8,0.15915089959026096
22.81,0.1591585924588797
22.82,0.15916622531979635
22.830000000000002,0.15917382760585014
22.84,0.15918139931704106
22.85,0.15918894045336912
22.86,0.15919645101483426
22.87,0.15920393100143657
22.88,0.15921128980526741
22.89,0.1592185110967605
22.900000000000002,0.15922559487591578
22.91,0.15923254114273333
22.92,0.1592393498972131
22.93,0.1592460211393551
22.94,0.15925255486915935
22.95,0.1592589603079311
22.96,0.1592652588092279
22.97,0.15927145037304985
22.98,0.15927753499939684
22.990000000000002,0.15928351268826899
23.0,0.15928936658810558
23.01,0.15929494425253524
23.02,0.15930024568155793
23.03,0.1593052708751737
23.04,0.1593100198333825
23.05,0.15931449255618438
23.06,0.15931868904357926
23.07,0.15932260929556724
23.080000000000002,0.15932634392005685
23.09,0.15932990924661444
23.1,0.15933330527523998
23.11,0.15933653200593348
23.12,0.15933958943869492
23.13,0.1593422885995586
23.14,0.1593445704819197
23.150000000000002,0.15934643508577825
23.16,0.15934788241113426
23.17,0.15934891245798774
23.18,0.15934952522633863
23.19,0.15934972071618697
23.2,0.15934951577909343
23.21,0.1593490628614293
23.22,0.15934836196319474
23.23,0.15934741308438963
23.240000000000002,0.15934621622501402
23.25,0.1593447713850679
23.26,0.15934280185757915
23.27,0.15934027433221098
23.28,0.15933718880896336
23.29,0.15933354528783633
23.3,0.15932934376882987
23.31,0.159324584251944
23.32,0.15931926673717872
23.330000000000002,0.15931358019849973
23.34,0.1593075836425118
23.35,0.15930127706921499
23.36,0.15929466047860924
23.37,0.15928773387069456
23.38,0.15928046601354842
23.39,0.15927253844685935
23.400000000000002,0.15926395117062747
23.41,0.15925470418485274
23.42,0.15924479748953516
23.43,0.1592342310846747
23.44,0.15922300497027142
23.45,0.15921111914632527
23.46,0.1591988503198084
23.47,0.1591862318010576
23.48,0.15917326359007286
23.490000000000002,0.15915994568685418
23.5,0.1591462780914016
23.51,0.1591322274365718
23.52,0.15911743429227151
23.53,0.15910189865850075
23.54,0.15908562053525951
23.55,0.1590685999225478
23.56,0.1590508368203656
23.57,0.1590323312287129
23.580000000000002,0.15901311437951232
23.59,0.15899350473307522
23.6,0.1589735022894016
23.61,0.1589531070484914
23.62,0.15893231901034463
23.63,0.15891113817496133
23.64,0.15888955306393074
23.650000000000002,0.1588672648729982
23.66,0.15884427360216372
23.67,0.15882057925142726
23.68,0.15879618182078886
23.69,0.15877108131024853
23.7,0.15874527771980623
23.71,0.1587188044166053
23.72,0.1586920208307389
23.73,0.15866492696220713
23.740000000000002,0.15863752281100996
23.75,0.1586098083771474
23.76,0.15858178366061937
23.77,0.158553448661426
23.78,0.15852478907823875
23.79,0.158495331122433
23.8,0.15846507479400873
23.81,0.15843402009296598
23.82,0.1584021670193047
23.830000000000002,0.15836951557302495
23.84,0.15833607723253745
23.85,0.1583021508020968
23.86,0.1582677362817031
23.87,0.1582328336713563
23.88,0.1581974429710564
23.89,0.15816156418080338
23.900000000000002,0.15812519730059726
23.91,0.15808834233043806
23.92,0.15805070577372737
23.93,0.15801209313659276
23.94,0.15797250441903427
23.95,0.15793193962105184
23.96,0.15789039874264557
23.97,0.1578478817838153
23.98,0.15780440304588966
23.990000000000002,0.1577604363174932
24.0,0.15771598159862593
24.01,0.15767103888928788
24.02,0.157625608189479
24.03,0.15757968949919934
24.04,0.15753328281844883
24.05,0.15748620244223385
24.060000000000002,0.1574382918602238
24.07,0.15738955107241862
24.080000000000002,0.15733998007881833
24.09,0.157289578879423
24.1,0.15723834747423254
24.11,0.15718628586324698
24.12,0.15713368754306473
24.13,0.15708074700755817
24.14,0.15702746425672734
24.150000000000002,0.1569738392905722
24.16,0.15691987210909278
24.17,0.15686556271228907
24.18,0.15681090185011534
24.19,0.15675584179420898
24.2,0.15670038254456997
24.21,0.15664452410119833
24.22,0.15658826646409404
24.23,0.15653160963325713
24.240000000000002,0.15647455360868762
24.25,0.15641728409537908
24.26,0.15635995760366225
24.27,0.15630257413353704
24.28,0.1562451336850035
24.29,0.1561876362580616
24.3,0.15613008185271138
24.310000000000002,0.15607247046895276
24.32,0.15601480210678584
24.330000000000002,0.15595682205780137
24.34,0.15589804604644988
24.35,0.15583847407273133
24.36,0.15577810613664578
24.37,0.15571694223819318
24.38,0.15565499162741933
24.39,0.15559230203268676
24.400000000000002,0.15552887345399555
24.41,0.15546470589134564
24.42,0.15539979934473705
24.43,0.15533415381416976
24.44,0.1552677692996438
24.45,0.1552006458011592
24.46,0.1551328252375316
24.47,0.15506438120470392
24.48,0.1549953137026761
24.490000000000002,0.15492562273144816
24.5,0.15485530829102007
24.51,0.1547843703813919
24.52,0.15471280900256357
24.53,0.1546408788629443
24.54,0.15456906423808361
24.55,0.15449736512798148
24.560000000000002,0.1544257815326379
24.57,0.15435431345205286
24.580000000000002,0.15428296088622637
24.59,0.15421172383515847
24.6,0.1541406022988491
24.61,0.15406902532089303
24.62,0.15399698342225723
24.63,0.15392447660294162
24.64,0.15385150486294624
24.650000000000002,0.15377806820227108
24.66,0.1537041247021004
24.67,0.15362960076649138
24.68,0.153554496395444
24.69,0.15347881158895832
24.7,0.1534025463470343
24.71,0.15332570066967194
24.72,0.15324827455687123
24.73,0.1531702634076869
24.740000000000002,0.15309158764947386
24.75,0.15301224728223206
24.76,0.15293224230596153
24.77,0.15285157272066227
24.78,0.1527702385263343
24.79,0.15268823972297757
24.8,0.15260557631059216
24.810000000000002,0.1525228192455832
24.82,0.15243997800698386
24.830000000000002,0.15235705259479412
24.84,0.15227404300901398
24.85,0.15219094924964346
24.86,0.15210775490407036
24.87,0.15202430552858323
24.88,0.15194060112318214
24.89,0.15185664168786708
24.900000000000002,0.15177242722263803
24.91,0.15168795772749502
24.92,0.15160323320243801
24.93,0.15151825824841234
24.94,0.15143311243806307
24.95,0.1513477957713902
24.96,0.1512623082483938
24.97,0.15117664986907378
24.98,0.15109082063343016
24.990000000000002,0.15100490165717
25.0,0.15091893323263944
25.01,0.1508329153598385
25.02,0.15074684803876723
25.03,0.15066073126942559
25.04,0.15057456505181357
25.05,0.1504883493859312
25.060000000000002,0.1504021006843907
25.07,0.15031597339090338
25.080000000000002,0.1502299675054693
25.09,0.15014408302808843
25.1,0.1500583199587608
25.11,0.14997274741893546
25.12,0.14988758200649432
25.13,0.14980282372143738
25.14,0.14971847256376464
25.150000000000002,0.14963452853347606
25.16,0.14955099163057167
25.17,0.14946786185505145
25.18,0.14938513920691546
25.19,0.1493027425704566
25.2,0.14922063165332872
25.21,0.14913880645553185
25.22,0.14905726697706592
25.23,0.14897601321793094
25.240000000000002,0.14889535517625666
25.25,0.14881544056341145
25.26,0.14873626937939535
25.27,0.14865784162420836
25.28,0.1485801572978505
25.29,0.1485032164003217
25.3,0.14842701893162208
25.310000000000002,0.1483514957703024
25.32,0.14827643031848087
25.330000000000002,0.1482018225761575
25.34,0.14812767254333223
25.35,0.14805398022000515
25.36,0.1479807456061762
25.37,0.14790823160073102
25.38,0.14783655151719147
25.39,0.1477657053555575
25.400000000000002,0.1476956931158291
25.41,0.14762651479800631
25.42,0.1475581704020891
25.43,0.14749065992807747
25.44,0.14742367337784174
25.45,0.14735706304001348
25.46,0.14729082891459264
25.47,0.14722497100157927
25.48,0.14715948930097333
25.490000000000002,0.14709438381277487
25.5,0.14702963683451997
25.51,0.14696523613718443
25.52,0.1469011817207682
25.53,0.14683747358527122
25.54,0.1467741117306936
25.55,0.14671109615703526
25.560000000000002,0.14664842686429624
25.57,0.1465858409535909
25.580000000000002,0.1465232251113974
25.59,0.14646057933771578
25.6,0.14639790363254598
25.61,0.14633519799588807
25.62,0.14627306271791973
25.63,0.146211507363671
25.64,0.14615053193314195
25.650000000000002,0.1460901364263325
25.66,0.1460303208432427
25.67,0.1459710851838725
25.68,0.14591242944822191
25.69,0.145854353636291
25.7,0.14579687545054357
25.71,0.14574000712000387
25.72,0.14568374864467196
25.73,0.1456281000245478
25.740000000000002,0.14557310438562188
25.75,0.145518899620776
25.76,0.14546548573001022
25.77,0.1454128627133245
25.78,0.14536103057071886
25.79,0.14530998930219333
25.8,0.14525973890774785
25.810000000000002,0.14521027938738243
25.82,0.1451610104509194
25.830000000000002,0.1451119225333287
25.84,0.14506301563461027
25.85,0.1450142897547642
25.86,0.14496582932373042
25.87,0.14491790382706873
25.88,0.1448705132647791
25.89,0.1448236576368615
25.900000000000002,0.14477733694331602
25.91,0.14473155118414255
25.92,0.14468630035934116
25.93,0.14464158446891182
25.94,0.14459736038686408
25.95,0.1445534902203161
25.96,0.14450997396926787
25.97,0.14446681163371938
25.98,0.1444240328746134
25.990000000000002,0.1443819267917566
26.0,0.14434049338514904
26.01,0.14429973265479065
26.02,0.14425964460068147
26.03,0.1442202292228215
26.04,0.14418148652121074
26.05,0.1441434164958492
26.060000000000002,0.14410593471679678
26.07,0.14406877169849383
26.080000000000002,0.14403192744094034
26.09,0.1439954019441363
26.1,0.1439591952080817
26.11,0.14392356969935285
26.12,0.14388854154249753
26.13,0.14385411073751575
26.14,0.14382027728440755
26.150000000000002,0.14378704118317284
26.16,0.1437544024338117
26.17,0.1437223610363241
26.18,0.14369088732976731
26.19,0.14365969221433458
26.2,0.14362877569002597
26.21,0.14359813775684144
26.22,0.14356780817753959
26.23,0.14353817446192824
26.240000000000002,0.14350923661000742
26.25,0.14348099462177713
26.26,0.14345344849723732
26.27,0.14342659823638804
26.28,0.14340044383922926
26.29,0.143374985305761
26.3,0.14335022263598324
26.310000000000002,0.1433258933633197
26.32,0.1433019813632226
26.330000000000002,0.14327848663569193
26.34,0.14325540918072768
26.35,0.14323274899832986
26.36,0.14321078032135687
26.37,0.1431895208793417
26.38,0.14316897067228435
26.39,0.14314912970018484
26.400000000000002,0.14312999796304318
26.41,0.14311157546085937
26.42,0.14309383243087476
26.43,0.14307638136328155
26.44,0.14305922225807977
26.45,0.14304235511526936
26.46,0.14302577993485038
26.47,0.1430094967168228
26.48,0.1429935054611867
26.490000000000002,0.14297795031818808
26.5,0.14296295739797563
26.51,0.1429485267005493
26.52,0.14293465822590906
26.53,0.142921351974055
26.54,0.14290860794498705
26.55,0.14289642613870526
26.560000000000002,0.14288453232235118
26.57,0.14287290876639183
26.580000000000002,0.14286155547082718
26.59,0.1428504724356573
26.6,0.14283965966088213
26.61,0.14282911714650165
26.62,0.14281885643308256
26.63,0.14280911888019512
26.64,0.14279990448783933
26.650000000000002,0.14279121325601515
26.66,0.14278304518472268
26.67,0.1427754002739618
26.68,0.14276827852373256
26.69,0.14276153578378883
26.7,0.14275504594398203
26.71,0.14274880900431214
26.72,0.14274282496477916
26.73,0.14273709382538313
26.740000000000002,0.14273161558612402
26.75,0.14272645500961276
26.76,0.14272181206200854
26.77,0.14271768674331134
26.78,0.14271407905352115
26.79,0.14271098899263798
26.8,0.14270841656066185
26.810000000000002,0.14270636175759271
26.82,0.14270481304286395
26.830000000000002,0.14270352905690525
26.84,0.1427025097997167
26.85,0.14270175527129822
26.86,0.14270126547164982
26.87,0.14270104040077153
26.88,0.1427010800586634
26.89,0.14270149886099207
26.900000000000002,0.1427024354840054
26.91,0.14270388992770341
26.92,0.14270586219208609
26.93,0.14270835227715345
26.94,0.14271136018290545
26.95,0.14271482114673115
26.96,0.1427185352024714
26.97,0.14272250235012626
26.98,0.14272672258969568
26.990000000000002,0.14273119592117964
27.0,0.14273592234457816
27.01,0.14274090185989127
27.02,0.14274613446711895
27.03,0.14275187588875046
27.04,0.14275816512099088
27.05,0.14276500216384022
27.060000000000002,0.1427723870172985
27.07,0.14278031968136562
27.080000000000002,0.14278880015604173
27.09,0.14279771402565994
27.1,0.1428069226139725
27.11,0.14281642592097937
27.12,0.14282622394668065
27.13,0.14283631669107624
27.14,0.14284670415416617
27.150000000000002,0.1428574669197255
27.16,0.14286879276689565
27.17,0.14288068169567664
27.18,0.1428931337060685
27.19,0.14290614879807112
27.2,0.14291972697168465
27.21,0.142933868226909
27.22,0.1429485725637442
27.23,0.14296358425970093
27.240000000000002,0.14297886431857418
27.25,0.1429944127403639
27.26,0.14301022952507014
27.27,0.14302631467269286
27.28,0.1430428536599692
27.29,0.14305988286318538
27.3,0.14307740228234148
27.310000000000002,0.1430954119174374
27.32,0.14311391176847327
27.330000000000002,0.14313290183544897
27.34,0.14315238211836454
27.35,0.14317227203344496
27.36,0.14319238380154875
27.37,0.14321271742267597
27.38,0.14323327289682652
27.39,0.14325405022400048
27.400000000000002,0.14327504940419783
27.41,0.14329656384656647
27.42,0.14331859608485112
27.43,0.14334114611905174
27.44,0.14336421394916837
27.45,0.14338779957520095
27.46,0.14341190299714954
27.47,0.14343652421501413
27.48,0.1434614777520576
27.490000000000002,0.14348672723199365
27.5,0.1435122726548223
27.51,0.1435381140205436
27.52,0.14356425132915748
27.53,0.14359091627164133
27.54,0.14361823991033246
27.55,0.14364622224523088
27.560000000000002,0.14367486327633655
27.57,0.1437041630036495
27.580000000000002,0.1437341214271697
27.59,0.14376473854689717
27.6,0.14379601436283193
27.61,0.14382765546582604
27.62,0.14385965932213476
27.63,0.14389202593175818
27.64,0.1439247801699887
27.650000000000002,0.14395811298067343
27.66,0.14399202436381234
27.67,0.14402651431940544
27.68,0.1440615828474528
27.69,0.1440972299479543
27.7,0.14413345562091
27.71,0.14417025986631993
27.72,0.144207642684184
27.73,0.14424537238352497
27.740000000000002,0.14428331790200544
27.75,0.14432147923962543
27.76,0.14435989992589654
27.77,0.14439864690930074
27.78,0.14443772018983805
27.79,0.14447711976750846
27.8,0.1445168456423119
27.810000000000002,0.1445568978142485
27.82,0.14459727628331817
27.830000000000002,0.14463798104952094
27.84,0.1446789872375644
27.85,0.14472010390360135
27.86,0.1447613310476319
27.87,0.144802668669656
27.88,0.14484411676967363
27.89,0.14488600099706
27.900000000000002,0.14492832799232944
27.91,0.14497109775548195
27.92,0.14501431028651754
27.93,0.1450579655854362
27.94,0.14510206365223796
27.95,0.1451466044869228
27.96,0.14519154455997912
27.97,0.145236816922925
27.98,0.14528242157576035
27.990000000000002,0.14532835851848522
28.0,0.14537465155986037
28.01,0.1454214084309488
28.02,0.14546862913175054
28.03,0.14551631366226553
28.04,0.14556446202249387
28.05,0.1456130742124355
28.060000000000002,0.14566215023209045
28.07,0.14571169008145868
28.080000000000002,0.1457616937605402
28.09,0.1458118356199599
28.1,0.14586210901920338
28.11,0.14591251395827062
28.12,0.14596306330185932
28.13,0.14601431522122363
28.14,0.14606626971636355
28.150000000000002,0.14611892678727906
28.16,0.14617228643397023
28.17,0.14622634865643697
28.18,0.14628111345467934
28.19,0.14633658082869733
28.2,0.14639272696973019
28.21,0.1464494441467149
28.22,0.14650673235965145
28.23,0.14656452645067614
28.240000000000002,0.14662269388042248
28.25,0.1466812346488905
28.26,0.14674014875608016
28.27,0.14679943620199148
28.28,0.14685909698662444
28.29,0.14691913110997912
28.3,0.14697953857205542
28.310000000000002,0.1470403193728534
28.32,0.14710146064767535
28.330000000000002,0.14716240422526716
28.34,0.1472231501056288
28.35,0.14728368584112933
28.36,0.14734395699940556
28.37,0.14740396358045754
28.38,0.14746370558428526
28.39,0.14752318301088868
28.400000000000002,0.14758239586026783
28.41,0.14764134413242272
28.42,0.1477000278273533
28.43,0.14775851210292335
28.44,0.14781692949849926
28.45,0.14787528001408107
28.46,0.14793356364966875
28.47,0.14799178040526234
28.48,0.14804993847018216
28.490000000000002,0.14810815308751116
28.5,0.14816642425724935
28.51,0.1482247519793968
28.52,0.14828313625395345
28.53,0.14834157708091927
28.54,0.14840007446029432
28.55,0.14845864083970955
28.560000000000002,0.14851733065152808
28.57,0.14857614389574994
28.580000000000002,0.1486350805723751
28.59,0.14869414068140357
28.6,0.14875332422283535
28.61,0.14881263119667046
28.62,0.1488725403206442
28.63,0.14893311959505334
28.64,0.14899436901989796
28.650000000000002,0.14905628859517797
28.66,0.1491188783208934
28.67,0.1491821381970443
28.68,0.14924606003431026
28.69,0.1493105285896084
28.7,0.1493755438629386
28.71,0.14944110585430093
28.72,0.14950721456369537
28.73,0.14957388530413646
28.740000000000002,0.14964116555450072
28.75,0.14970905531478818
28.76,0.14977755458499883
28.77,0.1498466633651327
28.78,0.14991638165518978
28.79,0.14998670945517006
28.8,0.15005764676507352
28.810000000000002,0.1501291935849002
28.82,0.15020087119691472
28.830000000000002,0.15027261160082037
28.84,0.15034441479661712
28.85,0.1504160992109192
28.86,0.15048739417007717
28.87,0.1505582996740911
28.88,0.15062881572296094
28.89,0.15069894231668668
28.900000000000002,0.15076867945526837
28.91,0.15083802713870598
28.92,0.15090698536699948
28.93,0.15097553882713438
28.94,0.15104364004023413
28.95,0.15111128900629872
28.96,0.1511784857253281
28.97,0.15124523019732233
28.98,0.15131152242228135
28.990000000000002,0.15137739787673138
29.0,0.15144290015384537
29.01,0.15150802925362344
29.02,0.15157278517606548
29.03,0.1516371679211716
29.04,0.1517011774889417
29.05,0.15176499545276162
29.060000000000002,0.15182889248628068
29.07,0.15189286858949896
29.080000000000002,0.15195692376241643
29.09,0.15202105800503307
29.1,0.15208527131734892
29.11,0.15214956369936397
29.12,0.15221393515107823
29.13,0.1522784151933232
29.14,0.1523430358128686
29.150000000000002,0.15240779700971444
29.16,0.15247269878386066
29.17,0.15253774113530735
29.18,0.15260292406405446
29.19,0.15266821209357587
29.2,0.1527335616306985
29.21,0.15279897267542236
29.22,0.15286444522774748
29.23,0.1529299792876738
29.240000000000002,0.15299557485520135
29.25,0.1530612319303301
29.26,0.15312695051306013
29.27,0.15319279621953202
29.28,0.15325884249958427
29.29,0.15332508935321687
29.3,0.15339153678042985
29.310000000000002,0.15345818478122322
29.32,0.15352503335559692
29.330000000000002,0.15359205298271944
29.34,0.1536592116758211
29.35,0.1537265094349019
29.36,0.15379394625996184
29.37,0.1538615221510009
29.38,0.15392923710801912
29.39,0.15399709113101645
29.400000000000002,0.1540650842199929
29.41,0.15413346542267722
29.42,0.15420230025830314
29.43,0.15427158872687066
29.44,0.15434133082837978
29.45,0.1544115265628305
29.46,0.15448217593022284
29.47,0.15455321331441613
29.48,0.1546245652655719
29.490000000000002,0.15469623178369013
29.5,0.1547682128687708
29.51,0.15484050852081394
29.52,0.15491311873981958
29.53,0.1549860223342721
29.54,0.15505899115733865
29.55,0.15513202520901917
29.560000000000002,0.1552051244893137
29.57,0.1552782889982222
29.580000000000002,0.15535151873574476
29.59,0.15542481370188127
29.6,0.15549817389663184
29.61,0.15557135027226765
29.62,0.15564427730955502
29.63,0.15571695500849395
29.64,0.15578938336908438
29.650000000000002,0.15586156239132637
29.66,0.15593349207521984
29.67,0.1560053204918778
29.68,0.15607733309429545
29.69,0.15614952988247277
29.7,0.15622191085640982
29.71,0.15629447601610658
29.72,0.15636722536156303
29.73,0.15644018008429475
29.740000000000002,0.1565135683311346
29.75,0.1565873901020827
29.76,0.15666164539713892
29.77,0.15673633421630329
29.78,0.15681145655957587
29.79,0.1568870108743169
29.8,0.1569629510049601
29.810000000000002,0.15703927695150557
29.82,0.15711598871395321
29.830000000000002,0.1571930862923031
29.84,0.15727056968655523
29.85,0.15734843889670952
29.86,0.15742669392276606
29.87,0.15750518669361196
29.88,0.15758363175625184
29.89,0.15766202911068583
29.900000000000002,0.15774037875691385
29.91,0.1578186806949359
29.92,0.157897068482352
29.93,0.15797565583985046
29.94,0.15805444276743136
29.95,0.15813342926509466
29.96,0.15821261533284037
29.97,0.15829200097066848
29.98,0.158371586178579
29.990000000000002,0.15845137250921162
30.0,0.15853140611813263
30.01,0.15861168700534195
30.02,0.15869221517083965
30.03,0.15877299061462571
30.04,0.15885378906949257
30.05,0.1589345554329527
30.060000000000002,0.15901528970500609
30.07,0.15909599188565277
30.080000000000002,0.1591766619748927
30.09,0.15925729997272586
30.1,0.15933790587915234
30.11,0.15941847969417205
30.12,0.15949888786018507
30.13,0.159579016656503
30.14,0.15965886608312588
30.150000000000002,0.15973843614005362
30.16,0.15981772943236425
30.17,0.15989675303059797
30.18,0.15997550693475474
30.19,0.16005399114483462
30.2,0.16013220566083758
30.21,0.1602101504827636
30.22,0.16028782561061275
30.23,0.16036523104438496
30.240000000000002,0.1604425910512878
30.25,0.1605199607338088
30.26,0.16059734009194798
30.27,0.16067472912570535
30.28,0.1607521278350809
30.29,0.16082946725973601
30.3,0.1609067362563739
30.310000000000002,0.16098393482499457
30.32,0.16106106296559794
30.330000000000002,0.16113812067818414
30.34,0.16121510796275307
30.35,0.16129202481930477
30.36,0.1613688686427613
30.37,0.16144563236258241
30.38,0.1615223159787681
30.39,0.16159891949131838
30.400000000000002,0.16167544290023328
30.41,0.16175181039185704
30.42,0.16182786747263597
30.43,0.16190361414257004
30.44,0.1619790504016593
30.45,0.1620541762499037
30.46,0.16212899168730327
30.47,0.16220349671385798
30.48,0.16227769132956787
30.490000000000002,0.1623516444947715
30.5,0.16242536735276572
30.51,0.16249885990355045
30.52,0.16257212214712582
30.53,0.16264515408349173
30.54,0.1627179726583014
30.55,0.16279065579485238
30.560000000000002,0.1628632034931446
30.57,0.16293561575317805
30.580000000000002,0.16300789257495274
30.59,0.16308003395846868
30.6,0.16315203990372584
30.61,0.16322398622438
30.62,0.1632960274139848
30.63,0.1633681634725403
30.64,0.16344039440004643
30.650000000000002,0.16351272019650326
30.66,0.16358514086191075
30.67,0.16365759910730077
30.68,0.16373005668550847
30.69,0.16380251359653392
30.7,0.16387496984037703
30.71,0.16394742541703794
30.72,0.16401988032651654
30.73,0.1640923345688129
30.740000000000002,0.16416477119827372
30.75,0.16423711229160157
30.76,0.1643093578487965
30.77,0.16438150786985847
30.78,0.1644535623547875
30.79,0.16452552130358358
30.8,0.1645973060051058
30.810000000000002,0.1646689134513628
30.82,0.16474034364235463
30.830000000000002,0.16481159657808125
30.84,0.16488267225854264
30.85,0.1649535706837388
30.86,0.1650242918536698
30.87,0.16509489305730374
30.88,0.16516541254180545
30.89,0.16523585030717486
30.900000000000002,0.16530620635341206
30.91,0.16537648068051697
30.92,0.16544673620702322
30.93,0.16551708359593392
30.94,0.16558752284724917
30.95,0.16565805396096892
30.96,0.16572867693709314
30.970000000000002,0.16579939177562183
30.98,0.1658701984765551
30.990000000000002,0.16594109703989277
31.0,0.1660121661767759
31.01,0.16608340889519577
31.02,0.1661548251951524
31.03,0.16622641507664576
31.04,0.16629768870714995
31.05,0.1663684545441763
31.060000000000002,0.16643871258772475
31.07,0.16650846283779536
31.080000000000002,0.1665777052943881
31.09,0.16664643995750295
31.1,0.16671466682713992
31.11,0.16678238590329905
31.12,0.1668495342674467
31.13,0.16691600125657977
31.14,0.16698178687069817
31.150000000000002,0.16704689110980198
31.16,0.16711131397389112
31.17,0.16717505546296568
31.18,0.16723800084720214
31.19,0.16730013702244134
31.2,0.16736146398868315
31.21,0.16742198174592762
31.220000000000002,0.16748169029417476
31.23,0.16754058963342455
31.240000000000002,0.16759916959620297
31.25,0.16765762172499862
31.26,0.1677159460198116
31.27,0.16777414248064182
31.28,0.16783221110748936
31.29,0.1678901519003542
31.3,0.1679479648592363
31.310000000000002,0.1680056474160577
31.32,0.16806304688828447
31.330000000000002,0.16812016327591656
31.34,0.16817699657895407
31.35,0.1682335467973969
31.36,0.16828981393124515
31.37,0.1683457979804987
31.38,0.16840161367498105
31.39,0.16845727411885147
31.400000000000002,0.16851277931210995
31.41,0.16856812925475656
31.42,0.1686233239467912
31.43,0.1686783633882139
31.44,0.16873324757902472
31.45,0.16878797651922361
31.46,0.16884269399525562
31.470000000000002,0.1688974025968371
31.48,0.16895210232396807
31.490000000000002,0.1690067931766485
31.5,0.16906147515487838
31.51,0.16911615082673573
31.52,0.16917097287475447
31.53,0.1692259412989346
31.54,0.16928105609927613
31.55,0.16933631727577905
31.560000000000002,0.16939172482844334
31.57,0.16944727875726903
31.580000000000002,0.16950289714787364
31.59,0.1695584141473823
31.6,0.169613829755795
31.61,0.1696691439731118
31.62,0.16972435679933268
31.63,0.16977946823445764
31.64,0.16983447827848666
31.650000000000002,0.16988938693141975
31.66,0.16994405040681185
31.67,0.1699984661149466
31.68,0.17005263405582408
31.69,0.1701065542294442
31.7,0.17016022663580704
31.71,0.1702136362250504
31.720000000000002,0.17026673561289526
31.73,0.1703195247993416
31.740000000000002,0.17037200378438944
31.75,0.17042417256803874
31.76,0.17047603115028956
31.77,0.1705275795311418
31.78,0.17057889962497808
31.79,0.17063015728467315
31.8,0.170681352510227
31.810000000000002,0.17073248530163967
31.82,0.17078355565891115
31.830000000000002,0.1708345635820414
31.84,0.17088533034747283
31.85,0.17093576616481118
31.86,0.17098587103405646
31.87,0.17103564495520868
31.88,0.17108508792826782
31.89,0.17113419995323392
31.900000000000002,0.1711829810301069
31.91,0.17123144620874897
31.92,0.17127964287343914
31.93,0.17132757102417745
31.94,0.17137523066096388
31.95,0.17142262178379847
31.96,0.17146974439268117
31.970000000000002,0.17151653902174957
31.98,0.17156296357736167
31.990000000000002,0.17160901805951745
32.0,0.17165470246821696
32.01,0.1717000168034601
32.02,0.17174496106524695
32.03,0.17178953525357749
32.04,0.17183391809200937
32.05,0.1718781993709368
32.06,0.17192237909035984
32.07,0.1719664572502784
32.08,0.17201043385069253
32.09,0.1720543088916022
32.1,0.17209769535785543
32.11,0.17214058462065546
32.12,0.17218297668000232
32.13,0.172224871535896
32.14,0.1722662691883365
32.15,0.17230716963732387
32.160000000000004,0.172347572882858
32.17,0.1723875383908014
32.18,0.17242710825479607
32.19,0.172466282474842
32.2,0.17250506105093918
32.21,0.17254344398308766
32.22,0.17258143127128736
32.230000000000004,0.17261902291553832
32.24,0.172656204419699
32.25,0.17269297464080235
32.26,0.17272933357884834
32.27,0.172765281233837
32.28,0.17280081760576832
32.29,0.17283594269464228
32.3,0.17287104351561094
32.31,0.17290612869747102
32.32,0.1729411982402225
32.33,0.17297625214386533
32.34,0.1730112904083996
32.35,0.17304631303382523
32.36,0.17308127666827686
32.37,0.17311601001302018
32.38,0.17315051306805523
32.39,0.17318478583338198
32.4,0.17321882830900048
32.410000000000004,0.17325264049491065
32.42,0.17328622239111255
32.43,0.17331957399760617
32.44,0.17335270981053305
32.45,0.17338563097286025
32.46,0.1734183374845878
32.47,0.17345082934571562
32.480000000000004,0.17348310655624383
32.49,0.17351494710270723
32.5,0.1735462224265652
32.51,0.17357693252781772
32.52,0.1736070774064648
32.53,0.17363665706250647
32.54,0.17366567149594267
32.55,0.17369412070677345
32.56,0.17372204804686422
32.57,0.1737496248149492
32.58,0.1737768510110285
32.59,0.17380372663510196
32.6,0.17383025168716967
32.61,0.17385642616723168
32.62,0.17388220368272495
32.63,0.17390751926899706
32.64,0.17393237292604802
32.65,0.17395676465387777
32.660000000000004,0.17398069445248635
32.67,0.17400416232187374
32.68,0.17402716826203996
32.69,0.17404993428645008
32.7,0.1740725889536448
32.71,0.17409513226362408
32.72,0.17411756421638794
32.730000000000004,0.17413988481193637
32.74,0.1741620940502694
32.75,0.17418419193138698
32.76,0.17420204676154163
32.77,0.174218258882543
32.78,0.17423282829439107
32.79,0.17424575499708597
32.8,0.17425703899062756
32.81,0.1742666802750159
32.82,0.1742747252428139
32.83,0.17428123885867408
32.84,0.17428622112259642
32.85,0.17428967203458093
32.86,0.17429159159462757
32.87,0.1742919798027364
32.88,0.17429083665890738
32.89,0.17429629005844932
32.9,0.1743037703551906
32.910000000000004,0.17430790059333678
32.92,0.1743086807728878
32.93,0.1743061108938437
32.94,0.1743001909562045
32.95,0.17429092095997015
32.96,0.17428243259888818
32.97,0.17427212553114896
32.980000000000004,0.1742599997567524
32.99,0.17424605527569859
33.0,0.17423029208798746
33.01,0.17421271019361903
33.02,0.17420028232405935
33.03,0.17420039716923927
33.04,0.1742117124556127
33.05,0.1742188383018086
33.06,0.1742217747078269
33.07,0.17422052167366767
33.08,0.17421507919933082
33.09,0.17419731938950767
33.1,0.17417181189036973
33.11,0.1741439336577115
33.12,0.17411368469153302
33.13,0.17408106499183426
33.14,0.17404607455861523
33.15,0.17400941825901758
33.160000000000004,0.17397273997193835
33.17,0.17393603969737742
33.18,0.17389931743533488
33.19,0.1738625731858107
33.2,0.17382580694880484
33.21,0.17378901872431735
33.22,0.1737452357808822
33.230000000000004,0.17368706942856849
33.24,0.17361586194092232
33.25,0.17354700319931476
33.26,0.17348049320374584
33.27,0.17341603462707483
33.28,0.17335348244500087
33.29,0.173292836657524
33.3,0.17323409726464425
33.31,0.17317726426636154
33.32,0.17312233766267596
33.33,0.17306931745358742
33.34,0.17301820363909598
33.35,0.17296829135206
33.36,0.1729179367135824
33.37,0.1728671397236633
33.38,0.17281590038230266
33.39,0.17276406296323035
33.4,0.17271160757862458
33.410000000000004,0.1726585342284854
33.42,0.1726048429128128
33.43,0.17255053363160677
33.44,0.17249560638486733
33.45,0.17244006117259442
33.46,0.17238389799478812
33.47,0.1723274141785891
33.480000000000004,0.17227075474829823
33.49,0.17221391970391545
33.5,0.17215690904544076
33.51,0.17209972277287422
33.52,0.17204205762206654
33.53,0.1719838990782429
33.54,0.17192524714140328
33.55,0.17186610181154777
33.56,0.17180646308867625
33.57,0.17174633097278885
33.58,0.17168570546388545
33.59,0.17162474228823626
33.6,0.17156346133366301
33.61,0.1715018626001657
33.62,0.17143994608774432
33.63,0.17137771179639888
33.64,0.17131515972612937
33.65,0.17125169580377156
33.660000000000004,0.1711870394195941
33.67,0.17112119057359712
33.68,0.1710541492657805
33.69,0.17098591549614436
33.7,0.17091648926468866
33.71,0.17084587057141334
33.72,0.1707743626804677
33.730000000000004,0.17070198010662657
33.74,0.17062872284988992
33.75,0.17055459091025774
33.76,0.1704795719006915
33.77,0.17040289061445793
33.78,0.17032454705155703
33.79,0.17024454121198884
33.8,0.17016287309575331
33.81,0.17007954270285047
33.82,0.16999455003328032
33.83,0.16990789508704282
33.84,0.16981957786413804
33.85,0.1697301924377302
33.86,0.1696400194175506
33.87,0.1695490426571461
33.88,0.16945721855051007
33.89,0.16936454709764254
33.9,0.16927102829854349
33.910000000000004,0.16917666215321295
33.92,0.16908144866165087
33.93,0.16898538782385727
33.94,0.16888847963983217
33.95,0.16879072410957557
33.96,0.168692133620126
33.97,0.16859348337821672
33.980000000000004,0.16849477338384775
33.99,0.16839575103553056
34.0,0.16829634440459568
34.01,0.16819655349104307
34.02,0.16809637829487273
34.03,0.16799581881608475
34.04,0.167894875054679
34.05,0.16779354701065557
34.06,0.16769183468401444
34.07,0.16758975422120867
34.08,0.1674873492282449
34.09,0.16738461970512314
34.1,0.16728137710196503
34.11,0.16717702687127609
34.12,0.16707156901305642
34.13,0.16696500352730595
34.14,0.1668573304140247
34.15,0.16674854967321273
34.160000000000004,0.16663866130486993
34.17,0.1665276653089964
34.18,0.16641556168559207
34.19,0.1663026030361455
34.2,0.16618886128932614
34.21,0.1660743116403652
34.22,0.16595893783215582
34.230000000000004,0.16584273986469789
34.24,0.16572571773799147
34.25,0.16560787145203654
34.26,0.16548920100683312
34.27,0.1653697064023812
34.28,0.16524938763868074
34.29,0.16512824471573181
34.300000000000004,0.16500646618341275
34.31,0.16488464658921795
34.32,0.1647626593640584
34.33,0.1646403891665396
34.34,0.1645178359966615
34.35,0.16439499985442416
34.36,0.16427188073982754
34.37,0.16414847865287166
34.38,0.1640247935935565
34.39,0.16390082556188207
34.4,0.1637765745578484
34.410000000000004,0.16365206538622415
34.42,0.1635273143041164
34.43,0.163402499160683
34.44,0.16327785125252933
34.45,0.16315337057965545
34.46,0.16302905714206134
34.47,0.16290491093974696
34.480000000000004,0.16278093197271237
34.49,0.16265712024095752
34.5,0.16253347574448246
34.51,0.16240999848328713
34.52,0.16228681502646058
34.53,0.16216404071539733
34.54,0.16204167555009744
34.550000000000004,0.16191957655830033
34.56,0.16179715311865142
34.57,0.1616744052311506
34.58,0.16155133289579793
34.59,0.16142793611259337
34.6,0.16130421488153698
34.61,0.16118016920262873
34.62,0.1610557990758686
34.63,0.16093092665209874
34.64,0.16080532063471367
34.65,0.16067898102371347
34.660000000000004,0.16055190890403606
34.67,0.16042416361849507
34.68,0.16029574516709047
34.69,0.16016665354982224
34.7,0.16003688876669042
34.71,0.159906450817695
34.72,0.15977533970283594
34.730000000000004,0.15964355542211334
34.74,0.15951109797552707
34.75,0.15937811033533764
34.76,0.15924518312289979
34.77,0.1591123163382135
34.78,0.15897923021480637
34.79,0.15884566265215383
34.800000000000004,0.15871161365025585
34.81,0.15857708320911248
34.82,0.15844207132872368
34.83,0.15830657800908948
34.84,0.15817060325020987
34.85,0.15803414705208482
34.86,0.1578972083297764
34.87,0.157759727740471
34.88,0.1576217052841686
34.89,0.1574837771640156
34.9,0.15734617187397482
34.910000000000004,0.1572088894140463
34.92,0.15707192978423
34.93,0.15693529298452596
34.94,0.15679897901493417
34.95,0.1566629878754546
34.96,0.1565273195660873
34.97,0.15639197408683223
34.980000000000004,0.15625723120416182
34.99,0.15612335301860064
35.0,0.15599033953014865
35.01,0.1558580225153741
35.02,0.15572610638001227
35.03,0.15559459112406318
35.04,0.1554634767475268
35.050000000000004,0.15533276325040318
35.06,0.15520245063269228
35.07,0.15507253889439407
35.08,0.15494302803550863
35.09,0.15481328185288956
35.1,0.15468307185257402
35.11,0.154552398034562
35.12,0.15442126039885345
35.13,0.15428961081649636
35.14,0.1541574362267923
35.15,0.15402473662974128
35.160000000000004,0.1538915120253433
35.17,0.15375776241359834
35.18,0.15362348779450646
35.19,0.1534886881680676
35.2,0.1533533635342818
35.21,0.15321768211658085
35.22,0.15308193950922938
35.230000000000004,0.15294613571222748
35.24,0.15281024531883897
35.25,0.1526742120482346
35.26,0.15253803590041443
35.27,0.1524017168753784
35.28,0.15226525497312654
35.29,0.15212865019365884
35.300000000000004,0.15199190253697534
35.31,0.15185501200307597
35.32,0.15171797859196076
35.33,0.15158085043258185
35.34,0.15144364058563756
35.35,0.15130636155924304
35.36,0.1511695929229871
35.37,0.15103333467686972
35.38,0.1508975868208909
35.39,0.15076234935505067
35.4,0.15062762227934898
35.410000000000004,0.15049340559378585
35.42,0.1503596992983613
35.43,0.1502265033930753
35.44,0.15009384328466402
35.45,0.14996177525395668
35.46,0.14983029930095323
35.47,0.14969941542565374
35.480000000000004,0.1495691290390123
35.49,0.1494394416091361
35.5,0.1493103531360252
35.51,0.14918186361967956
35.52,0.1490539730600992
35.53,0.14892668145728413
35.54,0.14879998881123435
35.550000000000004,0.14867388261383468
35.56,0.14854778329549637
35.57,0.1484216908562194
35.58,0.14829560529600375
35.59,0.14816952661484947
35.6,0.14804361232883928
35.61,0.14791792475664
35.62,0.14779246389825165
35.63,0.14766722975367427
35.64,0.14754222232290784
35.65,0.14741744160595233
35.660000000000004,0.14729288760280781
35.67,0.1471685603134742
35.68,0.14704445432699745
35.69,0.14692056817527027
35.7,0.14679690185829275
35.71,0.1466734553760648
35.72,0.14655017392659037
35.730000000000004,0.146426994106953
35.74,0.14630391591715272
35.75,0.14618093935718948
35.76,0.14605806442706332
35.77,0.14593529112677425
35.78,0.14581261945632223
35.79,0.14569004941570723
35.800000000000004,0.14556742348884663
35.81,0.1454446793570735
35.82,0.14532181702038785
35.83,0.14519883647878964
35.84,0.14507617323443472
35.85,0.14495396332568225
35.86,0.14483220675253214
35.87,0.14471090351498453
35.88,0.14459005361303928
35.89,0.1444696570466965
35.9,0.14434971381595613
35.910000000000004,0.14423022392081816
35.92,0.1441112421632787
35.93,0.14399283194625417
35.94,0.14387499326974462
35.95,0.14375772613375
35.96,0.14364103876564502
35.97,0.14352495021880393
35.980000000000004,0.14340946049322673
35.99,0.14329456958891348
36.0,0.14318027750586412
36.01,0.14306658424407867
36.02,0.14295348980355715
36.03,0.14284099418429955
36.04,0.14272866188415004
36.050000000000004,0.14261635686474947
36.06,0.1425040791260979
36.07,0.14239182866819522
36.08,0.1422797437204961
36.09,0.14216815816528533
36.1,0.14205707200256296
36.11,0.1419464852323289
36.12,0.14183639785458324
36.13,0.14172680986932595
36.14,0.14161772127655703
36.15,0.14150913207627647
36.160000000000004,0.14140103404110965
36.17,0.1412934081176822
36.18,0.1411862543059942
36.19,0.1410795726060456
36.2,0.1409733630178364
36.21,0.1408676042537226
36.22,0.1407622918525996
36.230000000000004,0.14065742581446744
36.24,0.14055300613932606
36.25,0.14044903282717552
36.26,0.14034550587801578
36.27,0.14024242529184688
36.28,0.1401396528392142
36.29,0.14003685463783294
36.300000000000004,0.1399340306877031
36.31,0.13983118098882466
36.32,0.13972841440886216
36.33,0.13962632716881895
36.34,0.139524919268695
36.35,0.13942419070849038
36.36,0.13932414148820496
36.37,0.13922477160783883
36.38,0.13912608106739197
36.39,0.1390280698668644
36.4,0.1389307380062561
36.410000000000004,0.13883410677321106
36.42,0.13873818062883392
36.43,0.1386429595731246
36.44,0.13854844360608318
36.45,0.1384546422096585
36.46,0.1383615621347939
36.47,0.13826920338148932
36.480000000000004,0.1381775659497448
36.49,0.13808664983956037
36.5,0.137996455050936
36.51,0.13790698158387169
36.52,0.13781812057070286
36.53,0.13772927579042624
36.54,0.1376404472430418
36.550000000000004,0.13755163492854955
36.56,0.1374628522825666
36.57,0.13737459305954522
36.58,0.13728685725948542
36.59,0.13719964488238717
36.6,0.1371129559282505
36.61,0.13702679039707538
36.62,0.13694114828886186
36.63,0.1368560296036099
36.64,0.1367714343413195
36.65,0.1366873530200418
36.660000000000004,0.13660377888883352
36.67,0.13652071194769455
36.68,0.13643825345395935
36.69,0.13635675554871898
36.7,0.1362762182319735
36.71,0.13619664150372282
36.72,0.13611802536396705
36.730000000000004,0.1360403698127061
36.74,0.13596367484994
36.75,0.1358879404756688
36.76,0.13581315325427534
36.77,0.13573881943130736
36.78,0.13566493900676488
36.79,0.13559151198064784
36.800000000000004,0.13551862898091527
36.81,0.1354465627101003
36.82,0.13537531316820298
36.83,0.13530488035522323
36.84,0.13523526427116112
36.85,0.13516646491601658
36.86,0.13509848228978966
36.87,0.1350313163924804
36.88,0.13496486596675433
36.89,0.1348987788715204
36.9,0.13483305510677862
36.910000000000004,0.134767694672529
36.92,0.1347028761330787
36.93,0.13463894912352978
36.94,0.13457591364388238
36.95,0.1345137696941364
36.96,0.13445251727429186
36.97,0.13439215638434882
36.980000000000004,0.13433268702430717
36.99,0.13427410919416705
37.0,0.13421633226596938
37.01,0.13415908353718103
37.02,0.13410236300780204
37.03,0.13404617067783234
37.04,0.133990506547272
37.050000000000004,0.133935712748266
37.06,0.13388195719515664
37.07,0.13382923988794393
37.08,0.13377756082662787
37.09,0.1337269200112084
37.1,0.1336773174416856
37.11,0.1336287531180594
37.12,0.13358104847602273
37.13,0.13353385388047334
37.14,0.13348716933141122
37.15,0.13344099482883645
37.160000000000004,0.133395330372749
37.17,0.13335017596314885
37.18,0.133305531600036
37.19,0.13326152148332854
37.2,0.133218161631981
37.21,0.1331754520459934
37.22,0.13313339272536573
37.230000000000004,0.13309198367009803
37.24,0.13305122488019022
37.25,0.13301077422349733
37.26,0.13297046378567706
37.27,0.13293029356672942
37.28,0.1328902635666544
37.29,0.132850373785452
37.300000000000004,0.13281062422312223
37.31,0.13277107981182062
37.32,0.13273210320633194
37.33,0.1326936944066563
37.34,0.13265585341279365
37.35,0.132618580224744
37.36,0.13258187484250727
37.37,0.13254573726608357
37.38,0.13251016749547284
37.39,0.13247504133075702
37.4,0.1324403427529816
37.410000000000004,0.13240607176214653
37.42,0.13237222835825183
37.43,0.13233881254129745
37.44,0.13230582431128346
37.45,0.1322733061222371
37.46,0.13224135049930358
37.47,0.1322099574424829
37.480000000000004,0.13217912695177508
37.49,0.1321488590271801
37.5,0.13211915366869798
37.51,0.13208994594417317
37.52,0.13206087319882084
37.53,0.13203193543264102
37.54,0.13200313264563368
37.550000000000004,0.1319744648377988
37.56,0.13194593200913643
37.57,0.13191753415964652
37.58,0.1318897503889091
37.59,0.13186273528981426
37.6,0.13183648886236202
37.61,0.13181101110655233
37.62,0.13178630202238525
37.63,0.1317623616098608
37.64,0.13173918986897887
37.65,0.1317167443457123
37.660000000000004,0.13169493251491582
37.67,0.13167375437658946
37.68,0.13165320993073318
37.69,0.131633299177347
37.7,0.13161402211643095
37.71,0.131595378747985
37.72,0.13157736907200912
37.730000000000004,0.13155999308850336
37.74,0.1315432507974677
37.75,0.13152714219890219
37.76,0.13151166746619544
37.77,0.13149682886717645
37.78,0.1314821473022653
37.79,0.13146746817857177
37.800000000000004,0.13145279149609593
37.81,0.13143811725483773
37.82,0.1314234454547972
37.83,0.13140877609597434
37.84,0.13139410917836916
37.85,0.13137944470198162
37.86,0.13136478266681176
37.87,0.13135012307285954
37.88,0.13133546592012502
37.89,0.1313208112086081
37.9,0.1313061589383089
37.910000000000004,0.13129162444020376
37.92,0.13127722910140396
37.93,0.13126297292190942
37.94,0.13124885590172022
37.95,0.1312348780408363
37.96,0.131221039165869
37.97,0.13120733700898934
37.980000000000004,0.13119377157019732
37.99,0.13118034284949295
38.0,0.13116705084687624
38.01,0.13115389556234716
38.02,0.1311408769959057
38.03,0.13112817501382285
38.04,0.13111587593795285
38.050000000000004,0.13110397976829574
38.06,0.1310924865048515
38.07,0.13108139614762018
38.08,0.13107070869660173
38.09,0.13106042415179617
38.1,0.1310505425132035
38.11,0.1310409484498473
38.12,0.13103162057461631
38.13,0.13102255888751063
38.14,0.13101376338853016
38.15,0.1310052340776749
38.160000000000004,0.1309971808664125
38.17,0.13098961904789305
38.18,0.13098254862211656
38.19,0.130975969589083
38.2,0.13096988194879244
38.21,0.1309642857012448
38.22,0.13095918084644015
38.230000000000004,0.1309543875181075
38.24,0.1309498193943926
38.25,0.1309454764752954
38.26,0.13094135876081592
38.27,0.13093746625095415
38.28,0.13093399534448535
38.29,0.13093097702753678
38.300000000000004,0.1309284113001084
38.31,0.13092629816220022
38.32,0.1309246376138123
38.33,0.1309234296549445
38.34,0.13092267428559695
38.35,0.1309223715057696
38.36,0.13092231140399485
38.37,0.13092247868712265
38.38,0.1309228733551529
38.39,0.13092349540808562
38.4,0.13092434484592086
38.410000000000004,0.13092563512950667
38.42,0.13092738126097908
38.43,0.13092958324033815
38.44,0.13093224106758383
38.45,0.13093535474271617
38.46,0.1309389242657351
38.47,0.13094294963664072
38.480000000000004,0.1309472344566577
38.49,0.13095174773965884
38.5,0.13095648948564406
38.51,0.13096145969461348
38.52,0.130966658366567
38.53,0.13097217604577555
38.54,0.13097809266525356
38.550000000000004,0.13098440822500107
38.56,0.13099112272501806
38.57,0.13099823616530448
38.58,0.13100574854586045
38.59,0.13101365986668584
38.6,0.13102197012778077
38.61,0.13103046586829709
38.62,0.13103913208609874
38.63,0.13104796878118577
38.64,0.13105697595355809
38.65,0.13106615360321577
38.660000000000004,0.13107550320641392
38.67,0.13108527910154286
38.68,0.13109548128860263
38.69,0.13110610976759313
38.7,0.13111716453851446
38.71,0.13112864560136658
38.72,0.13114055295614951
38.730000000000004,0.13115279605859237
38.74,0.1311652949756807
38.75,0.13117804970741445
38.76,0.13119106025379368
38.77,0.13120432661481837
38.78,0.1312178487904885
38.79,0.13123170466185632
38.800000000000004,0.1312459645200892
38.81,0.13126062836518707
38.82,0.13127569619715
38.83,0.13129116801597793
38.84,0.13130704382167097
38.85,0.13132332361422897
38.86,0.13134000591739686
38.87,0.13135683639278437
38.88,0.13137381504039142
38.89,0.13139094186021807
38.9,0.13140821685226428
38.910000000000004,0.1314256400165301
38.92,0.13144320914997207
38.93,0.1314609171074462
38.94,0.13147876388895247
38.95,0.13149674949449086
38.96,0.13151487392406136
38.97,0.13153313717766402
38.980000000000004,0.1315515392552988
38.99,0.1315700022759135
39.0,0.13158845594834076
39.01,0.13160690027258057
39.02,0.13162533524863293
39.03,0.13164376087649785
39.04,0.13166217715617531
39.050000000000004,0.13168058408766534
39.06,0.1316989816709679
39.07,0.13171736990608304
39.08,0.1317357461731261
39.09,0.13175401387121566
39.1,0.13177217300035168
39.11,0.13179022356053421
39.12,0.1318081677548066
39.13,0.13182601272831293
39.14,0.1318437584810532
39.15,0.1318614050130274
39.160000000000004,0.13187895232423558
39.17,0.13189640041467762
39.18,0.13191374928435362
39.19,0.13193099893326357
39.2,0.13194814936140747
39.21,0.13196520056878527
39.22,0.131982152555397
39.230000000000004,0.1319990053212427
39.24,0.13201575886632227
39.25,0.13203241319063583
39.26,0.1320489682941833
39.27,0.13206542417696474
39.28,0.1320817834588647
39.29,0.1320981427407647
39.300000000000004,0.13211503199474853
39.31,0.13213259563993984
39.32,0.13215083367633867
39.33,0.13216974610394502
39.34,0.13218933292275886
39.35,0.13220959413278022
39.36,0.13223052973400906
39.37,0.13225213972644542
39.38,0.1322744241100893
39.39,0.13229738288494067
39.4,0.13232101605099952
39.410000000000004,0.13234532360826592
39.42,0.13237030555673981
39.43,0.1323960989952001
39.44,0.13242284501280924
39.45,0.13245054360956715
39.46,0.13247919478547393
39.47,0.13250879854052947
39.480000000000004,0.1325393548747338
39.49,0.132570863788087
39.5,0.13260279530850516
39.51,0.1326350050168646
39.52,0.13266749291316537
39.53,0.13270025899740745
39.54,0.13273330326959082
39.550000000000004,0.13276662572971548
39.56,0.13280052306465912
39.57,0.13283501948025758
39.58,0.13287011497651088
39.59,0.13290580955341902
39.6,0.13294210321098196
39.61,0.13297899594919974
39.62,0.13301648776807234
39.63,0.13305444156882087
39.64,0.13309271626228292
39.65,0.13313131184845853
39.660000000000004,0.1331702283273476
39.67,0.1332094617590251
39.68,0.13324898988733186
39.69,0.13328881271226786
39.7,0.13332893023383313
39.71,0.13336934245202764
39.72,0.1334100493668514
39.730000000000004,0.13345105097830445
39.74,0.13349234728638676
39.75,0.13353393829109828
39.76,0.13357552730556144
39.77,0.13361709012394032
39.78,0.13365862674623494
39.79,0.13370013717244528
39.800000000000004,0.13374162605227108
39.81,0.13378313398539404
39.82,0.13382466097181417
39.83,0.1338662070115314
39.84,0.1339077721045458
39.85,0.1339493562508573
39.86,0.133990959450466
39.87,0.13403258564329693
39.88,0.1340742570855093
39.89,0.13411597377710305
39.9,0.13415773571807824
39.910000000000004,0.13419954290843483
39.92,0.13424139534817284
39.93,0.13428329303729225
39.94,0.13432537623225071
39.95,0.13436805480892083
39.96,0.1344113287673025
39.97,0.13445519810739587
39.980000000000004,0.13449966282920078
39.99,0.13454472293271733
40.0,0.13459037376824579
40.01,0.1346365747361044
40.02,0.1346833258362933
40.03,0.13473062706881234
40.04,0.1347784784336616
40.050000000000004,0.13482687993084105
40.06,0.13487566202922177
40.07,0.13492460107780643
40.08,0.13497369707659504
40.09,0.1350229500255876
40.1,0.1350723599247841
40.11,0.13512192677418455
40.12,0.13517165057378897
40.13,0.13522153132359732
40.14,0.135271428767152
40.15,0.13532093302858042
40.160000000000004,0.1353700441078826
40.17,0.13541876200505848
40.18,0.13546708672010815
40.19,0.13551501825303153
40.2,0.13556255660382865
40.21,0.13560994700623347
40.22,0.13565735729133274
40.230000000000004,0.13570478745912654
40.24,0.13575223750961474
40.25,0.13579970744279746
40.26,0.13584736678980364
40.27,0.13589543920163052
40.28,0.13594392467827815
40.29,0.1359928232197465
40.300000000000004,0.1360421348260356
40.31,0.13609185949714545
40.32,0.136141997233076
40.33,0.13619254803382724
40.34,0.13624356366578994
40.35,0.1362951999441838
40.36,0.1363474568690089
40.37,0.13640033444026517
40.38,0.13645383265795266
40.39,0.13650795152207135
40.4,0.13656269103262125
40.410000000000004,0.13661780595586842
40.42,0.13667312846072607
40.43,0.1367286585471942
40.44,0.13678439621527283
40.45,0.13684034146496188
40.46,0.13689649429626144
40.47,0.13695289702632835
40.480000000000004,0.1370097892460283
40.49,0.1370671709553612
40.5,0.13712504215432716
40.51,0.13718340284292613
40.52,0.1372422530211581
40.53,0.13730159268902312
40.54,0.13736137008013044
40.550000000000004,0.13742142937926036
40.56,0.1374817705864128
40.57,0.1375423937015878
40.58,0.13760329872478533
40.59,0.1376644856560054
40.6,0.13772587427148344
40.61,0.1377874086283836
40.62,0.1378490887267058
40.63,0.13791091456645005
40.64,0.13797288614761632
40.65,0.13803500347020475
40.660000000000004,0.1380972665342152
40.67,0.13815963302249085
40.68,0.138221863344166
40.69,0.1382839574992407
40.7,0.1383459154877149
40.71,0.13840773730958864
40.72,0.13846942296486192
40.730000000000004,0.13853097245353468
40.74,0.13859278586410892
40.75,0.1386549405668715
40.76,0.1387174365618224
40.77,0.13878027384896163
40.78,0.1388434524282892
40.79,0.1389069722998051
40.800000000000004,0.1389709136872739
40.81,0.13903533253353148
40.82,0.1391002288385779
40.83,0.13916560260241312
40.84,0.13923145382503715
40.85,0.13929778250644997
40.86,0.13936452962628254
40.87,0.13943162011207394
40.88,0.13949905396382417
40.89,0.1395668311815333
40.9,0.13963495176520122
40.910000000000004,0.13970341571482803
40.92,0.13977222303041367
40.93,0.1398413737119582
40.94,0.13991046767095966
40.95,0.13997942753713113
40.96,0.14004825331047266
40.97,0.1401169449909842
40.980000000000004,0.14018550257866585
40.99,0.1402539274718172
41.0,0.14032225302381438
41.01,0.1403904792346574
41.02,0.14045860610434624
41.03,0.14052663363288093
41.04,0.14059456182026145
41.050000000000004,0.1406623906664878
41.06,0.14073017919192907
41.07,0.1407980024690461
41.08,0.140865860497839
41.09,0.14093375327830762
41.1,0.14100168081045206
41.11,0.1410696430942723
41.12,0.14113764012976832
41.13,0.1412057308229325
41.14,0.14127405254656003
41.15,0.14134260530065088
41.160000000000004,0.141411389085205
41.17,0.14148040390022248
41.18,0.14154964974570322
41.19,0.14161912522334758
41.2,0.14168879697977949
41.21,0.1417586650149989
41.22,0.14182872932900584
41.230000000000004,0.14189898992180028
41.24,0.14196944679338225
41.25,0.14204009994375175
41.26,0.14211094937290875
41.27,0.14218232705724404
41.28,0.1422542772117326
41.29,0.14232679983637445
41.300000000000004,0.14239989493116956
41.31,0.14247356249611792
41.32,0.14254780253121963
41.33,0.1426225561304822
41.34,0.1426976859211105
41.35,0.14277319190310458
41.36,0.14284907407646444
41.37,0.14292533244119004
41.38,0.1430019669972814
41.39,0.14307906137535495
41.4,0.1431567578521688
41.410000000000004,0.143235056427723
41.42,0.14331395710201758
41.43,0.14339345987505248
41.44,0.1434735647468277
41.45,0.1435542717173433
41.46,0.14363558078659927
41.47,0.1437171599782048
41.480000000000004,0.14379896507718495
41.49,0.14388099608353966
41.5,0.14396325299726895
41.51,0.1440457020941754
41.52,0.14412821640856005
41.53,0.14421079594042296
41.54,0.1442934406897641
41.550000000000004,0.1443761506565835
41.56,0.1444589258408811
41.57,0.14454176624265697
41.58,0.14462467186191102
41.59,0.14470755906802696
41.6,0.1447902855842465
41.61,0.14487285141056977
41.62,0.14495525654699662
41.63,0.14503750099352716
41.64,0.14511961549665225
41.65,0.1452016884289999
41.660000000000004,0.14528371979057
41.67,0.14536570958136258
41.68,0.1454476578013777
41.69,0.14552956445061532
41.7,0.1456114295290754
41.71,0.14569328676095547
41.72,0.14577526311195438
41.730000000000004,0.14585735858207213
41.74,0.14593957317130873
41.75,0.14602190687966418
41.76,0.14610435970713848
41.77,0.14618690723007832
41.78,0.14626951267017357
41.79,0.14635217602742429
41.800000000000004,0.1464348973018304
41.81,0.146517676493392
41.82,0.14660051360210904
41.83,0.14668340862798152
41.84,0.1467663308245185
41.85,0.1468491918190921
41.86,0.14693199161170226
41.87,0.14701473020234904
41.88,0.14709740759103243
41.89,0.14718002377775236
41.9,0.14726253134850903
41.910000000000004,0.14734444842150532
41.92,0.14742577499674123
41.93,0.14750651107421683
41.94,0.14758665665393209
41.95,0.14766621173588698
41.96,0.14774517632008155
41.97,0.14782357483016909
41.980000000000004,0.14790144404445965
41.99,0.14797878396295333
42.0,0.14805559458565004
42.01,0.1481318759125498
42.02,0.14820762794365264
42.03,0.14828285067895852
42.04,0.14835754411846747
42.050000000000004,0.1484317082621795
42.06,0.14850542676843898
42.07,0.14857877094925714
42.08,0.14865174080463397
42.09,0.14872433633456944
42.1,0.14879660495306352
42.11,0.1488690285419132
42.12,0.1489416071011185
42.13,0.1490143406306794
42.14,0.1490872291305959
42.15,0.149160272600868
42.160000000000004,0.14923347104149573
42.17,0.14930682445247906
42.18,0.149380332833818
42.19,0.14945399618551253
42.2,0.14952781450756267
42.21,0.14960210876779328
42.22,0.14967736307146257
42.230000000000004,0.14975357741857043
42.24,0.14983075180911692
42.25,0.14990888624310206
42.26,0.14998789706218144
42.27,0.1500677129543438
42.28,0.15014833391958915
42.29,0.15022975995791757
42.300000000000004,0.150311991069329
42.31,0.15039502725382348
42.32,0.15047886851140096
42.33,0.15056351484206146
42.34,0.1506493471174216
42.35,0.1507364803921261
42.36,0.15082491466617487
42.37,0.15091464993956794
42.38,0.15100568621230537
42.39,0.15109802348438706
42.4,0.15119166175581308
42.410000000000004,0.15128628005875858
42.42,0.15138139428796532
42.43,0.15147700444343337
42.44,0.1515731105251627
42.45,0.15166983639968806
42.46,0.15176757347500325
42.47,0.15186632175110829
42.480000000000004,0.15196608122800315
42.49,0.15206685190568783
42.5,0.15216863378416232
42.51,0.15227142686342665
42.52,0.1523752311434808
42.53,0.15248004662432482
42.54,0.152585492434342
42.550000000000004,0.15269145351888774
42.56,0.15279782830813202
42.57,0.15290456739828168
42.58,0.1530116707893367
42.59,0.15311913848129716
42.6,0.15322697047416292
42.61,0.15333516676793407
42.62,0.15344372736261064
42.63,0.1535526522581925
42.64,0.1536619414546798
42.65,0.15377147108553768
42.660000000000004,0.15388084974277244
42.67,0.1539900493166895
42.68,0.1540990586294519
42.69,0.15420787768105962
42.7,0.15431650647151268
42.71,0.15442494500081103
42.72,0.1545331932689547
42.730000000000004,0.1546412512759437
42.74,0.15474911902177807
42.75,0.1548567965064577
42.76,0.15496438529981266
42.77,0.1550719348056361
42.78,0.15517971519515314
42.79,0.15528790181267596
42.800000000000004,0.15539649465820465
42.81,0.1555054937317391
42.82,0.15561489903327935
42.83,0.15572471056282547
42.84,0.15583492832037735
42.85,0.15594555230593504
42.86,0.15605658251949855
42.87,0.1561680470707624
42.88,0.1562797472951029
42.89,0.15639120918962565
42.9,0.15650243275433057
42.910000000000004,0.15661341798921768
42.92,0.156724164894287
42.93,0.15683467346953853
42.94,0.1569449437149722
42.95,0.15705497563058812
42.96,0.1571647692163862
42.97,0.1572743244723665
42.980000000000004,0.1573833712273039
42.99,0.15749173413688616
43.0,0.15759918385679256
43.01,0.1577055748683015
43.02,0.15781090717141288
43.03,0.15791518076612673
43.04,0.15801839565244308
43.050000000000004,0.15812055183036194
43.06,0.15822164929988322
43.07,0.15832168806100702
43.08,0.1584208779561939
43.09,0.15851969298833832
43.1,0.15861813315744042
43.11,0.1587161984635001
43.12,0.1588138882948961
43.13,0.1589110450826094
43.14,0.15900766882663994
43.15,0.1591037595269878
43.160000000000004,0.1591993171836529
43.17,0.1592943417966353
43.18,0.15938883336593496
43.19,0.1594827918915519
43.2,0.15957644671780682
43.21,0.15966994336342138
43.22,0.15976328182839566
43.230000000000004,0.15985646211272958
43.24,0.1599494842164232
43.25,0.16004235119623406
43.26,0.16013538313354758
43.27,0.16022858002836382
43.28,0.16032194188068272
43.29,0.16041546869050433
43.300000000000004,0.16050916045782865
43.31,0.16060301718265563
43.32,0.16069703947660657
43.33,0.16079138490870054
43.34,0.16088605347893753
43.35,0.1609810451873175
43.36,0.16107636003384054
43.37,0.16117199801850654
43.38,0.1612681574677634
43.39,0.1613648484490357
43.4,0.1614620709623234
43.410000000000004,0.16155982500762658
43.42,0.1616581105849452
43.43,0.16175692769427924
43.44,0.1618562763356287
43.45,0.16195615345223602
43.46,0.1620562389627158
43.47,0.16215653286706794
43.480000000000004,0.16225703516529255
43.49,0.16235785646792228
43.5,0.1624591076997599
43.51,0.16256078886080547
43.52,0.1626628999510589
43.53,0.16276544097052023
43.54,0.1628684119191895
43.550000000000004,0.16297181279706663
43.56,0.16307564360415167
43.57,0.16317990434044466
43.58,0.16328439667949768
43.59,0.16338911055388622
43.6,0.16349394644754794
43.61,0.16359885489567577
43.62,0.16370383589826973
43.63,0.16380888945532987
43.64,0.16391401556685617
43.65,0.1640192142328486
43.660000000000004,0.16412448545330716
43.67,0.16422982922823187
43.68,0.16433524555762272
43.69,0.16444062383094699
43.7,0.16454585312340195
43.71,0.16465077884174978
43.72,0.1647553390181698
43.730000000000004,0.16485953365266195
43.74,0.16496336274522622
43.75,0.16506682629586264
43.76,0.16516992430457117
43.77,0.1652726567713519
43.78,0.16537502369620474
43.79,0.1654770250791297
43.800000000000004,0.16557876043618913
43.81,0.16568027923219006
43.82,0.16578149869662437
43.83,0.16588234242276256
43.84,0.16598281041060464
43.85,0.16608290266015063
43.86,0.16618261917140054
43.87,0.16628195994435432
43.88,0.16638092497901202
43.89,0.1664795142753736
43.9,0.16657772783343908
43.910000000000004,0.1666757202464462
43.92,0.16677355348221573
43.93,0.16687116680510333
43.94,0.16696836986340452
43.95,0.16706516265711932
43.96,0.16716154518624776
43.97,0.16725751745078976
43.980000000000004,0.16735307945074535
43.99,0.16744823118611457
44.0,0.16754297265689738
44.01,0.16763730386309378
44.02,0.1677313075752119
44.03,0.1678250601999812
44.04,0.16791856173740166
44.050000000000004,0.1680117332539882
44.06,0.16810453936298472
44.07,0.16819698006439127
44.08,0.16828905535820785
44.09,0.1683807652444344
44.1,0.16847210972307097
44.11,0.16856308879411758
44.12,0.1686537024575742
44.13,0.16874401144908513
44.14,0.16883420612035493
44.15,0.16892428647138352
44.160000000000004,0.16901414916069743
44.17,0.16910347210040072
44.18,0.16919225529049348
44.19,0.16928049873097564
44.2,0.1693682024218472
44.21,0.1694553663631082
44.22,0.16954199055475863
44.230000000000004,0.1696280749967985
44.24,0.16971361968922774
44.25,0.16979870356553156
44.26,0.16988336201246595
44.27,0.16996759503003098
44.28,0.1700514078517596
44.29,0.170134861217624
44.300000000000004,0.1702179551276241
44.31,0.17030068958176006
44.32,0.17038306458003172
44.33,0.17046508012243916
44.34,0.17054673620898236
44.35,0.17062803283966135
44.36,0.17070907335594962
44.37,0.1707901798457431
44.38,0.17087135230904174
44.39,0.1709525907458455
44.4,0.17103329676659754
44.410000000000004,0.17111314298330632
44.42,0.171192129395972
44.43,0.1712702560045945
44.44,0.1713475228091738
44.45,0.17142392980970997
44.46,0.171499477006203
44.47,0.1715741643986528
44.480000000000004,0.17164798675352647
44.49,0.17172088333085175
44.5,0.17179285413062875
44.51,0.17186389915285738
44.52,0.1719340183975377
44.53,0.17200321186466966
44.54,0.17207171445228303
44.550000000000004,0.1721396700417969
44.56,0.17220707863321122
44.57,0.17227394022652598
44.58,0.1723402548217412
44.59,0.17240602241885689
44.6,0.17247184140743002
44.61,0.17253803917545193
44.62,0.17260461572292266
44.63,0.17267157104984215
44.64,0.1727389051562105
44.65,0.1728066180420276
44.660000000000004,0.17287480594420648
44.67,0.17294349065316555
44.68,0.17301267216890476
44.69,0.17308235049142412
44.7,0.17315252562072367
44.71,0.17322319755680338
44.72,0.17329436629966324
44.730000000000004,0.17336603184930327
44.74,0.17343795930769368
44.75,0.17351000479341544
44.76,0.1735821698639894
44.77,0.17365446437800705
44.78,0.17372688833546843
44.79,0.17379944173637357
44.800000000000004,0.17387212458072246
44.81,0.1739449368685151
44.82,0.17401787859975146
44.83,0.17409094977443157
44.84,0.17416415039255545
44.85,0.17423748045412304
44.86,0.1743108617936761
44.87,0.17438431932931242
44.88,0.17445785306103198
44.89,0.17453146298883487
44.9,0.17460514911272101
44.910000000000004,0.17467891143269038
44.92,0.17475274994874307
44.93,0.174826664660879
44.94,0.17490065556909823
44.95,0.17497461863175037
44.96,0.17504840120298087
44.97,0.17512199342419815
44.980000000000004,0.17519539529540212
44.99,0.1752686068165929
45.0,0.1753416279877704
45.01,0.17541445880893466
45.02,0.17548709928008566
45.03,0.17555954940122342
45.04,0.1756311105883885
45.050000000000004,0.1757016093360661
45.06,0.17577102757280144
45.07,0.17583931859007837
45.08,0.1759064823878969
45.09,0.17597251896625704
45.1,0.17603742832515873
45.11,0.17610121046460206
45.12,0.17616386538458692
45.13,0.1762253930851134
45.14,0.17628512689418527
45.15,0.1763430765576745
45.160000000000004,0.17639939316391492
45.17,0.17645407671290647
45.18,0.17650712720464923
45.19,0.17655854463914314
45.2,0.17660832901638818
45.21,0.17665648033638442
45.22,0.1767029985991318
45.230000000000004,0.1767478838046304
45.24,0.17679183453683955
45.25,0.17683467857823104
45.26,0.17687634297813395
45.27,0.17691682773654835
45.28,0.17695613285347417
45.29,0.17699425832891147
45.300000000000004,0.17703120416286022
45.31,0.1770669703553204
45.32,0.17710155690629206
45.33,0.17713496381577515
45.34,0.17716758414442016
45.35,0.1771988966075373
45.36,0.17722890120512655
45.37,0.17725759793718793
45.38,0.17728498680372146
45.39,0.1773110678047271
45.4,0.1773358409402049
45.410000000000004,0.17735930621015483
45.42,0.17738146361457688
45.43,0.17740231315347105
45.44,0.17742185482683734
45.45,0.17743970863219194
45.46,0.17745581091739376
45.47,0.17747016168244287
45.480000000000004,0.17748276092733922
45.49,0.17749360865208283
45.5,0.1775027048566737
45.51,0.17751004954111185
45.52,0.17751564270539724
45.53,0.17751948434952988
45.54,0.17752184808485555
45.550000000000004,0.17752250018387875
45.56,0.17752129830722665
45.57,0.17751824245489917
45.58,0.1775133326268964
45.59,0.1775065688232183
45.6,0.17749795104386487
45.61,0.17748747928883613
45.62,0.17747515355813204
45.63,0.17746097385175263
45.64,0.17744475538495041
45.65,0.1774260150548085
45.660000000000004,0.17740488946413885
45.67,0.1773813786129414
45.68,0.17735548250121616
45.69,0.17732720112896314
45.7,0.17729653449618235
45.71,0.17726348260287378
45.72,0.1772280454490374
45.730000000000004,0.1771894386713086
45.74,0.1771473234880466
45.75,0.17710254920721505
45.76,0.17705525816818676
45.77,0.1770054503709618
45.78,0.17695312581554018
45.79,0.17689828450192177
45.800000000000004,0.1768409264301067
45.81,0.17678099679768855
45.82,0.17671700676428237
45.83,0.17664895632988808
45.84,0.17657703027925326
45.85,0.17650243744082172
45.86,0.17642517781459338
45.87,0.17634525140056834
45.88,0.17626265819874654
45.89,0.17617739820912798
45.9,0.17608829448991187
45.910000000000004,0.17599524288878746
45.92,0.17589824340575477
45.93,0.1757980804041784
45.94,0.17569509266569922
45.95,0.17558928019031708
45.96,0.17548064297803206
45.97,0.17536918102884413
45.980000000000004,0.17525472755185087
45.99,0.17513724362635613
46.0,0.17501672925235992
46.01,0.17489323923226857
46.02,0.17476826240646703
46.03,0.1746417987749554
46.04,0.17451384833773362
46.050000000000004,0.17438441109480168
46.06,0.1742534870461596
46.07,0.17412057664014685
46.08,0.17398514292924921
46.09,0.1738471859134667
46.1,0.17370788253460012
46.11,0.17356733694496015
46.12,0.17342554914454683
46.13,0.1732825191333602
46.14,0.1731382469114002
46.15,0.17299273247866684
46.160000000000004,0.17284586578135996
46.17,0.1726970782702707
46.18,0.17254653673630152
46.19,0.17239428010014854
46.2,0.1722403083618118
46.21,0.17208462152129134
46.22,0.1719272195785871
46.230000000000004,0.17176810253369906
46.24,0.1716072703866273
46.25,0.17144472313737175
46.26,0.1712796338686929
46.27,0.1711117704592166
46.28,0.17094166985645706
46.29,0.17076933206041428
46.300000000000004,0.17059475707108823
46.31,0.17041794488847892
46.32,0.1702388955125864
46.33,0.17005760894341063
46.34,0.1698740851809516
46.35,0.1696872807219211
46.36,0.1694964945639724
46.37,0.16930229525631438
46.38,0.16910468279894697
46.39,0.16890365719187025
46.4,0.16869921843508418
46.410000000000004,0.16849136652858876
46.42,0.16828010147238398
46.43,0.16806496781046307
46.44,0.1678451534705158
46.45,0.16762065845254212
46.46,0.16739230967378158
46.47,0.1671608388072689
46.480000000000004,0.16692624585300406
46.49,0.16668853081098708
46.5,0.16644769368121798
46.51,0.16620373113476794
46.52,0.1659566390296064
46.53,0.16570641736573327
46.54,0.16545306614314864
46.550000000000004,0.1651976288651407
46.56,0.1649409165878563
46.57,0.16468292931129555
46.58,0.16442366703545835
46.59,0.16416305690096678
46.6,0.16390054373570598
46.61,0.1636361275396759
46.62,0.16336980831287667
46.63,0.16310204151131497
46.64,0.1628336392073011
46.65,0.162564601400835
46.660000000000004,0.16229492809191673
46.67,0.1620246192805463
46.68,0.1617536531540869
46.69,0.16148202545081172
46.7,0.1612097361707207
46.71,0.16093678864274258
46.72,0.160663187008908
46.730000000000004,0.16038893126921697
46.74,0.1601140214236695
46.75,0.15983845747226558
46.76,0.15956240829313612
46.77,0.15928622362386263
46.78,0.1590099034644451
46.79,0.15873352067426144
46.800000000000004,0.15845763042542652
46.81,0.15818223271794035
46.82,0.15790732755180287
46.83,0.15763291492701417
46.84,0.15735899484357418
46.85,0.15708506400878214
46.86,0.15681001756904486
46.87,0.1565338555243623
46.88,0.1562565996873712
46.89,0.15597825431979848
46.9,0.15569881942164415
46.910000000000004,0.15541829499290827
46.92,0.1551366810335908
46.93,0.15485415081234905
46.94,0.15457144914863533
46.95,0.15428857604244967
46.96,0.15400536261566106
46.97,0.15372145913068813
46.980000000000004,0.15343686558753084
46.99,0.15315158198618922
47.0,0.15286560832666324
47.01,0.1525789446089529
47.02,0.15229173016296332
47.03,0.1520040875497231
47.04,0.15171601676923224
47.050000000000004,0.1514280211141915
47.06,0.15114120543819415
47.07,0.1508555697412401
47.08,0.1505711140233294
47.09,0.15028783828446207
47.1,0.15000574252463805
47.11,0.14972566057127465
47.12,0.14944781782974526
47.13,0.1491720410313926
47.14,0.1488975853567643
47.15,0.14862445080586043
47.160000000000004,0.14835263737868093
47.17,0.14808214507522582
47.18,0.14781297389549514
47.19,0.14754512383948878
47.2,0.14727884828963358
47.21,0.1470144200827883
47.22,0.14675169988904796
47.230000000000004,0.14649056514738396
47.24,0.14623101585779621
47.25,0.1459730520202848
47.26,0.14571667363484964
47.27,0.1454618807014908
47.28,0.14520867322020825
47.29,0.14495703275758182
47.300000000000004,0.14470634181142827
47.31,0.14445576655433032
47.32,0.14420508158091455
47.33,0.14395428689118098
47.34,0.1437033824851296
47.35,0.1434523683627604
47.36,0.1432012445240734
47.37,0.14295001096906856
47.38,0.14269918851562727
47.39,0.14244970028663018
47.4,0.1422012928996506
47.410000000000004,0.14195369351782963
47.42,0.14170690214116727
47.43,0.14146091876966346
47.44,0.14121574340331827
47.45,0.14097137604213167
47.46,0.1407278166861037
47.47,0.14048512036097133
47.480000000000004,0.1402445966278582
47.49,0.14000626392018453
47.5,0.13977073974013351
47.51,0.13953802408770516
47.52,0.1393081169628995
47.53,0.1390810183657165
47.54,0.13885672829615617
47.550000000000004,0.1386352467542185
47.56,0.1384165737399035
47.57,0.138200703510301
47.58,0.13798701653742798
47.59,0.1377745896984037
47.6,0.13756342299322818
47.61,0.13735351642190144
47.62,0.13714486998442346
47.63,0.13693748368079425
47.64,0.13673135751101378
47.65,0.1365264914750821
47.660000000000004,0.1363228855729992
47.67,0.1361211264576398
47.68,0.1359200152177149
47.69,0.13571955185322465
47.7,0.13551973636416903
47.71,0.13532056875054801
47.72,0.13512204901236158
47.730000000000004,0.13492417714960975
47.74,0.13472695316229252
47.75,0.13453037705040988
47.76,0.1343344112489709
47.77,0.1341390466104907
47.78,0.13394438184507096
47.79,0.13375041695271175
47.800000000000004,0.13355715193341303
47.81,0.13336458678717483
47.82,0.13317272151399712
47.83,0.13298155611387993
47.84,0.132791730551688
47.85,0.1326041690842629
47.86,0.13241887171160452
47.870000000000005,0.13223519675510123
47.88,0.13205303356491827
47.89,0.13187238214105557
47.9,0.1316932424835132
47.910000000000004,0.1315156145922911
47.92,0.13133949846738932
47.93,0.1311651701281151
47.94,0.13099314933628037
47.95,0.13082343609188515
47.96,0.1306560679599204
47.97,0.13049105983078108
47.980000000000004,0.13032841170446727
47.99,0.13016812358097893
48.0,0.13001019546031606
48.01,0.1298546273424787
48.02,0.12970157526278797
48.03,0.12955162190313313
48.04,0.12940412729864947
48.050000000000004,0.12925816719249544
48.06,0.12911374158467104
48.07,0.12897085047517629
48.08,0.12882949386401116
48.09,0.12868967175117568
48.1,0.1285513841366698
48.11,0.12841465483721193
48.120000000000005,0.12828067428267576
48.13,0.12814916645375402
48.14,0.12801961158863479
48.15,0.12789200968731806
48.160000000000004,0.12776636074980388
48.17,0.12764266477609218
48.18,0.127520921766183
48.19,0.12740113172007633
48.2,0.12728329463777216
48.21,0.12716741051927052
48.22,0.12705348888340426
48.230000000000004,0.12694097665206439
48.24,0.12682987382525088
48.25,0.12672018040296376
48.26,0.12661189638520304
48.27,0.12650502177196868
48.28,0.12639955656326068
48.29,0.12629550075907908
48.300000000000004,0.12619285435942387
48.31,0.1260916544301211
48.32,0.12599078380624537
48.33,0.12589024248779662
48.34,0.12579003047477486
48.35,0.1256901477671801
48.36,0.12559059436501233
48.370000000000005,0.12549137026827156
48.38,0.1253924754769578
48.39,0.1252939099910711
48.4,0.12519618657515455
48.410000000000004,0.12509932958830233
48.42,0.12500317347636042
48.43,0.12490768863554846
48.44,0.12481287506586654
48.45,0.1247187327673146
48.46,0.12462526173989266
48.47,0.12453246198360068
48.480000000000004,0.12444072879929542
48.49,0.12435028901457654
48.5,0.12426114262944399
48.51,0.12417322876135344
48.52,0.12408647414535653
48.53,0.12400087878145336
48.54,0.12391644266964386
48.550000000000004,0.12383316580992805
48.56,0.12375125876288307
48.57,0.12367122151514591
48.58,0.12359305406671658
48.59,0.1235167564175951
48.6,0.12344181580323821
48.61,0.12336820786455183
48.620000000000005,0.12329593260153597
48.63,0.12322499001419067
48.64,0.12315538010251584
48.65,0.12308745056110096
48.660000000000004,0.12302143050130723
48.67,0.12295731992313468
48.68,0.12289472352572661
48.69,0.12283341448148333
48.7,0.12277339279040485
48.71,0.12271465845249112
48.72,0.12265721146774218
48.730000000000004,0.12260105183615803
48.74,0.12254651000794818
48.75,0.1224936911281352
48.76,0.12244238463614188
48.77,0.12239209054533125
48.78,0.12234280885570334
48.79,0.12229453956725811
48.800000000000004,0.1222472826799956
48.81,0.12220103819391578
48.82,0.1221559321500166
48.83,0.122112418440758
48.84,0.12207049706614004
48.85,0.12202982033157321
48.86,0.12199015912569637
48.870000000000005,0.12195151344850945
48.88,0.12191388330001249
48.89,0.12187726868020547
48.9,0.12184166958908844
48.910000000000004,0.12180715332715357
48.92,0.12177409111444526
48.93,0.1217424829509635
48.94,0.12171199838649882
48.95,0.12168253227602861
48.96,0.12165408461955292
48.97,0.12162665541707174
48.980000000000004,0.12160024466858506
48.99,0.12157485237409289
49.0,0.12155054702371701
49.01,0.1215276829557173
49.02,0.12150613412909576
49.03,0.12148544665139249
49.04,0.12146562052260743
49.050000000000004,0.12144665574274065
49.06,0.1214285523117921
49.07,0.12141131022976182
49.08,0.12139492949664976
49.09,0.12137952652071722
49.1,0.12136541000031453
49.11,0.1213525126349494
49.120000000000005,0.12134046320457754
49.13,0.12132926170919886
49.14,0.12131890814881341
49.15,0.12130940252342119
49.160000000000004,0.1213007448330222
49.17,0.1212929350776164
49.18,0.12128597325720385
49.19,0.12127989657591967
49.2,0.12127494300698424
49.21,0.12127075821213776
49.22,0.12126734219138022
49.230000000000004,0.12126469494471162
49.24,0.12126281647213195
49.25,0.1212617067736412
49.26,0.12126136584923938
49.27,0.12126179369892653
49.28,0.12126299032270257
49.29,0.12126483931230632
49.300000000000004,0.12126735222768656
49.31,0.12127056916189498
49.32,0.12127449011493155
49.33,0.1212791150867963
49.34,0.1212844440774892
49.35,0.12129047708701027
49.36,0.12129721411535951
49.370000000000005,0.12130465516253693
49.38,0.12131280022854249
49.39,0.12132166166130764
49.4,0.12133113563919698
49.410000000000004,0.12134122216221047
49.42,0.12135192123034808
49.43,0.12136323284360986
49.44,0.12137515700199579
49.45,0.12138769370550591
49.46,0.12140084295414015
49.47,0.12141460474789856
49.480000000000004,0.12142897908678116
49.49,0.12144396597078788
49.5,0.12145942320332244
49.51,0.12147541801323306
49.52,0.12149195040051974
49.53,0.12150902036518249
49.54,0.12152662790722131
49.550000000000004,0.1215447730266362
49.56,0.12156345572342712
49.57,0.12158267599759413
49.58,0.12160243384913719
49.59,0.12162267972598972
49.6,0.121643210986445
49.61,0.1216640371269166
49.620000000000005,0.12168515820447039
49.63,0.12170657421910633
49.64,0.12172828517082443
49.65,0.12175029105962469
49.660000000000004,0.12177259188550713
49.67,0.1217951876484717
49.68,0.12181807834851843
49.69,0.12184126398564732
49.7,0.12186456649815551
49.71,0.12188787856414315
49.72,0.12191120018361024
49.730000000000004,0.12193453135655671
49.74,0.1219580793642094
49.75,0.12198186174843503
49.76,0.1220058785092337
49.77,0.12203012964660534
49.78,0.12205461516054997
49.79,0.12207933505106758
49.800000000000004,0.12210428931815817
49.81,0.12212946846540815
49.82,0.12215487243575167
49.83,0.12218050122918873
49.84,0.12220635484571937
49.85,0.12223243328534354
49.86,0.12225873654806127
49.870000000000005,0.1222857888171609
49.88,0.12231363605740839
49.89,0.12234227826880376
49.9,0.12237171545134698
49.910000000000004,0.12240194760503806
49.92,0.12243297472987702
49.93,0.12246479682586386
49.94,0.12249720661177185
49.95,0.12253018654573415
49.96,0.12256373662775077
49.97,0.12259803164748768
49.980000000000004,0.12263347610614908
49.99,0.12267007000373495
50.0,0.1227078133402453
50.01,0.12274670611568013
50.02,0.12278674833003944
50.03,0.12282793998332327
50.04,0.12287028107553152
50.050000000000004,0.12291377160666428
50.06,0.12295842655040294
50.07,0.12300392083291962
50.08,0.12305020848944834
50.09,0.12309728951998906
50.1,0.12314516392454185
50.11,0.12319383170310665
50.120000000000005,0.12324329285568347
50.13,0.12329354738227234
50.14,0.12334459528287323
50.15,0.12339643655748615
50.160000000000004,0.12344910667184109
50.17,0.12350245082728566
50.18,0.12355606452261576
50.19,0.12360994775783136
50.2,0.12366410053293245
50.21,0.12371852284791904
50.22,0.1237732147027911
50.230000000000004,0.12382817609754866
50.24,0.12388340703219174
50.25,0.12393890750672029
50.26,0.12399474570632571
50.27,0.1240507960672231
50.28,0.12410705858941251
50.29,0.1241635332728939
50.300000000000004,0.12422022011766723
50.31,0.12427711912373256
50.32,0.12433423029108988
50.33,0.12439155361973916
50.34,0.12444908910968047
50.35,0.12450683676091372
50.36,0.12456473491971806
50.370000000000005,0.12462263096238275
50.38,0.12468052488890771
50.39,0.12473841669929293
50.4,0.12479630639353848
50.410000000000004,0.12485419397164425
50.42,0.12491207943361035
50.43,0.12496996277943673
50.44,0.1250278440091234
50.45,0.12508572312267036
50.46,0.1251435169612048
50.47,0.12520115197905116
50.480000000000004,0.1252586662365406
50.49,0.12531611463058806
50.5,0.1253734971611935
50.51,0.1254308138283569
50.52,0.12548806463207832
50.53,0.12554524957235766
50.54,0.125602368649195
50.550000000000004,0.12565942186259033
50.56,0.12571643540053454
50.57,0.1257735418957248
50.58,0.12583074134816108
50.59,0.1258880337578434
50.6,0.12594559566495298
50.61,0.12600388008898875
50.620000000000005,0.12606288702995075
50.63,0.12612261648783896
50.64,0.1261830684626534
50.65,0.12624424295439404
50.660000000000004,0.12630613996306092
50.67,0.12636875948865403
50.68,0.12643206347084218
50.69,0.12649599701271047
50.7,0.12656056011425895
50.71,0.12662606677685145
50.72,0.12669263894846675
50.730000000000004,0.12676027662910488
50.74,0.1268289798187658
50.75,0.1268987485174496
50.76,0.12696958272515618
50.77,0.1270414824418856
50.78,0.12711444766763783
50.79,0.1271884784024129
50.800000000000004,0.1272633981060296
50.81,0.12733912499765432
50.82,0.12741574309068684
50.83,0.12749325238512715
50.84,0.12757165288097527
50.85,0.12765094457823115
50.86,0.1277311274768948
50.870000000000005,0.12781220157696627
50.88,0.12789416687844551
50.89,0.12797702338133257
50.9,0.12806083919426386
50.910000000000004,0.12814536922632022
50.92,0.12823049152952287
50.93,0.12831620610387182
50.94,0.12840251294936705
50.95,0.12848941206600856
50.96,0.12857690345379633
50.97,0.1286649871127304
50.980000000000004,0.12875366304281075
50.99,0.1288429511909865
51.0,0.12893316912613556
51.01,0.12902394560959257
51.02,0.12911519662795776
51.03,0.12920692218123114
51.04,0.1292991222694127
51.050000000000004,0.1293917968925025
51.06,0.12948494605050045
51.07,0.1295785697434066
51.08,0.12967266797122093
51.09,0.12976705489708323
51.1,0.12986164571426134
51.11,0.12995637151231063
51.120000000000005,0.130051232291231
51.13,0.13014622805102255
51.14,0.13024135879168516
51.15,0.13033662451321898
51.160000000000004,0.13043202521562386
51.17,0.13052756089889989
51.18,0.13062323299685505
51.19,0.13071906329166846
51.2,0.13081473421446224
51.21,0.13091024576523635
51.22,0.1310055979439908
51.230000000000004,0.13110079075072562
51.24,0.13119582418544073
51.25,0.1312906982481362
51.26,0.13138541293881198
51.27,0.13147996825746813
51.28,0.13157436420410462
51.29,0.1316692591502901
51.300000000000004,0.13176471513966326
51.31,0.1318607321722241
51.32,0.1319573102479727
51.33,0.132054449366909
51.34,0.13215214952903304
51.35,0.1322504107343447
51.36,0.13234923298284412
51.370000000000005,0.13244861627453125
51.38,0.1325488787623648
51.39,0.13265028419979347
51.4,0.13275283258681725
51.410000000000004,0.13285652392343617
51.42,0.13296135820965022
51.43,0.1330673354454594
51.44,0.13317445563086372
51.45,0.13328271876586317
51.46,0.1333921248504578
51.47,0.13350261819546533
51.480000000000004,0.13361419094849444
51.49,0.1337263705748367
51.5,0.13383911172894902
51.51,0.13395241441083147
51.52,0.13406627862048404
51.53,0.1341807043579067
51.54,0.13429569162309943
51.550000000000004,0.13441124041606228
51.56,0.13452711903703324
51.57,0.13464330909188163
51.58,0.1347594909938407
51.59,0.1348753592603335
51.6,0.13499091389136
51.61,0.13510615488692024
51.620000000000005,0.13522108224701418
51.63,0.13533569597164183
51.64,0.1354499960608032
51.65,0.13556413361464617
51.660000000000004,0.13567837845200104
51.67,0.13579278626205005
51.68,0.13590736489718458
51.69,0.1360221143574046
51.7,0.1361370346427102
51.71,0.13625212575310128
51.72,0.1363673876885779
51.730000000000004,0.13648282044914004
51.74,0.1365985394701392
51.75,0.1367148461553823
51.76,0.13683197220463134
51.77,0.13694993601201702
51.78,0.13706873757753932
51.79,0.13718837690119828
51.800000000000004,0.13730885398299386
51.81,0.13743016882292605
51.82,0.1375523214209949
51.83,0.13767530472383416
51.84,0.13779911446387996
51.85,0.1379235995409845
51.86,0.13804849013631731
51.870000000000005,0.1381737862498785
51.88,0.138299487881668
51.89,0.13842559503168586
51.9,0.13855210769993204
51.910000000000004,0.13867902588640654
51.92,0.13880638543727897
51.93,0.13893419511536426
51.94,0.13906233948531094
51.95,0.13919051714331201
51.96,0.13931872808936754
51.97,0.13944697232347752
51.980000000000004,0.13957524984564196
51.99,0.13970356065586081
52.0,0.13983190475413415
52.01,0.13995984885408239
52.02,0.14008734825238828
52.03,0.14021441000241813
52.04,0.14034103837173575
52.050000000000004,0.14046723336034111
52.06,0.14059299496823424
52.07,0.14071832319541513
52.08,0.1408432180418838
52.09,0.14096767950764022
52.1,0.1410916882714971
52.11,0.14121514126507986
52.120000000000005,0.1413380026422189
52.13,0.14146026364009928
52.14,0.14158192425872101
52.15,0.14170298449808408
52.160000000000004,0.14182344435818847
52.17,0.1419433038390342
52.18,0.1420625629406213
52.19,0.14218122166294972
52.2,0.14224059475548537
52.21,0.14229988980703037
52.22,0.14235914563778312
52.230000000000004,0.142418354893845
52.24,0.14247750826027789
52.25,0.14253659376073272
52.26,0.14259559573382988
52.27,0.14265449329773003
52.28,0.14271325797719756
