Time,Altitude
0.0,1.9859590291727378
0.01,1.9840394200481866
0.02,1.9821684368682924
0.03,1.9803348582612115
0.04,1.9785306689613418
0.05,1.976749955555518
0.06,1.97482803343444
0.07,1.9727898217831523
0.08,1.9706547021900238
0.09,1.9684099188308868
0.1,1.9660711565028592
0.11,1.9619344936525873
0.12,1.9575286254983286
0.13,1.952853552040083
0.14,1.9478956489173977
0.15,1.942685949795956
0.16,1.9372403617526899
0.17,1.9316043245426258
0.18,1.9258514618473572
0.19,1.9200164699375204
0.2,1.9140900452679568
0.21,1.9079766673500729
0.22,1.9016754407808398
0.23,1.8951845965388006
0.24,1.8885041346239546
0.25,1.881628781141993
0.26,1.8746838551437832
0.27,1.8676718885516048
0.28,1.8606277416865722
0.29,1.85357806877292
0.3,1.846513518299473
0.31,1.8394074799341193
0.32,1.8323002239143196
0.33,1.8252558834268455
0.34,1.8183027091687176
0.35000000000000003,1.811461106050407
0.36,1.8046756857942796
0.37,1.7978859269776943
0.38,1.7911207087249277
0.39,1.7844225917716998
0.4,1.77779489590672
0.41000000000000003,1.7712004173774658
0.42,1.764611604859994
0.43,1.7580537319509144
0.44,1.7515735065119469
0.45,1.7451762291011916
0.46,1.7388711658011957
0.47000000000000003,1.7326592430700818
0.48,1.7265056005867354
0.49,1.7204173637550273
0.5,1.7144049308645575
0.51,1.708501041748704
0.52,1.7027152899968865
0.53,1.6969835424223334
0.54,1.6912755012410323
0.55,1.685567859920966
0.56,1.6799160067397694
0.5700000000000001,1.67436080885741
0.58,1.668872083224204
0.59,1.6634006914388924
0.6,1.657860677885828
0.61,1.6522892463175327
0.62,1.6468118895098556
0.63,1.6414072136283049
0.64,1.6360302473471477
0.65,1.63071563852063
0.66,1.6254570283186716
0.67,1.6202509583608695
0.68,1.6151144599711311
0.6900000000000001,1.6100496066256642
0.7000000000000001,1.6050561163138273
0.71,1.6001306986933368
0.72,1.595258967857127
0.73,1.5904399918357295
0.74,1.5856894420765886
0.75,1.5810389892399217
0.76,1.576519761006553
0.77,1.5721059718841295
0.78,1.567794849589465
0.79,1.563593310584817
0.8,1.5595709717709667
0.81,1.5557218528910277
0.8200000000000001,1.551948907896125
0.8300000000000001,1.5482500260455951
0.84,1.5445915708623246
0.85,1.5409350509807533
0.86,1.537280466400882
0.87,1.5336079224397134
0.88,1.5298940061421311
0.89,1.5261301260859519
0.9,1.5223554546432614
0.91,1.5185699918140603
0.92,1.514778529915996
0.93,1.5111143795141648
0.9400000000000001,1.5076152270780057
0.9500000000000001,1.5042727084793175
0.96,1.5010556960372765
0.97,1.4979641897518825
0.98,1.4949981896231355
0.99,1.4921576956510356
1.0,1.4894590465504487
1.01,1.4869082225782608
1.02,1.4845052237344718
1.03,1.482250050019082
1.04,1.4801746013732204
1.05,1.4782827213082002
1.06,1.4765744098240208
1.07,1.4750695616036795
1.08,1.4737745582783852
1.09,1.4726887923902436
1.1,1.4717730915671694
1.11,1.4710274558091623
1.12,1.470451885116222
1.1300000000000001,1.4699140008927203
1.1400000000000001,1.4693761166692185
1.1500000000000001,1.4688382324457168
1.16,1.4681737745998915
1.17,1.4672716219533364
1.18,1.4661392639625037
1.19,1.464803565845407
1.2,1.4632645276020466
1.21,1.461509517459312
1.22,1.4595305026560486
1.23,1.4573346489951664
1.24,1.4549417700994414
1.25,1.4523518659688734
1.26,1.4495553892379711
1.27,1.4465479074770788
1.28,1.4433364503999762
1.29,1.4399383127387695
1.3,1.4363534944934584
1.31,1.432581747572603
1.32,1.4286229435643256
1.33,1.424476252486285
1.34,1.4201272745325486
1.35,1.4155760097031158
1.36,1.4109443920751363
1.37,1.40634052162281
1.3800000000000001,1.401760543235017
1.3900000000000001,1.3971933014226985
1.4000000000000001,1.392638796185854
1.41,1.3881001894742167
1.42,1.3835755255883562
1.43,1.3790576387253615
1.44,1.374515051881064
1.45,1.369947113339267
1.46,1.3653688247880291
1.47,1.3607906109955363
1.48,1.3562054422480092
1.49,1.351649063703377
1.5,1.3471316837471616
1.51,1.342653550470803
1.52,1.3382321818867031
1.53,1.3339342003567392
1.54,1.3297740056868457
1.55,1.3257515978770218
1.56,1.3218716164724422
1.57,1.3181370826773129
1.58,1.3145443621463013
1.59,1.3110781232698638
1.6,1.3077394235919266
1.61,1.3045377329358667
1.62,1.3014830397622699
1.6300000000000001,1.298575344071136
1.6400000000000001,1.2958263092438584
1.6500000000000001,1.293236586996634
1.6600000000000001,1.290802307579253
1.67,1.2885230527057174
1.68,1.2863988223760277
1.69,1.2843765767001478
1.7,1.2824461072925568
1.71,1.2806074141532535
1.72,1.2788431076817153
1.73,1.277087395498404
1.74,1.2753384567944905
1.75,1.2735951901313785
1.76,1.2718575955090672
1.77,1.2701256729275574
1.78,1.268399422386849
1.79,1.2666784657675312
1.8,1.2649617455256776
1.81,1.2632636973860645
1.82,1.2616083866908123
1.83,1.2599958134399212
1.84,1.258425977633391
1.85,1.2568988792712217
1.86,1.255412933781056
1.87,1.253962567110361
1.8800000000000001,1.2525477792591364
1.8900000000000001,1.2511685702273827
1.9000000000000001,1.2498249400150994
1.9100000000000001,1.2485168886222868
1.92,1.2472444160489449
1.93,1.2460075222950737
1.94,1.2447763593098586
1.95,1.2435138166704562
1.96,1.242219894376867
1.97,1.2408945924290902
1.98,1.2395379108271265
1.99,1.2381577121815492
2.0,1.2367686765842278
2.0100000000000002,1.2353563683103865
2.02,1.2338967220179036
2.0300000000000002,1.23238973770678
2.04,1.2308354153770158
2.05,1.2292224409823476
2.06,1.2274895541554702
2.07,1.2256367548963836
2.08,1.2236640432050874
2.09,1.2215815617868233
2.1,1.2193931630730823
2.11,1.217098847063865
2.12,1.2147020040832701
2.13,1.2122495872547696
2.14,1.2097732654380078
2.15,1.2073112504944237
2.16,1.2048635424240177
2.17,1.2024301412267904
2.18,1.2000335468629157
2.19,1.1976731897663346
2.2,1.1953343898451783
2.21,1.1930171470994466
2.22,1.1907214615291397
2.23,1.1884473331342573
2.24,1.1861947619147997
2.25,1.183978938424825
2.2600000000000002,1.1818654959731443
2.27,1.1798544345597577
2.2800000000000002,1.1779457541846654
2.29,1.1761293121426257
2.3000000000000003,1.1744012560021475
2.31,1.1727615857632308
2.32,1.1712069111017764
2.33,1.1696872658546575
2.34,1.1681993245626827
2.35,1.1667430872258517
2.36,1.1653185538441648
2.37,1.1639257244176213
2.38,1.1625420989860469
2.39,1.1611603845049272
2.4,1.1597850378365346
2.41,1.1584234413913788
2.42,1.1570755951694598
2.43,1.155741499170777
2.44,1.154421153395331
2.45,1.1531106813353262
2.46,1.1518057100492571
2.47,1.1505062395371237
2.48,1.1492126857868854
2.49,1.1479314001325753
2.5,1.1466623825741933
2.5100000000000002,1.1454056331117388
2.52,1.1441611517452128
2.5300000000000002,1.1429319515142695
2.54,1.1417213578781005
2.5500000000000003,1.1405293708367061
2.56,1.1393559903900863
2.57,1.1382012165382411
2.58,1.137059516420119
2.59,1.135930176885517
2.6,1.1348087410721628
2.61,1.1336878265695474
2.62,1.1325674333776699
2.63,1.1314475614965311
2.64,1.1303282109261303
2.65,1.1292093816664681
2.66,1.1280990597622442
2.67,1.1269985199830692
2.68,1.1259073463409845
2.69,1.124819187501957
2.7,1.1237340434659864
2.71,1.122651914233073
2.72,1.1215727998032166
2.73,1.1204967001764172
2.74,1.1194236153526753
2.75,1.1183539192044454
2.7600000000000002,1.117287949734634
2.77,1.1162257069432413
2.7800000000000002,1.115172723691319
2.79,1.1141297131290693
2.8000000000000003,1.1130966752564924
2.81,1.1120736100735877
2.82,1.111060517580356
2.83,1.110057397776797
2.84,1.1090558921184548
2.85,1.1080188107079618
2.86,1.1069381675006182
2.87,1.105812687726813
2.88,1.1046423713865456
2.89,1.1034157027042768
2.9,1.1021152810229546
2.91,1.100741106342579
2.92,1.0992931786631497
2.93,1.0977808206956385
2.94,1.0962068299902494
2.95,1.094570832674527
2.96,1.0928724907455645
2.97,1.0911422957959458
2.98,1.0893885904678138
2.99,1.0876113747611689
3.0,1.0858106486760106
3.0100000000000002,1.0839864122123395
3.02,1.0821386653701555
3.0300000000000002,1.0802793919136597
3.04,1.0784211622450424
3.0500000000000003,1.0766011662616708
3.06,1.0748194039635455
3.0700000000000003,1.0730758753506657
3.08,1.0713705804230322
3.09,1.0697150349561841
3.1,1.0681269437062773
3.11,1.0666119549725686
3.12,1.0651700687550576
3.13,1.0637919623427734
3.14,1.0624748381855118
3.15,1.0612186962832733
3.16,1.0600235366360573
3.17,1.0588588676512811
3.18,1.0577163466868011
3.19,1.0565951567180023
3.2,1.0554945668900966
3.21,1.0544145772030837
3.22,1.0533551876569642
3.23,1.0523044144875364
3.24,1.0512580458370662
3.25,1.0502160817055535
3.2600000000000002,1.0491785220929983
3.27,1.0481462880090995
3.2800000000000002,1.0471214526317194
3.29,1.0461040159608583
3.3000000000000003,1.0450936738974124
3.31,1.0440847781421243
3.3200000000000003,1.0430773286949953
3.33,1.042071325556024
3.34,1.0410667687252113
3.35,1.0400636582025566
3.36,1.0390613174478753
3.37,1.038059354893283
3.38,1.0370577705387798
3.39,1.0360573814089808
3.4,1.0350589183586743
3.41,1.0340623813878593
3.42,1.0330677704965368
3.43,1.0320750856847059
3.44,1.0310840133619412
3.45,1.0300932970390815
3.46,1.0291029367161257
3.47,1.0281120113833762
3.48,1.0271184478629696
3.49,1.0261222461549064
3.5,1.0251234062591865
3.5100000000000002,1.0241219281758096
3.52,1.0231176629819685
3.5300000000000002,1.0221086340751318
3.54,1.0210948414552992
3.5500000000000003,1.0200762851224707
3.56,1.0190536416168317
3.5700000000000003,1.0180273025062658
3.58,1.0169972677907735
3.59,1.0159635374703542
3.6,1.0149257542032584
3.61,1.0138831179944048
3.62,1.0128356288437936
3.63,1.011783286751425
3.64,1.0107264053077245
3.65,1.009666241001854
3.66,1.0086027938338138
3.67,1.0075360638036035
3.68,1.0064736959005454
3.69,1.0054184199331442
3.7,1.0043702359013995
3.71,1.0033291438053114
3.72,1.0022952925676876
3.73,1.0012706587910591
3.74,1.0002552424754263
3.75,0.9992490436207893
3.7600000000000002,0.998252062227148
3.77,0.9972524944667249
3.7800000000000002,0.9962327881956371
3.79,0.9951929434138848
3.8000000000000003,0.9941333174632175
3.81,0.9930547103387168
3.8200000000000003,0.9919571220403821
3.83,0.9908188707868473
3.84,0.9896343758496595
3.85,0.9884036372288192
3.86,0.9871266549243259
3.87,0.9857733471935595
3.88,0.9843234930569981
3.89,0.9827743627061377
3.9,0.981132979578329
3.91,0.97940075694455
3.92,0.9775776948048
3.93,0.9756690464389676
3.94,0.9736762404461423
3.95,0.9715992768263236
3.96,0.9694139347097401
3.97,0.9671143106647401
3.98,0.9647184450514471
3.99,0.9622289659009763
4.0,0.9596458732133277
4.01,0.9569692265036471
4.0200000000000005,0.954199051954902
4.03,0.9513669091253177
4.04,0.9485113503679525
4.05,0.9456323756828062
4.0600000000000005,0.9427299850698793
4.07,0.9398640337104667
4.08,0.9370499108282437
4.09,0.9342876164232108
4.1,0.9315701270580163
4.11,0.9289068136653877
4.12,0.9263121674519155
4.13,0.9237809351377113
4.14,0.9213116881236856
4.15,0.9189044264098388
4.16,0.9165833708659423
4.17,0.9143676779400771
4.18,0.912261301791362
4.19,0.9102616143886826
4.2,0.9083686157320383
4.21,0.9065822463062835
4.22,0.9049024799284509
4.23,0.903319438821681
4.24,0.9018013536375576
4.25,0.9003495856749311
4.26,0.8989641349338011
4.2700000000000005,0.8976152279754933
4.28,0.896300051566531
4.29,0.8950186057069146
4.3,0.8937708903966441
4.3100000000000005,0.8925471118076842
4.32,0.8913342904747215
4.33,0.8901324263977557
4.34,0.8889415195767872
4.3500000000000005,0.8877615700118158
4.36,0.8865925777028416
4.37,0.8854330934612127
4.38,0.884278718846582
4.39,0.8831338077350093
4.4,0.8819983601264949
4.41,0.8808723760210391
4.42,0.8797558554186414
4.43,0.8786487983193021
4.44,0.8775500024468323
4.45,0.8764581065023813
4.46,0.8753731104859492
4.47,0.8742988540353192
4.48,0.8732353522974826
4.49,0.8721826052724395
4.5,0.8711406129601894
4.51,0.8701083849850637
4.5200000000000005,0.8690844096057848
4.53,0.8680686868223532
4.54,0.8670612166347687
4.55,0.8660607876065617
4.5600000000000005,0.8650648340859476
4.57,0.8640733560729263
4.58,0.8630863096324852
4.59,0.8620993408885644
4.6000000000000005,0.8611124498411638
4.61,0.860125636490283
4.62,0.8591389008359223
4.63,0.8581543774509118
4.64,0.8571775918025629
4.65,0.856208543890876
4.66,0.8552472337158508
4.67,0.8542898216397041
4.68,0.8533362925154451
4.69,0.852386646343073
4.7,0.8514408831225888
4.71,0.8504990028539915
4.72,0.8495610055372819
4.73,0.8486299028971718
4.74,0.8477064558208063
4.75,0.8467918757446548
4.76,0.8458887283205021
4.7700000000000005,0.8449970135483482
4.78,0.8441167314281938
4.79,0.8432478819600379
4.8,0.842390465143881
4.8100000000000005,0.8415444809797231
4.82,0.8407099294675641
4.83,0.8398842313570031
4.84,0.8390611269447861
4.8500000000000005,0.8382406162309138
4.86,0.8374226992153855
4.87,0.8366073758982017
4.88,0.8357946462793621
4.89,0.8349845103588667
4.9,0.8341769681367157
4.91,0.833372019612909
4.92,0.8325696647874465
4.93,0.8317649259335468
4.94,0.8309493520717048
4.95,0.8301229432019201
4.96,0.8292856993241932
4.97,0.8284376204385238
4.98,0.827578706544912
4.99,0.8267089576433577
5.0,0.8258283737338609
5.01,0.8249369548164218
5.0200000000000005,0.8240344892809859
5.03,0.8231214064257019
5.04,0.822198440486512
5.05,0.8212655914634158
5.0600000000000005,0.8203228593564138
5.07,0.8193702441655054
5.08,0.8184077458906911
5.09,0.8174353645319705
5.1000000000000005,0.8164500724478406
5.11,0.8154502344006052
5.12,0.8144358503902639
5.13,0.8134088864188861
5.14,0.8123770325788323
5.15,0.8113402888701021
5.16,0.8102986552926958
5.17,0.8092521392220103
5.18,0.8082013087033051
5.19,0.8071461637365805
5.2,0.8060867043218367
5.21,0.8050229304590735
5.22,0.8039550537583452
5.23,0.8028830895990741
5.24,0.8018070379812603
5.25,0.8007274469060466
5.26,0.7996460337750045
5.2700000000000005,0.7985627985881337
5.28,0.7974777413454345
5.29,0.7963908620469067
5.3,0.7953051883340536
5.3100000000000005,0.7942223554445715
5.32,0.7931423633784606
5.33,0.7920650225183852
5.34,0.7909882556712142
5.3500000000000005,0.7899120628369476
5.36,0.7888364440155854
5.37,0.787761391831731
5.38,0.7866863382401243
5.39,0.7856112832407651
5.4,0.7845362268336535
5.41,0.7834609059507814
5.42,0.7823843960687317
5.43,0.7813066971875042
5.44,0.7802278093070992
5.45,0.7791471844263732
5.46,0.7780631051437555
5.47,0.7769755714592459
5.48,0.7758845833728444
5.49,0.7747918108517328
5.5,0.7736989356867547
5.51,0.7726059578779101
5.5200000000000005,0.7715128774251989
5.53,0.7704198839459566
5.54,0.7693290546333142
5.55,0.7682403894872721
5.5600000000000005,0.76715388850783
5.57,0.7660682543945309
5.58,0.7649798912086807
5.59,0.7638887989502798
5.6000000000000005,0.7627949776193279
5.61,0.7616986902838333
5.62,0.7606008614672131
5.63,0.7595014911694671
5.64,0.7584005793905954
5.65,0.7573062359439282
5.66,0.7562213906215018
5.67,0.7551460434233166
5.68,0.754080194349372
5.69,0.7530221734324866
5.7,0.7519702988818168
5.71,0.7509245706973624
5.72,0.7498849888791239
5.73,0.7488515534271007
5.74,0.747821757644419
5.75,0.7467923480276977
5.76,0.7457633245769364
5.7700000000000005,0.7447359845925923
5.78,0.7437139240133595
5.79,0.7426971428392377
5.8,0.7416856410702274
5.8100000000000005,0.7406794187063281
5.82,0.7396779445925837
5.83,0.7386791297392074
5.84,0.737682974146199
5.8500000000000005,0.7366813680002283
5.86,0.7356713815092591
5.87,0.7346530146732914
5.88,0.7336262674923248
5.89,0.7325911399663598
5.9,0.731546943312076
5.91,0.7304927273955613
5.92,0.7294284922168159
5.93,0.7283542377758396
5.94,0.7272724707695069
5.95,0.7261864447011985
5.96,0.7250961595709148
5.97,0.7240016153786556
5.98,0.7229097582298161
5.99,0.7218211120057736
6.0,0.720735676706528
6.01,0.7196534523320796
6.0200000000000005,0.7185749700373844
6.03,0.7175023188122295
6.04,0.7164354986566148
6.05,0.7153745095705405
6.0600000000000005,0.7143208553996685
6.07,0.7132769539707002
6.08,0.7122428052836358
6.09,0.711218409338475
6.1000000000000005,0.7102044549185382
6.11,0.7092018921577373
6.12,0.7082107210560723
6.13,0.7072309416135434
6.140000000000001,0.7062625538301502
6.15,0.7053030168026695
6.16,0.7043419844318075
6.17,0.7033794567175644
6.18,0.7024084875545449
6.19,0.7014285530613718
6.2,0.7004396532380449
6.21,0.6994417880845644
6.22,0.69843662705571
6.23,0.6974343906719583
6.24,0.6964350789333095
6.25,0.6954386918397633
6.26,0.6944437255456578
6.2700000000000005,0.6934477622242916
6.28,0.6924508018756648
6.29,0.691452844499777
6.3,0.6904538900966285
6.3100000000000005,0.6894519094977103
6.32,0.6884433593576735
6.33,0.6874282396765182
6.34,0.6864065504542446
6.3500000000000005,0.6853808325940762
6.36,0.6843614321953064
6.37,0.6833483492579353
6.38,0.6823415837819631
6.390000000000001,0.6813417892203872
6.4,0.6803493513178726
6.41,0.679364270074419
6.42,0.6783848760352467
6.43,0.6774009486798789
6.44,0.6764124880083158
6.45,0.6754194940205573
6.46,0.6744219667166036
6.47,0.6734214995972466
6.48,0.6724184267215184
6.49,0.6714127480894194
6.5,0.6704044637009494
6.51,0.6693956027246173
6.5200000000000005,0.6683897085057721
6.53,0.6673867810444134
6.54,0.6663868203405416
6.55,0.6653897006199762
6.5600000000000005,0.6643953912512501
6.57,0.6634038922343632
6.58,0.6624152035693156
6.59,0.6614286718031094
6.6000000000000005,0.6604439111910801
6.61,0.6594609217332278
6.62,0.6584797034295524
6.63,0.6574978112888661
6.640000000000001,0.6565149272336013
6.65,0.6555310512637584
6.66,0.6545461833793371
6.67,0.6535587300795453
6.68,0.6525683573053509
6.69,0.6515750650567539
6.7,0.6505832903022105
6.71,0.6495983346860221
6.72,0.6486201982081888
6.73,0.6476488808687104
6.74,0.6466843826675871
6.75,0.6457268293789988
6.76,0.644776251634413
6.7700000000000005,0.6438326494338297
6.78,0.6428960227772487
6.79,0.6419654983615728
6.8,0.6410395593303878
6.8100000000000005,0.6401182056836937
6.82,0.6392014374214906
6.83,0.6382916995349662
6.84,0.6373893101016881
6.8500000000000005,0.6364942691216561
6.86,0.6356065765948702
6.87,0.6347262325213305
6.88,0.6338460328637865
6.890000000000001,0.6329644873455325
6.9,0.6320771589981121
6.91,0.6311787461772242
6.92,0.630269248882869
6.93,0.6293486671150459
6.94,0.6284170008737553
6.95,0.627474930146946
6.96,0.6265226852621976
6.97,0.6255602662195103
6.98,0.624587673018884
6.99,0.6236057789634162
7.0,0.6226161009095207
7.01,0.6216186388571979
7.0200000000000005,0.6206123804678054
7.03,0.6195966389547554
7.04,0.6185714143180477
7.05,0.6175367065576826
7.0600000000000005,0.6164925156736598
7.07,0.6154388416659795
7.08,0.6143828885718923
7.09,0.6133251680978431
7.1000000000000005,0.6122653253464996
7.11,0.6112033603178613
7.12,0.6101392730119286
7.13,0.6090730634287012
7.140000000000001,0.6080047315681794
7.15,0.6069346978484593
7.16,0.6058718417236417
7.17,0.6048161631937266
7.18,0.6037676622587138
7.19,0.6027263389186034
7.2,0.6016921931733956
7.21,0.6006652250230899
7.22,0.599646446806329
7.23,0.5986365737501097
7.24,0.5976360249836504
7.25,0.5966448005069509
7.26,0.5956629003200115
7.2700000000000005,0.5946903244228319
7.28,0.5937270728154121
7.29,0.5927741240680129
7.3,0.5918318330779665
7.3100000000000005,0.5908999318788648
7.32,0.5899721256515928
7.33,0.5890484143961504
7.34,0.5881287981125375
7.3500000000000005,0.5872121763947089
7.36,0.5862894394609846
7.37,0.5853605873113641
7.38,0.5844250832605755
7.390000000000001,0.5834800108784604
7.4,0.5825253701650186
7.41,0.5815611611202502
7.42,0.5805873837441553
7.43,0.5796040095963247
7.44,0.57861061954754
7.45,0.5776086684279055
7.46,0.5765984929914593
7.47,0.5755800932382015
7.48,0.5745534691681321
7.49,0.5735186207812512
7.5,0.5724755480775586
7.51,0.5714261402749146
7.5200000000000005,0.5703795275179541
7.53,0.5693357098066771
7.54,0.5682946871410839
7.55,0.5672564595211742
7.5600000000000005,0.5662210269469481
7.57,0.5651883894184057
7.58,0.5641591410753973
7.59,0.5631362695614879
7.6000000000000005,0.5621197748766771
7.61,0.5611096570209653
7.62,0.5601059159943522
7.63,0.5591085517968379
7.640000000000001,0.5581175644284225
7.65,0.557136699456935
7.66,0.5561685131567771
7.67,0.5552130055279487
7.68,0.55427017657045
7.69,0.5533400262842808
7.7,0.5524225546694413
7.71,0.5515161404744797
7.72,0.550617948373876
7.73,0.5497255840460178
7.74,0.5488375437578439
7.75,0.5479538275093543
7.76,0.547074435300549
7.7700000000000005,0.5461993671314282
7.78,0.5453285655474133
7.79,0.544461959335098
7.8,0.5435917233436763
7.8100000000000005,0.5427079251486363
7.82,0.5418105647499784
7.83,0.540899642147702
7.84,0.5399751573418076
7.8500000000000005,0.5390380951897387
7.86,0.5380934986471015
7.87,0.5371413677138964
7.88,0.5361817023901232
7.890000000000001,0.5352145026757819
7.9,0.5342397685708723
7.91,0.5332579636971588
7.92,0.5322746846183619
7.930000000000001,0.531292325656094
7.94,0.5303123905434161
7.95,0.5293348792803283
7.96,0.5283597918668307
7.97,0.5273871283029231
7.98,0.5264168885886057
7.99,0.5254526660498817
8.0,0.5245025481815877
8.01,0.5235764674082355
8.02,0.522674423729825
8.03,0.521796417146356
8.040000000000001,0.520942447657829
8.05,0.5201063300088667
8.06,0.5192795821507201
8.07,0.5184602223095047
8.08,0.5176482504852203
8.09,0.5168436666778672
8.1,0.5160464708874452
8.11,0.51525619949219
8.120000000000001,0.5144672559283815
8.13,0.513679369652565
8.14,0.5128908099547145
8.15,0.5121015768348298
8.16,0.5113116702929112
8.17,0.5105210903289586
8.18,0.5097298369429718
8.19,0.5089343168089477
8.2,0.5081361736693096
8.21,0.5073371162140752
8.22,0.506537144443244
8.23,0.5057362583568166
8.24,0.5049344579547925
8.25,0.5041317432371721
8.26,0.503328660268658
8.27,0.5025279999415525
8.28,0.5017307710963284
8.290000000000001,0.5009369737329854
8.3,0.5001466078515239
8.31,0.49935967345194354
8.32,0.4985761705342446
8.33,0.49779636964188123
8.34,0.49702122620931777
8.35,0.49624688041253917
8.36,0.4954733322515456
8.370000000000001,0.49470058172633696
8.38,0.49392862883691346
8.39,0.4931574735832749
8.4,0.49238520987896744
8.41,0.4916137411460901
8.42,0.4908437458788094
8.43,0.4900752240771252
8.44,0.4893081757410377
8.45,0.48854260087054674
8.46,0.48777849946565244
8.47,0.48701506240793657
8.48,0.4862548643963177
8.49,0.48549816611984314
8.5,0.48474496757851304
8.51,0.48399526877232735
8.52,0.4832490697012859
8.53,0.4825063703653888
8.540000000000001,0.48176794604019807
8.55,0.4810365371757694
8.56,0.48031037526407305
8.57,0.4795894603051093
8.58,0.4788737922988779
8.59,0.47816337124537894
8.6,0.4774581971446126
8.61,0.47675465788446214
8.620000000000001,0.47605524636914237
8.63,0.4753620900167861
8.64,0.4746751888273937
8.65,0.473994542800965
8.66,0.4733201519374998
8.67,0.4726520162369985
8.68,0.4719865521600699
8.69,0.47132349901766685
8.700000000000001,0.47066281964766904
8.71,0.47000450561544316
8.72,0.46934855692098926
8.73,0.4686949735643073
8.74,0.46804375554539723
8.75,0.4673960222382183
8.76,0.4667535421508
8.77,0.4661166640166535
8.78,0.46548662056762036
8.790000000000001,0.46486341180370044
8.8,0.46424703772489373
8.81,0.4636374983312003
8.82,0.4630316222242392
8.83,0.46242728198587735
8.84,0.46182447761611456
8.85,0.46122332972054514
8.86,0.4606240207495852
8.870000000000001,0.4600265507032347
8.88,0.4594309195814937
8.89,0.4588371273843621
8.9,0.45824521127396006
8.91,0.4576551796849209
8.92,0.45706703261724463
8.93,0.45648101852642115
8.94,0.45589725226402117
8.950000000000001,0.4553157338300447
8.96,0.45473646322449185
8.97,0.4541590917138512
8.98,0.4535823865662816
8.99,0.45300634778178284
9.0,0.452430815510423
9.01,0.4518531524164341
9.02,0.4512733584998162
9.03,0.45069143376056936
9.040000000000001,0.4501073781986934
9.05,0.4495210712085943
9.06,0.4489323303398559
9.07,0.44834068288352097
9.08,0.4477448958893178
9.09,0.44714496935724635
9.1,0.4465409032873066
9.11,0.4459326976794985
9.120000000000001,0.4453203525338223
9.13,0.44470362702354693
9.14,0.4440865123157417
9.15,0.4434690084104066
9.16,0.4428511153075415
9.17,0.44223283300714655
9.18,0.44161416150922167
9.19,0.44099510081376697
9.200000000000001,0.44037581365564693
9.21,0.4397606419505767
9.22,0.439149585698556
9.23,0.43854264489958483
9.24,0.4379398195536635
9.25,0.4373411096607917
9.26,0.4367465152209696
9.27,0.4361565089431544
9.28,0.4355703731691669
9.290000000000001,0.43498742691036385
9.3,0.43440767016674525
9.31,0.4338311029383112
9.32,0.43325772522506156
9.33,0.4326875293982372
9.34,0.43211730924784114
9.35,0.43154930697020955
9.36,0.43098352256534256
9.370000000000001,0.43041995603323996
9.38,0.429858607373902
9.39,0.4292994765873285
9.4,0.42874256078858697
9.41,0.42818599737073226
9.42,0.4276293089516936
9.43,0.42707249553147114
9.44,0.4265155571100645
9.450000000000001,0.42595849368747396
9.46,0.42540130526369957
9.47,0.4248439918387411
9.48,0.4242889470680532
9.49,0.42373721624424354
9.5,0.42318879936731235
9.51,0.42264369643725946
9.52,0.42210190745408493
9.53,0.4215634324177889
9.540000000000001,0.42102737151972824
9.55,0.42049142281668017
9.56,0.4199555733980403
9.57,0.41941982326380883
9.58,0.41888417241398573
9.59,0.4183486208485709
9.6,0.41781316856756445
9.61,0.4172795454582306
9.620000000000001,0.4167521526576099
9.63,0.4162309901657026
9.64,0.4157160579825085
9.65,0.4152073561080277
9.66,0.4147048845422602
9.67,0.4142086432852059
9.68,0.41371818928986126
9.69,0.4132331433834432
9.700000000000001,0.41275346327174034
9.71,0.4122791489547528
9.72,0.4118102004324804
9.73,0.4113466177049233
9.74,0.4108884007720815
9.75,0.4104356093808417
9.76,0.4099882564418082
9.77,0.40954428026459855
9.78,0.40910135689369714
9.790000000000001,0.4086594863291039
9.8,0.408218668570819
9.81,0.4077773317585761
9.82,0.40733155213740524
9.83,0.40688188179193324
9.84,0.40643064412172925
9.85,0.40597783912679314
9.86,0.40552346680712503
9.870000000000001,0.40506752716272487
9.88,0.40461002019359266
9.89,0.40415096076854695
9.9,0.4036905207922513
9.91,0.4032289985767588
9.92,0.4027663941220695
9.93,0.4023027074281833
9.94,0.4018379384951003
9.950000000000001,0.40137208732282037
9.96,0.4009051539113437
9.97,0.4004403104315398
9.98,0.39998103515407857
9.99,0.39952732807895974
10.0,0.39907918920618346
10.01,0.39863661853574983
10.02,0.3981996160676585
10.03,0.3977676297172832
10.040000000000001,0.39733869427826585
10.05,0.3969146223700853
10.06,0.3964954139927416
10.07,0.39608106914623464
10.08,0.39567158783056444
10.09,0.3952669700457311
10.1,0.39486708618128236
10.11,0.39447163792516515
10.120000000000001,0.3940798719143613
10.13,0.3936893131711243
10.14,0.3932999616954544
10.15,0.3929118174873514
10.16,0.39252488054681534
10.17,0.3921380403933589
10.18,0.39175014271182806
10.19,0.3913621729831884
10.200000000000001,0.3909744426092184
10.21,0.39058695158991774
10.22,0.39019969992528664
10.23,0.389812687615325
10.24,0.3894255564668216
10.25,0.38903680239644955
10.26,0.388649102824113
10.27,0.3882624577498119
10.28,0.3878768671735463
10.290000000000001,0.3874923310953162
10.3,0.38710884951512164
10.31,0.38672642243296246
10.32,0.38634580321185696
10.33,0.38596847600261963
10.34,0.3855935710256579
10.35,0.3852210882809719
10.36,0.3848510277685615
10.370000000000001,0.3844833894884267
10.38,0.38411817344056753
10.39,0.38375439414401835
10.4,0.38339373653139786
10.41,0.3830362915848692
10.42,0.3826820593044323
10.43,0.3823310396900871
10.44,0.3819832327418337
10.450000000000001,0.38163832992352015
10.46,0.38129365381524233
10.47,0.3809488376560724
10.48,0.3806037856619663
10.49,0.3802584978329241
10.5,0.37991297416894565
10.51,0.3795672146700312
10.52,0.37922121933618047
10.53,0.37887608497814
10.540000000000001,0.3785360613344362
10.55,0.37820114840506897
10.56,0.3778713461900383
10.57,0.37754665468934434
10.58,0.37722707390298693
10.59,0.3769126038309661
10.6,0.3766012481388848
10.61,0.37629291584458
10.620000000000001,0.37598884813078176
10.63,0.37568947971199274
10.64,0.3753948105882128
10.65,0.375104840759442
10.66,0.37481957022568035
10.67,0.3745393657478556
10.68,0.37426432311001195
10.69,0.3739944423121493
10.700000000000001,0.3737297233542676
10.71,0.3734691593517111
10.72,0.3732117966114725
10.73,0.3729575291497372
10.74,0.3727029770075713
10.75,0.37244814018497485
10.76,0.3721930186819479
10.77,0.37193761249849033
10.78,0.37168192163460223
10.790000000000001,0.3714232536553532
10.8,0.37116095997800364
10.81,0.37089504060255357
10.82,0.370624254346273
10.83,0.37034816649465924
10.84,0.3700667770477125
10.85,0.3697744331613674
10.86,0.36946934955863553
10.870000000000001,0.36915152623951675
10.88,0.36882096320401114
10.89,0.3684813053202941
10.9,0.3681345137305666
10.91,0.36778159531948434
10.92,0.3674235037800547
10.93,0.3670602391122779
10.94,0.36669318474287593
10.950000000000001,0.36632403760736676
10.96,0.3659527977057503
10.97,0.3655794650380266
10.98,0.3652040396041957
10.99,0.36482921383918787
11.0,0.36445654853137655
11.01,0.364087463813777
11.02,0.36372195968638915
11.03,0.36336003614921314
11.040000000000001,0.36300169320224884
11.05,0.3626525836895615
11.06,0.36231449288813966
11.07,0.36198762043983984
11.08,0.36167219268004136
11.09,0.3613645647405686
11.1,0.3610627754792208
11.11,0.3607668248959978
11.120000000000001,0.3604767129908998
11.13,0.3601924397639266
11.14,0.3599124450471084
11.15,0.35963486432570313
11.16,0.35935969759971065
11.17,0.3590869448691311
11.18,0.35881660613396443
11.19,0.3585486813942106
11.200000000000001,0.358282258444236
11.21,0.3580156139213889
11.22,0.3577487226296762
11.23,0.35748158456909784
11.24,0.3572141997396538
11.25,0.35694656814134407
11.26,0.35667868977416867
11.27,0.35641081723050055
11.28,0.35614293928211016
11.290000000000001,0.3558750559289976
11.3,0.3556071671711628
11.31,0.3553392730086059
11.32,0.3550713734413268
11.33,0.35480346492467785
11.34,0.3545357163898552
11.35,0.35426829541608307
11.36,0.3540012020033613
11.370000000000001,0.3537344361516902
11.38,0.3534679978610695
11.39,0.35320210769348326
11.4,0.3529380309121434
11.41,0.3526760707466861
11.42,0.35241625239310465
11.43,0.352158575851399
11.44,0.3519030411215692
11.450000000000001,0.3516496482036152
11.46,0.3513990001029779
11.47,0.3511514923622012
11.48,0.3509069098741355
11.49,0.3506652526387807
11.5,0.35042652065613666
11.51,0.35019071392620355
11.52,0.3499578324489814
11.53,0.34972787976911757
11.540000000000001,0.3495002539896334
11.55,0.3492749375735387
11.56,0.3490519305208335
11.57,0.3488312328315177
11.58,0.34861284450559127
11.59,0.3483965449810705
11.6,0.3481811372632543
11.61,0.3479669078398758
11.620000000000001,0.34775385671093495
11.63,0.3475419838764317
11.64,0.34733128933636603
11.65,0.34712177309073805
11.66,0.3469128321341069
11.67,0.3467044278338931
11.68,0.3464976874155336
11.69,0.34629261087902846
11.700000000000001,0.34608919822437767
11.71,0.3458874494515812
11.72,0.345687364560639
11.73,0.34548894355155113
11.74,0.3452927961313481
11.75,0.3450991866945038
11.76,0.3449085134352447
11.77,0.3447207763535709
11.78,0.3445359754494823
11.790000000000001,0.34435411072297895
11.8,0.34417511390554967
11.81,0.3439986985094616
11.82,0.3438248645347147
11.83,0.34365361198130906
11.84,0.343483325348318
11.85,0.34331398060562685
11.86,0.34314557775323573
11.870000000000001,0.34297730764695056
11.88,0.3428080430613344
11.89,0.34263778399638717
11.9,0.34246694787247234
11.91,0.3422965788844857
11.92,0.34212667703242744
11.93,0.3419572423162974
11.94,0.3417882747360957
11.950000000000001,0.3416195274343385
11.96,0.3414506022167994
11.97,0.3412814990834783
11.98,0.3411120103627116
11.99,0.3409420221099647
12.0,0.34077153432523766
12.01,0.34060054700853054
12.02,0.3404290601598432
12.030000000000001,0.34025707377917574
12.040000000000001,0.34008620336745476
12.05,0.33991642036064534
12.06,0.33974768336799327
12.07,0.33957999238949854
12.08,0.33941334742516116
12.09,0.33924774847498107
12.1,0.33908277811859505
12.11,0.33891739216110706
12.120000000000001,0.3387518344919214
12.13,0.3385861670094293
12.14,0.3384203897136307
12.15,0.33825450260452555
12.16,0.338088505682114
12.17,0.33792239894639586
12.18,0.33775639120634804
12.19,0.33759063338966916
12.200000000000001,0.3374251254963593
12.21,0.33725986752641846
12.22,0.3370948594798466
12.23,0.33693010135664375
12.24,0.33676559315680993
12.25,0.3366016519486661
12.26,0.3364386144512076
12.27,0.33627648066443455
12.280000000000001,0.33611525058834685
12.290000000000001,0.33595492422294465
12.3,0.3357955015682278
12.31,0.3356369826241964
12.32,0.33547936363728004
12.33,0.3353226977217672
12.34,0.33516698487765795
12.35,0.3350122251049523
12.36,0.3348584184036502
12.370000000000001,0.3347055647737517
12.38,0.33455366307794376
12.39,0.33440216160801645
12.4,0.3342509310467971
12.41,0.33409997139428577
12.42,0.33394928265048246
12.43,0.3337988648153871
12.44,0.33364871788899975
12.450000000000001,0.3334990005961683
12.46,0.33334958510341917
12.47,0.3332004714107521
12.48,0.3330516595181673
12.49,0.3329031494256645
12.5,0.33275494113324394
12.51,0.3326072017004425
12.52,0.3324599718694879
12.530000000000001,0.33231313662770046
12.540000000000001,0.3321666959750803
12.55,0.3320206499116273
12.56,0.33187499843734153
12.57,0.33172974155222296
12.58,0.3315844706576564
12.59,0.33143963295380574
12.6,0.3312953577578437
12.61,0.3311516450697701
12.620000000000001,0.33100849488958495
12.63,0.3308659072172883
12.64,0.3307250141055449
12.65,0.33058539621322824
12.66,0.33044688604557093
12.67,0.33030948360257295
12.68,0.3301731888842344
12.69,0.33003800189055515
12.700000000000001,0.3299038829741018
12.71,0.3297705747364701
12.72,0.32963779629959844
12.73,0.32950554766348683
12.74,0.3293738288281351
12.75,0.3292426397935434
12.76,0.32911198180250867
12.77,0.32898339650110126
12.780000000000001,0.3288572924879364
12.790000000000001,0.3287337372878957
12.8,0.32861273090097926
12.81,0.32849427332718717
12.82,0.32837836456651937
12.83,0.3282650046189758
12.84,0.32815306143189193
12.85,0.32804230371643067
12.86,0.3279327211373476
12.870000000000001,0.32782431369464293
12.88,0.3277170813883164
12.89,0.3276110242183681
12.9,0.32750618183223157
12.91,0.327402644568774
12.92,0.3273004027712321
12.93,0.32719944998608574
12.94,0.32709978621333485
12.950000000000001,0.3270014114529795
12.96,0.3269043244622226
12.97,0.326806983594994
12.98,0.32670938885129347
12.99,0.32661190633106746
13.0,0.3265148270735866
13.01,0.32641815107885075
13.02,0.3263218783468601
13.030000000000001,0.3262260088776146
13.040000000000001,0.32613054267111413
13.05,0.32603570715830277
13.06,0.32594151267442484
13.07,0.32584752409084106
13.08,0.32575361148007365
13.09,0.32565977484212244
13.1,0.3255660141769875
13.11,0.32547232948466875
13.120000000000001,0.3253787304219296
13.13,0.3252852790582444
13.14,0.32519223023658916
13.15,0.32509958395696387
13.16,0.3250073402193686
13.17,0.32491549902380334
13.18,0.324824060370268
13.19,0.3247326581588164
13.200000000000001,0.32464112106177256
13.21,0.32454959887013096
13.22,0.3244580915838916
13.23,0.32436659920305433
13.24,0.3242751217276193
13.25,0.32418365915758646
13.26,0.32409221149295575
13.27,0.3240015969953098
13.280000000000001,0.3239121932031651
13.290000000000001,0.3238240001165219
13.3,0.3237370177353801
13.31,0.3236512460597397
13.32,0.32356668508960074
13.33,0.3234832792090089
13.34,0.3234007735749882
13.35,0.3233189752447826
13.36,0.32323787743658483
13.370000000000001,0.32315748015039486
13.38,0.32307778338621274
13.39,0.32299878714403835
13.4,0.322920371712277
13.41,0.32284234595065586
13.42,0.32276411368178426
13.43,0.32268567490566225
13.44,0.3226070296222897
13.450000000000001,0.3225281778316668
13.46,0.32244911953379346
13.47,0.3223697654922797
13.48,0.32229024557054264
13.49,0.32221055976858215
13.5,0.3221307080863983
13.51,0.3220506905239912
13.52,0.3219705070813607
13.530000000000001,0.32189020493691334
13.540000000000001,0.3218100212699116
13.55,0.32173014902311153
13.56,0.3216505949783204
13.57,0.3215713591355382
13.58,0.32149244149476497
13.59,0.32141384205600076
13.6,0.3213358054349129
13.61,0.32125845484795157
13.620000000000001,0.32118238647250735
13.63,0.3211076003085803
13.64,0.32103409635617036
13.65,0.3209618746152776
13.66,0.32089097441004893
13.67,0.3208216256190103
13.68,0.32075345076770556
13.69,0.3206864498561348
13.700000000000001,0.3206206228842981
13.71,0.3205559698521953
13.72,0.3204924907598266
13.73,0.3204301384287854
13.74,0.3203687333684535
13.75,0.32030834833886307
13.76,0.32024898334001417
13.77,0.32019063837190676
13.780000000000001,0.3201333134345409
13.790000000000001,0.3200770085279164
13.8,0.320021479036366
13.81,0.31996664309271805
13.82,0.31991255267337493
13.83,0.31985921350826363
13.84,0.3198066255973841
13.85,0.3197547889407363
13.86,0.31970366421417323
13.870000000000001,0.31965272764261593
13.88,0.3196019792260645
13.89,0.3195515311374505
13.9,0.3195014371183861
13.91,0.31945169716887134
13.92,0.3194023112889061
13.93,0.31935327947849057
13.94,0.31930454404898023
13.950000000000001,0.31925603224034305
13.96,0.31920772753718085
13.97,0.3191596101699693
13.98,0.31911168013870844
13.99,0.3190639374433983
14.0,0.31901638208403876
14.01,0.31896901406062994
14.02,0.31892178139676935
14.030000000000001,0.3188749399189888
14.040000000000001,0.31882853582384757
14.05,0.31878256911134584
14.06,0.3187370397814834
14.07,0.31869194783426047
14.08,0.3186472932696769
14.09,0.3186029639148011
14.1,0.31855896796205
14.11,0.3185153204523442
14.120000000000001,0.31847202138568376
14.13,0.3184290707620685
14.14,0.3183864685814986
14.15,0.318344214843974
14.16,0.3183023122551678
14.17,0.3182605696248395
14.18,0.31821898695298917
14.19,0.3181775642396168
14.200000000000001,0.3181363014847224
14.21,0.318095198688306
14.22,0.31805454746795375
14.23,0.31801433476870683
14.24,0.3179745143940059
14.25,0.317935086343851
14.26,0.3178960506182421
14.27,0.31785740721717926
14.280000000000001,0.31781915614066236
14.290000000000001,0.3177814397829276
14.3,0.31774421742962333
14.31,0.3177074740398289
14.32,0.31767120961354445
14.33,0.3176354241507699
14.34,0.31760011765150525
14.35,0.3175653072812606
14.36,0.3175310752108332
14.370000000000001,0.31749763239998774
14.38,0.31746497884872427
14.39,0.31743311455704276
14.4,0.3174020395249433
14.41,0.3173717537524257
14.42,0.31734202797148375
14.43,0.3173126191338559
14.44,0.31728352723954206
14.450000000000001,0.31725475228854216
14.46,0.31722629428085636
14.47,0.31719821842991786
14.48,0.317170943297166
14.49,0.3171443264883645
14.5,0.317118346783836
14.51,0.31709300418358044
14.52,0.3170682986875979
14.530000000000001,0.31704423029588835
14.540000000000001,0.31702079900845176
14.55,0.3169979965467936
14.56,0.31697578007883553
14.57,0.3169541496045776
14.58,0.31693310512401973
14.59,0.31691264663716195
14.6,0.31689277414400424
14.61,0.31687348764454665
14.620000000000001,0.3168547635984269
14.63,0.3168366548692352
14.64,0.31681916145697164
14.65,0.31680228336163613
14.66,0.31678602058322874
14.67,0.31677030790831606
14.68,0.31675475193941927
14.69,0.31673952971443387
14.700000000000001,0.3167246412333597
14.71,0.316710086496197
14.72,0.3166958655029456
14.73,0.3166819782536055
14.74,0.3166684247481767
14.75,0.3166552619236265
14.76,0.3166425469802124
14.77,0.3166302799179344
14.780000000000001,0.3166184607367926
14.790000000000001,0.31660708943678695
14.8,0.31659616601791746
14.81,0.31658570218003035
14.82,0.3165758519596892
14.83,0.3165665570400652
14.84,0.3165578174211585
14.85,0.3165496331029691
14.86,0.316542004085497
14.870000000000001,0.3165349303687422
14.88,0.3165283867887443
14.89,0.31652225927206473
14.9,0.3165166341135542
14.91,0.31651151131321265
14.92,0.3165068908710401
14.93,0.3165027727870367
14.94,0.3164991570612023
14.950000000000001,0.31649608956286246
14.96,0.31649352883840826
14.97,0.3164914748878397
14.98,0.31648992771115664
14.99,0.3164888873083593
15.0,0.3164883536794475
15.01,0.3164883151245751
15.02,0.3164886492515921
15.030000000000001,0.31648943461933493
15.040000000000001,0.3164906712278036
15.05,0.3164923590769982
15.06,0.31649449816691855
15.07,0.3164970884975647
15.08,0.31650013006893674
15.09,0.31650356600242835
15.1,0.3165075064098123
15.11,0.3165119512910886
15.120000000000001,0.3165169006462572
15.13,0.31652235447531807
15.14,0.31652831277827126
15.15,0.31653466386180856
15.16,0.3165414017710276
15.17,0.31654861090729824
15.18,0.3165562912706207
15.19,0.3165644428609947
15.200000000000001,0.3165730656784204
15.21,0.3165821597228978
15.22,0.31659165454079585
15.23,0.3166014835806969
15.24,0.3166118775917364
15.25,0.31662283657391443
15.26,0.3166343605272308
15.27,0.31664644945168574
15.280000000000001,0.31665910334727904
15.290000000000001,0.31667231612816027
15.3,0.31668590710117944
15.31,0.3166998884084061
15.32,0.3167142600498404
15.33,0.31672902202548225
15.34,0.31674417433533175
15.35,0.3167597169793888
15.36,0.3167756146369133
15.370000000000001,0.31679179097383414
15.38,0.31680840568227564
15.39,0.31682545876223794
15.4,0.31684295021372083
15.41,0.3168608800367244
15.42,0.31687924823124874
15.43,0.3168980427898748
15.44,0.3169170329634673
15.450000000000001,0.3169363651148361
15.46,0.3169561220142863
15.47,0.3169763036618178
15.48,0.3169969100574307
15.49,0.317017941201125
15.5,0.3170393813794271
15.51,0.3170612184502675
15.52,0.3170834772585209
15.530000000000001,0.3171061704140124
15.540000000000001,0.31712929791674205
15.55,0.31715285976670976
15.56,0.31717685596391554
15.57,0.3172012784410605
15.58,0.3172259675060203
15.59,0.3172509259668491
15.6,0.3172763424511083
15.610000000000001,0.3173022169587979
15.620000000000001,0.31732854948991784
15.63,0.31735534004446825
15.64,0.31738258862244895
15.65,0.31741014886105023
15.66,0.3174379379899668
15.67,0.3174660826720172
15.68,0.3174946862741256
15.69,0.31752374879629197
15.700000000000001,0.3175532702385165
15.71,0.31758325060079884
15.72,0.3176136650382645
15.73,0.3176445009410883
15.74,0.3176757757715899
15.75,0.31770751614865467
15.76,0.3177397220722826
15.77,0.3177723935424738
15.780000000000001,0.31780553055922806
15.790000000000001,0.3178391303144913
15.8,0.3178730041807022
15.81,0.31790715215786064
15.82,0.31794186324917606
15.83,0.31797722949353824
15.84,0.3180132508909475
15.85,0.3180499274414036
15.860000000000001,0.31808725914490665
15.870000000000001,0.31812511933863824
15.88,0.31816340465567416
15.89,0.31820205379237304
15.9,0.31824106143716413
15.91,0.3182804275900476
15.92,0.31832015225102334
15.93,0.3183602354200914
15.94,0.3184006596349319
15.950000000000001,0.3184413982766598
15.96,0.3184824736106989
15.97,0.318523927304412
15.98,0.31856575935779885
15.99,0.3186079697708596
16.0,0.31865055854359414
16.01,0.31869352567600256
16.02,0.31873658216487566
16.03,0.31877963597132336
16.04,0.3188228295374871
16.05,0.3188662735995333
16.06,0.318909968157462
16.07,0.31895391321127303
16.080000000000002,0.3189981087609667
16.09,0.3190426161101841
16.1,0.31908744057049604
16.11,0.31913260054111875
16.12,0.31917815171627534
16.13,0.3192240940959658
16.14,0.3192704276801902
16.15,0.31931715246894854
16.16,0.3193642461968166
16.17,0.31941166719643194
16.18,0.31945941546779466
16.19,0.3195079161122114
16.2,0.3195572660802489
16.21,0.3196074653719071
16.22,0.319658513987186
16.23,0.3197104119260856
16.240000000000002,0.31976301674646446
16.25,0.31981611174801916
16.26,0.31986951906136335
16.27,0.3199232386864971
16.28,0.3199772706234202
16.29,0.32003161487213283
16.3,0.32008627143263496
16.31,0.32014122190571026
16.32,0.3201964105971357
16.330000000000002,0.32025192749011383
16.34,0.3203077771874455
16.35,0.3203639596891309
16.36,0.3204204749951698
16.37,0.3204773231055623
16.38,0.32053450402030836
16.39,0.3205915926381012
16.4,0.32064870629691544
16.41,0.320706105854894
16.42,0.3207637913120368
16.43,0.3208217626683439
16.44,0.3208800199238152
16.45,0.32093866904258783
16.46,0.32099788789404793
16.47,0.3210576041929314
16.48,0.3211177856388022
16.490000000000002,0.3211784322316604
16.5,0.321239543971506
16.51,0.321301120858339
16.52,0.32136316289215927
16.53,0.32142558008976435
16.54,0.32148841087588786
16.55,0.32155176204240277
16.56,0.3216156335893091
16.57,0.3216800255166069
16.580000000000002,0.3217449378242962
16.59,0.32181037051237693
16.6,0.3218761092923078
16.61,0.321941893305946
16.62,0.32200820846884426
16.63,0.3220752141744566
16.64,0.32214291042278304
16.65,0.3222112972138237
16.66,0.3222803745475785
16.67,0.32235021470931174
16.68,0.3224208528571285
16.69,0.3224924624467077
16.7,0.3225650434780492
16.71,0.3226385959511531
16.72,0.3227131198660193
16.73,0.3227886152226479
16.740000000000002,0.32286503899350427
16.75,0.32294227558795996
16.76,0.32302027206197775
16.77,0.32309902841555754
16.78,0.3231785446486994
16.79,0.32325882076140333
16.8,0.32333985675366933
16.81,0.3234216526254974
16.82,0.32350372246133485
16.830000000000002,0.3235874679280817
16.84,0.3236734687455934
16.85,0.3237617249138699
16.86,0.3238522364329113
16.87,0.32394500330271747
16.88,0.3240410737476396
16.89,0.32414108460570973
16.9,0.3242450358769279
16.91,0.32435292756129414
16.92,0.3244641718340896
16.93,0.32457788869833865
16.94,0.3246940781540412
16.95,0.3248127489999529
16.96,0.3249339541801108
16.97,0.32505730107416564
16.98,0.3251818612313664
16.990000000000002,0.3253076346517131
17.0,0.32543462133520573
17.01,0.32556282128184433
17.02,0.3256922344916289
17.03,0.32582127833077895
17.04,0.3259489179952938
17.05,0.3260751534851735
17.06,0.3261999848004181
17.07,0.32632341194102754
17.080000000000002,0.32644438382498164
17.09,0.3265620901585694
17.1,0.32667662721750934
17.11,0.3267881211589769
17.12,0.3268971598076909
17.13,0.327004623160627
17.14,0.3271105112177852
17.150000000000002,0.32721482397916557
17.16,0.32731768888582113
17.17,0.3274196746887819
17.18,0.3275217098387989
17.19,0.32762379433587213
17.2,0.3277259281800016
17.21,0.32782799671748303
17.22,0.3279289289736246
17.23,0.3280287465218525
17.240000000000002,0.3281279044463121
17.25,0.3282264027470033
17.26,0.32832424142392613
17.27,0.32842142047708056
17.28,0.32851788598610754
17.29,0.32861361314075577
17.3,0.3287085056653068
17.31,0.32880243740258513
17.32,0.3288954083525908
17.330000000000002,0.32898741851532376
17.34,0.3290780460664827
17.35,0.32916687991751337
17.36,0.32925379262736243
17.37,0.3293386080653494
17.38,0.32942132623147424
17.39,0.3295019471257369
17.400000000000002,0.32958047074813746
17.41,0.3296570095173934
17.42,0.3297326248062832
17.43,0.3298073166148068
17.44,0.3298810849429642
17.45,0.32995392979075544
17.46,0.3300258511581805
17.47,0.33009684904523934
17.48,0.3301668825762643
17.490000000000002,0.33023576265019916
17.5,0.3303034892670439
17.51,0.33037006242679856
17.52,0.33043548212946317
17.53,0.3304997483750377
17.54,0.3305632829878234
17.55,0.3306264467602556
17.56,0.3306890966455031
17.57,0.3307512326435659
17.580000000000002,0.33081285475444383
17.59,0.3308739629781371
17.6,0.3309345573146456
17.61,0.330994639998956
17.62,0.33105412489790703
17.63,0.3311127869639405
17.64,0.33117062619705623
17.650000000000002,0.33122764259725435
17.66,0.3312838361645348
17.67,0.33133920689889756
17.68,0.3313938495963695
17.69,0.3314479635723112
17.7,0.33150117764473197
17.71,0.3315534918136317
17.72,0.3316049060790105
17.73,0.3316554204408684
17.740000000000002,0.3317050348992053
17.75,0.3317537997501403
17.76,0.33180185804050477
17.77,0.3318491485464983
17.78,0.3318953589865797
17.79,0.33194048936074905
17.8,0.3319845396690063
17.81,0.33202750991135155
17.82,0.3320694958228595
17.830000000000002,0.33211072245108836
17.84,0.3321511897960382
17.85,0.33219089785770906
17.86,0.33222974701258023
17.87,0.3322676992022593
17.88,0.3323047544267464
17.89,0.33234092728198816
17.900000000000002,0.33237658894997546
17.91,0.33241173943070823
17.92,0.3324463787241866
17.93,0.33248047966973926
17.94,0.3325137852769073
17.95,0.33254629554569065
17.96,0.3325780104760892
17.97,0.33260899129190347
17.98,0.33263955027467446
17.990000000000002,0.3326696874244022
18.0,0.3326994027410867
18.01,0.33272844505983723
18.02,0.3327567720011505
18.03,0.3327843835650266
18.04,0.3328112797514655
18.05,0.33283746056046726
18.06,0.33286302561555237
18.07,0.3328879165407369
18.080000000000002,0.3329117325834697
18.09,0.3329344737437506
18.1,0.33295614002157975
18.11,0.33297673141695705
18.12,0.3329962479298825
18.13,0.3330147167210272
18.14,0.3330323947808504
18.150000000000002,0.3330489559980151
18.16,0.3330643272177468
18.17,0.33307850844004544
18.18,0.333091499664911
18.19,0.3331033008923435
18.2,0.3331139121223429
18.21,0.3331235845198001
18.22,0.3331320098280745
18.23,0.33313909277043324
18.240000000000002,0.3331448333468764
18.25,0.3331492315574039
18.26,0.3331522874020158
18.27,0.3331540973150886
18.28,0.33315488766959167
18.29,0.33315459689743354
18.3,0.3331532249986143
18.31,0.33315077197313386
18.32,0.3331472378209922
18.330000000000002,0.33314262254218946
18.34,0.3331369261367255
18.35,0.33313047471593715
18.36,0.3331230496348401
18.37,0.3331143098085426
18.38,0.3331042552370448
18.39,0.3330928859203465
18.400000000000002,0.3330802018584479
18.41,0.3330662030513488
18.42,0.33305117409850377
18.43,0.3330350944418781
18.44,0.3330179640814719
18.45,0.332999783017285
18.46,0.3329805512493176
18.47,0.33296026877756957
18.48,0.3329391099816227
18.490000000000002,0.3329169631407683
18.5,0.3328936517012657
18.51,0.3328691756631149
18.52,0.33284353502631603
18.53,0.33281672979086896
18.54,0.3327887599567737
18.55,0.33275962552403027
18.56,0.3327295589937028
18.57,0.3326988972847712
18.580000000000002,0.3326676403972352
18.59,0.332635788331095
18.6,0.3326033410863505
18.61,0.3325702986630017
18.62,0.332536727097738
18.63,0.3325026690367463
18.64,0.3324680851115192
18.650000000000002,0.33243297532205685
18.66,0.33239733966835916
18.67,0.3323611781504262
18.68,0.33232449076825793
18.69,0.33228745081065447
18.7,0.3322502348313565
18.71,0.33221236694469425
18.72,0.33217377781016644
18.73,0.332134467427773
18.740000000000002,0.33209443579751385
18.75,0.3320536829193891
18.76,0.3320122680920935
18.77,0.331970156502319
18.78,0.3319268851600007
18.79,0.33188245406513867
18.8,0.3318368632177328
18.81,0.33179011261778324
18.82,0.33174220226528983
18.830000000000002,0.3316932053488332
18.84,0.33164321849440687
18.85,0.33159226015577203
18.86,0.3315403303329286
18.87,0.3314874290258766
18.88,0.33143355623461607
18.89,0.3313787119591469
18.900000000000002,0.33132289619946925
18.91,0.331266303040346
18.92,0.3312087687286448
18.93,0.33115029326436574
18.94,0.33109087664750875
18.95,0.3310305188780738
18.96,0.3309692199560609
18.97,0.3309070188606902
18.98,0.3308444757358856
18.990000000000002,0.3307816118682388
19.0,0.3307184272577497
19.01,0.3306549219044184
19.02,0.3305910958082448
19.03,0.33052694896922896
19.04,0.3304624241298844
19.05,0.33039740958898167
19.06,0.33033152293503193
19.07,0.33026476416803524
19.080000000000002,0.3301971332879915
19.09,0.3301286302949008
19.1,0.33005925518876317
19.11,0.32998928977048514
19.12,0.3299189671337007
19.13,0.3298478257593883
19.14,0.3297758526010296
19.150000000000002,0.3297030476586244
19.16,0.32962941093217285
19.17,0.32955494242167493
19.18,0.3294795449732715
19.19,0.329403124833641
19.2,0.32932506565108194
19.21,0.3292453674255943
19.22,0.3291640301571781
19.23,0.32908105384583325
19.240000000000002,0.3289964384915598
19.25,0.32891027734182626
19.26,0.32882315890424574
19.27,0.3287351161332524
19.28,0.32864614902884637
19.29,0.3285562575910276
19.3,0.328465441819796
19.31,0.3283737017151517
19.32,0.3282810372770946
19.330000000000002,0.32818757283197253
19.34,0.3280933101733211
19.35,0.3279982493011404
19.36,0.3279023902154304
19.37,0.32780573291619103
19.38,0.32770827740342234
19.39,0.327610069670754
19.400000000000002,0.327511644119328
19.41,0.32741300074914437
19.42,0.32731413956020317
19.43,0.3272150605525044
19.44,0.32711576372604795
19.45,0.327016249080834
19.46,0.32691638817310287
19.47,0.3268162602312811
19.48,0.3267158652553686
19.490000000000002,0.32661520324536547
19.5,0.32651427420127177
19.51,0.3264130781230873
19.52,0.3263116150108122
19.53,0.32621015672401976
19.54,0.3261078618725962
19.55,0.32600473045654155
19.56,0.32590076247585587
19.57,0.32579595793053906
19.580000000000002,0.32569031682059113
19.59,0.32558386561911234
19.6,0.3254770254374734
19.61,0.3253699588560875
19.62,0.3252626658749545
19.63,0.3251551464940745
19.64,0.3250474007134475
19.650000000000002,0.32493942853307334
19.66,0.32483115230058746
19.67,0.3247226998447393
19.68,0.3246143164774547
19.69,0.3245060021987336
19.7,0.324397757008576
19.71,0.3242895809069819
19.72,0.3241814738939513
19.73,0.3240735013025845
19.740000000000002,0.3239665157759781
19.75,0.3238600664285942
19.76,0.32375344471471984
19.77,0.32364665063435505
19.78,0.3235396841874998
19.79,0.32343254537415406
19.8,0.3233248950335067
19.81,0.3232165705851445
19.82,0.32310704056487966
19.830000000000002,0.3229960221707498
19.84,0.32288351540275484
19.85,0.3227695202608948
19.86,0.3226540367451697
19.87,0.32253682484396917
19.88,0.32241798804707744
19.89,0.3222977966526127
19.900000000000002,0.32217625066057504
19.91,0.32205335007096436
19.92,0.32192909488378074
19.93,0.3218034850990241
19.94,0.3216765207166945
19.95,0.32154815262339104
19.96,0.32141887820945864
19.97,0.3212886974748975
19.98,0.32115761041970753
19.990000000000002,0.32102561704388877
20.0,0.3208927173474411
20.01,0.320759392943306
20.02,0.3206269080720022
20.03,0.32049554553549203
20.04,0.32036530533377555
20.05,0.3202361874668528
20.06,0.3201081919347237
20.07,0.31998131873738833
20.080000000000002,0.31985521907313663
20.09,0.3197297009530448
20.1,0.31960481429437865
20.11,0.31948055909713813
20.12,0.3193569353613233
20.13,0.3192339430869341
20.14,0.31911158227397063
20.150000000000002,0.31899035292137157
20.16,0.31887046618450493
20.17,0.31875083828224254
20.18,0.31863035337664825
20.19,0.31850901146772187
20.2,0.3183868125554635
20.21,0.31826327502693186
20.22,0.318137666105796
20.23,0.3180100856286513
20.240000000000002,0.3178806158886292
20.25,0.31774925688572975
20.26,0.317616008619953
20.27,0.31748087109129874
20.28,0.31734384429976725
20.29,0.317203730695478
20.3,0.3170585542959029
20.31,0.31690831510104195
20.32,0.3167530131108951
20.330000000000002,0.3165926483254625
20.34,0.31642882149993296
20.35,0.31626171924674756
20.36,0.31609134156590635
20.37,0.31591877223853726
20.38,0.31574512710257663
20.39,0.31557149947709573
20.400000000000002,0.3153990965512625
20.41,0.31522791832507696
20.42,0.3150579647985391
20.43,0.3148891361350536
20.44,0.314721350041489
20.45,0.3145546065178452
20.46,0.31438887410444055
20.47,0.31422388836867415
20.48,0.31405964931054603
20.490000000000002,0.3138972761707423
20.5,0.31373869501452534
20.51,0.3135839058418949
20.52,0.3134329086528511
20.53,0.313285703447394
20.54,0.3131408148441749
20.55,0.3129980565360276
20.56,0.31285742852295184
20.57,0.31271893080494784
20.580000000000002,0.31258256338201545
20.59,0.31244723293508353
20.6,0.3123117322749841
20.61,0.31217552610111393
20.62,0.3120383799611157
20.63,0.3119002938549895
20.64,0.3117612677827353
20.650000000000002,0.3116213017443529
20.66,0.3114804271995243
20.67,0.31133907540031686
20.68,0.3111989390086405
20.69,0.311060018024495
20.7,0.3109223124478805
20.71,0.31078582227879686
20.72,0.3106505475172443
20.73,0.3105164881632226
20.740000000000002,0.3103835188428914
20.75,0.3102516392509761
20.76,0.3101206950973384
20.77,0.3099902461452025
20.78,0.30986029239456847
20.79,0.3097308338454363
20.8,0.3096018704978061
20.81,0.3094739376522808
20.82,0.3093472697612179
20.830000000000002,0.3092218668246174
20.84,0.3090975453243169
20.85,0.3089735907986486
20.86,0.3088500032476126
20.87,0.308726615851742
20.88,0.30860173594912726
20.89,0.3084753635397683
20.900000000000002,0.3083474986236652
20.91,0.30821810158145546
20.92,0.30808684686497145
20.93,0.3079537344742132
20.94,0.30781876440918066
20.95,0.30768193666987387
20.96,0.3075434055464313
20.97,0.30740361127562843
20.98,0.3072626686692207
20.990000000000002,0.3071208190811424
21.0,0.3069780625113936
21.01,0.3068343989599743
21.02,0.3066898284268844
21.03,0.306544350912124
21.04,0.3063981499338554
21.05,0.3062520599737256
21.06,0.3061066893824684
21.07,0.3059620381600837
21.080000000000002,0.3058181063065715
21.09,0.3056748938219319
21.1,0.30553240070616483
21.11,0.3053906665786327
21.12,0.30525001698750315
21.13,0.30511015594394836
21.14,0.3049695504315846
21.150000000000002,0.3048282004504118
21.16,0.30468610600043006
21.17,0.3045432670816393
21.18,0.3043995688822843
21.19,0.30425477004843066
21.2,0.30410898077872867
21.21,0.30396221343729846
21.22,0.30381446802414
21.23,0.3036657445392533
21.240000000000002,0.30351604298263835
21.25,0.3033652433343159
21.26,0.3032133847964618
21.27,0.30306104494623154
21.28,0.30290822378362503
21.29,0.3027549213086424
21.3,0.30260113752128365
21.31,0.30244687242154866
21.32,0.3022921260094376
21.330000000000002,0.30213716513144584
21.34,0.3019823765773574
21.35,0.3018277603471723
21.36,0.30167331644089046
21.37,0.301519044858512
21.38,0.3013649456000368
21.39,0.3012110186654649
21.400000000000002,0.3010572592008707
21.41,0.30090372610557925
21.42,0.3007504193795906
21.43,0.30059733902290475
21.44,0.30044448503552174
21.45,0.3002918574174415
21.46,0.30013882557075494
21.47,0.29998558495320965
21.48,0.2998321355648056
21.490000000000002,0.2996784774055428
21.5,0.29952461047542134
21.51,0.29937053477444114
21.52,0.2992162503026021
21.53,0.29906178620223683
21.54,0.2989079958424147
21.55,0.2987547648368061
21.56,0.29860209318541103
21.57,0.2984499808882296
21.580000000000002,0.29829842794526173
21.59,0.2981474343565074
21.6,0.297996894777242
21.61,0.29784720211668847
21.62,0.2976984681231551
21.63,0.29755069279664204
21.64,0.29740387613714914
21.650000000000002,0.2972580181446765
21.66,0.2971131018642238
21.67,0.29696835426088775
21.68,0.29682394287828545
21.69,0.2966802150419361
21.7,0.29653717075183944
21.71,0.29639481000799567
21.72,0.29625313281040466
21.73,0.2961121391590665
21.740000000000002,0.29597212191151134
21.75,0.29583319545406883
21.76,0.2956951993069642
21.77,0.2955576579772184
21.78,0.29542057146483136
21.79,0.29528393976980316
21.8,0.29514776289213374
21.81,0.29501157665915495
21.82,0.2948752693225584
21.830000000000002,0.2947388408823442
21.84,0.2946018761585636
21.85,0.2944643296963232
21.86,0.29432620149562294
21.87,0.29418749155646295
21.88,0.2940480323352261
21.89,0.29390747650639326
21.900000000000002,0.29376582406996465
21.91,0.29362213684814004
21.92,0.29347641304726596
21.93,0.2933286526673424
21.94,0.29317885570836943
21.95,0.293027022170347
21.96,0.2928733125330498
21.97,0.2927187758884634
21.98,0.2925635013332351
21.990000000000002,0.2924074888673648
22.0,0.29225073849085265
22.01,0.2920932502036985
22.02,0.2919350240059025
22.03,0.2917762870288619
22.04,0.2916182404760352
22.05,0.29146092980231586
22.06,0.291304355007704
22.07,0.2911485160921995
22.080000000000002,0.2909934130558023
22.09,0.2908390458985125
22.1,0.29068541462033015
22.11,0.2905335146758633
22.12,0.2903833853687384
22.13,0.2902350266989555
22.14,0.29008843866651446
22.150000000000002,0.2899436212714153
22.16,0.28980057451365815
22.17,0.28965872479423654
22.18,0.28951798301650306
22.19,0.28937731118574683
22.2,0.289236583201993
22.21,0.2890957990652415
22.22,0.28895495877549254
22.23,0.28881383520134846
22.240000000000002,0.2886716423192996
22.25,0.28852847282072897
22.26,0.2883845109604009
22.27,0.2882397567383155
22.28,0.2880942101544727
22.29,0.28794787120887244
22.3,0.2878007399015149
22.31,0.2876527589555918
22.32,0.2875054192875349
22.330000000000002,0.28735994114465124
22.34,0.2872163245269409
22.35,0.28707456943440374
22.36,0.2869346758670398
22.37,0.28679664382484904
22.38,0.2866604733078316
22.39,0.28652720231069834
22.400000000000002,0.28639695693342415
22.41,0.286269737176009
22.42,0.28614554303845285
22.43,0.2860238229096059
22.44,0.2859045627456117
22.45,0.28578766985508736
22.46,0.2856729599832684
22.47,0.28556043313015483
22.48,0.2854500892957467
22.490000000000002,0.285341928480044
22.5,0.2852359506830467
22.51,0.2851321559047547
22.52,0.28502832214537854
22.53,0.28492257881843086
22.54,0.28481492592391155
22.55,0.28470536346182074
22.56,0.28459389143215835
22.57,0.28448050983492446
22.580000000000002,0.28436521867011905
22.59,0.28424801793774207
22.6,0.28412507174509677
22.61,0.28399617488939555
22.62,0.2838613273706384
22.63,0.2837210807999754
22.64,0.28357540819081944
22.650000000000002,0.28342416422008965
22.66,0.28326734888778593
22.67,0.2831049621939083
22.68,0.2829370041384568
22.69,0.28276538100487814
22.7,0.2825914445319197
22.71,0.2824151947195814
22.72,0.28223732514124833
22.73,0.28205848613610085
22.740000000000002,0.2818786777041389
22.75,0.2816978111177419
22.76,0.2815131081326069
22.77,0.2813245687487337
22.78,0.28113219296612246
22.79,0.2809359807847731
22.8,0.2807393260628665
22.81,0.2805412311491672
22.82,0.28034169604367504
22.830000000000002,0.2801407207463901
22.84,0.2799381438477523
22.85,0.2797331193978102
22.86,0.2795256473965638
22.87,0.27931572784401304
22.88,0.2791045164059591
22.89,0.27889148327180463
22.900000000000002,0.27867527670280223
22.91,0.278455896698952
22.92,0.27823334326025395
22.93,0.27800964926414673
22.94,0.27778500494886316
22.95,0.2775594990420237
22.96,0.27733590978793143
22.97,0.27711423718658634
22.98,0.2768943279584446
22.990000000000002,0.2766757287437818
23.0,0.2764588815771138
23.01,0.2762449893124638
23.02,0.2760340519498317
23.03,0.2758260694892177
23.04,0.2756245467102145
23.05,0.2754304967270523
23.06,0.27524391953973093
23.07,0.27506481514825054
23.080000000000002,0.27489202788680983
23.09,0.2747241812825595
23.1,0.2745612753354995
23.11,0.2744033100456299
23.12,0.2742488270572075
23.13,0.2740955887680895
23.14,0.2739434049400431
23.150000000000002,0.27379227557306834
23.16,0.2736422006671653
23.17,0.2734931802223339
23.18,0.2733457264077924
23.19,0.2732005535222795
23.2,0.27305766156579536
23.21,0.2729170505383399
23.22,0.2727787204399131
23.23,0.2726426712705149
23.240000000000002,0.27250560069055574
23.25,0.2723675252308359
23.26,0.27222845554073505
23.27,0.2720883916202531
23.28,0.27194733346939015
23.29,0.2718052810881461
23.3,0.27166223447652105
23.31,0.2715181936345149
23.32,0.2713750971052512
23.330000000000002,0.27123315391027636
23.34,0.2710923640495902
23.35,0.27095272752319277
23.36,0.27081424433108414
23.37,0.27067691447326425
23.38,0.2705403790600588
23.39,0.27040537019779176
23.400000000000002,0.27027218099218764
23.41,0.2701408114432463
23.42,0.270011261550968
23.43,0.2698835313153525
23.44,0.2697576207363999
23.45,0.26963349144211224
23.46,0.26951113278311
23.47,0.2693905447593932
23.48,0.2692713482205937
23.490000000000002,0.2691534788608588
23.5,0.26903693668018847
23.51,0.26892172167858286
23.52,0.2688073536686614
23.53,0.26869382835358196
23.54,0.2685811457333447
23.55,0.2684693058079494
23.56,0.26835799541104804
23.57,0.26824708201702707
23.580000000000002,0.26813656562588656
23.59,0.26802545319228815
23.6,0.2679134516105072
23.61,0.26780056088054394
23.62,0.26768678100239823
23.63,0.26757221451601515
23.64,0.2674572601448505
23.650000000000002,0.2673419178889044
23.66,0.26722618774817664
23.67,0.26711006972266726
23.68,0.2669939429627446
23.69,0.26687787177426114
23.7,0.26676185615721687
23.71,0.2666458609372738
23.72,0.26652957156052376
23.73,0.2664129880269667
23.740000000000002,0.26629611033660266
23.75,0.2661789384894316
23.76,0.2660617856518018
23.77,0.2659447843493265
23.78,0.26582793458200593
23.79,0.2657084501662773
23.8,0.26558422354874245
23.81,0.2654552547294014
23.82,0.265321543708254
23.830000000000002,0.2651826014122532
23.84,0.2650376309985044
23.85,0.26488663246700783
23.86,0.26472960581776334
23.87,0.2645668673860011
23.88,0.2643985303308019
23.89,0.26422459465216586
23.900000000000002,0.26404506035009284
23.91,0.26386435768768524
23.92,0.2636833303190117
23.93,0.26350197824407245
23.94,0.26332030146286733
23.95,0.26313829997539645
23.96,0.2629559737816597
23.97,0.26277364448473806
23.98,0.2625927028139582
23.990000000000002,0.2624159349528827
24.0,0.2622454484549097
24.01,0.2620812433200393
24.02,0.26192331954827147
24.03,0.26177206367270844
24.04,0.26162787381278874
24.05,0.2614907499685124
24.060000000000002,0.26136059905154824
24.07,0.26123654886483794
24.080000000000002,0.2611184862493007
24.09,0.26100641120493634
24.1,0.2609003237317451
24.11,0.26079582874096263
24.12,0.2606923971324283
24.13,0.26059002890614213
24.14,0.2604884436531948
24.150000000000002,0.2603870603598869
24.16,0.2602858790262184
24.17,0.26018457804910844
24.18,0.26008176669923033
24.19,0.2599774449765841
24.2,0.2598716128811699
24.21,0.25976449393031414
24.22,0.25965618967665366
24.23,0.2595467001201885
24.240000000000002,0.2594360252609186
24.25,0.25932416509884393
24.26,0.25921121272229575
24.27,0.2590977239931022
24.28,0.25898381045953334
24.29,0.25886950414828186
24.3,0.2587548050593476
24.310000000000002,0.25863971319273066
24.32,0.2585242285484311
24.330000000000002,0.25840835112644883
24.34,0.2582923613356932
24.35,0.2581771853402615
24.36,0.25806292095213945
24.37,0.2579495681713271
24.38,0.25783712699782435
24.39,0.2577255974316313
24.400000000000002,0.25761497947274786
24.41,0.25750504960384746
24.42,0.2573957539474818
24.43,0.2572872274459805
24.44,0.2571794700993436
24.45,0.2570724819075712
24.46,0.2569662628706631
24.47,0.25686081298861935
24.48,0.25675602071316994
24.490000000000002,0.2566518540176223
24.5,0.25654791878815564
24.51,0.2564438941673332
24.52,0.25633978015515513
24.53,0.2562355767516212
24.54,0.2561312839567315
24.55,0.2560265566200882
24.560000000000002,0.25592129692970556
24.57,0.2558158780356509
24.580000000000002,0.2557103363807113
24.59,0.2556046719648867
24.6,0.255498884788177
24.61,0.2553929748505823
24.62,0.2552868944769142
24.63,0.255180508724843
24.64,0.2550735890808505
24.650000000000002,0.2549661074871161
24.66,0.2548580639436399
24.67,0.25474945845042185
24.68,0.254640291007462
24.69,0.25453056161476023
24.7,0.25442093041567393
24.71,0.25431233946665405
24.72,0.2542047887677006
24.73,0.2540982783188136
24.740000000000002,0.2539928081199931
24.75,0.253888378171239
24.76,0.2537849884725514
24.77,0.2536822658738628
24.78,0.2535801530591698
24.79,0.25347863648499913
24.8,0.2533777161513507
24.810000000000002,0.2532773920582245
24.82,0.2531776642056206
24.830000000000002,0.253078532593539
24.84,0.25298022573549783
24.85,0.2528827081974199
24.86,0.25278550139705924
24.87,0.25268860533441584
24.88,0.25259202000948966
24.89,0.25249574542228076
24.900000000000002,0.25239951554325246
24.91,0.25230270917339065
24.92,0.2522055029809382
24.93,0.2521080633786245
24.94,0.25201039036644957
24.95,0.25191248394441346
24.96,0.2518143441125161
24.97,0.25171597087075737
24.98,0.25161738509235393
24.990000000000002,0.2515190692771378
25.0,0.2514213936702262
25.01,0.2513243582716191
25.02,0.2512279630813165
25.03,0.25113220809931847
25.04,0.251037093325625
25.05,0.2509426822521338
25.060000000000002,0.25084945346109083
25.07,0.2507576959271319
25.080000000000002,0.2506680567192354
25.09,0.2505805358374015
25.1,0.25049513328163
25.11,0.25041184905192093
25.12,0.2503305064800314
25.13,0.250250939153232
25.14,0.25017314707152266
25.150000000000002,0.25009713023490343
25.16,0.25002288864337435
25.17,0.24995042229693545
25.18,0.24987993815163714
25.19,0.24981101886398402
25.2,0.24974329418885896
25.21,0.24967676412626189
25.22,0.2496114286761928
25.23,0.24954728783865168
25.240000000000002,0.24948434161363853
25.25,0.24942259000115338
25.26,0.24936203300119625
25.27,0.2493023816391314
25.28,0.2492429888459803
25.29,0.24918346504038244
25.3,0.2491234660160567
25.310000000000002,0.24906299177300317
25.32,0.24900204231122175
25.330000000000002,0.24894061763071257
25.34,0.24887871773147546
25.35,0.2488163426135106
25.36,0.2487534922768179
25.37,0.2486901667213973
25.38,0.2486258412786036
25.39,0.24856033176736708
25.400000000000002,0.2484936381876878
25.41,0.24842576053956575
25.42,0.2483566988230009
25.43,0.2482864530379933
25.44,0.24821502318454294
25.45,0.24814240926264977
25.46,0.24806832400716455
25.47,0.24799276407801618
25.48,0.2479157294752047
25.490000000000002,0.24783760978009065
25.5,0.24775874919895519
25.51,0.2476791477317982
25.52,0.24759880537861972
25.53,0.2475183355797681
25.54,0.24743780361629675
25.55,0.24735720948820564
25.560000000000002,0.2472765531954947
25.57,0.24719583473816406
25.580000000000002,0.24711537182880847
25.59,0.2470352970356342
25.6,0.2469556103586413
25.61,0.24687496478684995
25.62,0.24679260060939798
25.63,0.24670851782628528
25.64,0.24662271643751188
25.650000000000002,0.2465351964430778
25.66,0.24644580084846113
25.67,0.24635412240253446
25.68,0.2462601611052977
25.69,0.24616391695675088
25.7,0.24606573762994427
25.71,0.2459674074905712
25.72,0.24586892653863165
25.73,0.24576968133377722
25.740000000000002,0.24566960659495457
25.75,0.2455687023221637
25.76,0.24546696851540464
25.77,0.24536542697383643
25.78,0.2452642123351577
25.79,0.24516332459936846
25.8,0.24506276376646868
25.810000000000002,0.24496387684743817
25.82,0.24486742355313912
25.830000000000002,0.24477340388357166
25.84,0.2446818178387357
25.85,0.2445907088392929
25.86,0.2444992041702369
25.87,0.24440771442276626
25.88,0.24431623959688112
25.89,0.24422485172444333
25.900000000000002,0.24413327614759658
25.91,0.2440397285006477
25.92,0.24394420878359663
25.93,0.24384688280701794
25.94,0.24374801523030493
25.95,0.24364760605345745
25.96,0.2435456552764757
25.97,0.24344117656459688
25.98,0.2433345616573177
25.990000000000002,0.24322581055463827
26.0,0.2431149232565585
26.01,0.24300189976307843
26.02,0.24288702920826527
26.03,0.24277080758328967
26.04,0.2426532348881517
26.05,0.24253626770218956
26.060000000000002,0.2424212230000809
26.07,0.24230810078182569
26.080000000000002,0.24219815157249025
26.09,0.24209131951854848
26.1,0.24198753160480643
26.11,0.241886787831264
26.12,0.24178908819792122
26.13,0.24169426689420362
26.14,0.24160205926071782
26.150000000000002,0.2415129152927659
26.16,0.2414270178971601
26.17,0.241344331609504
26.18,0.24126433005260237
26.19,0.24118701322645508
26.2,0.24111238113106226
26.21,0.2410404337664238
26.22,0.24097088199847255
26.23,0.2409032298360378
26.240000000000002,0.24083712327722492
26.25,0.24077253419806732
26.26,0.24070946259856493
26.27,0.2406479084787178
26.28,0.24058662131345954
26.29,0.24052558492445436
26.3,0.24046479931170212
26.310000000000002,0.24040424951576728
26.32,0.2403439031155557
26.330000000000002,0.2402837601110675
26.34,0.24022382050230257
26.35,0.24016363429395896
26.36,0.2401030185792244
26.37,0.24004197335809888
26.38,0.2399804986305823
26.39,0.23991754643651433
26.400000000000002,0.23985305169304202
26.41,0.23978701440016553
26.42,0.23971943455788466
26.43,0.2396503121661996
26.44,0.23957928075412527
26.45,0.23950578362628697
26.46,0.23942982078268468
26.47,0.23935139222331844
26.48,0.23927065139552886
26.490000000000002,0.2391877722234126
26.5,0.23910275470696968
26.51,0.23901561380563577
26.52,0.2389262718533008
26.53,0.2388343012788668
26.54,0.23873970208233364
26.55,0.23864247426370153
26.560000000000002,0.23854199817106658
26.57,0.23843733077972984
26.580000000000002,0.23832847208969135
26.59,0.2382179364256647
26.6,0.23810784173245264
26.61,0.23799818801005515
26.62,0.2378889752584723
26.63,0.23778020347770404
26.64,0.2376725931406299
26.650000000000002,0.23756760750156816
26.66,0.23746545412512027
26.67,0.23736613301128626
26.68,0.23726949071272552
26.69,0.23717535330534134
26.7,0.23708372078913378
26.71,0.23699459316410282
26.72,0.23690746485891112
26.73,0.23682015210898397
26.740000000000002,0.23673265491432147
26.75,0.23664497327492356
26.76,0.2365576162323037
26.77,0.23647148449422847
26.78,0.23638657806069796
26.79,0.23630197930450167
26.8,0.2362164723036131
26.810000000000002,0.2361300570580321
26.82,0.2360427335677588
26.830000000000002,0.23595483273214182
26.84,0.23586801103650196
26.85,0.23578139004586252
26.86,0.2356947621956218
26.87,0.23560812748577983
26.88,0.23552148591633673
26.89,0.23543483748729238
26.900000000000002,0.23534818219864673
26.91,0.2352600915430648
26.92,0.2351711304362203
26.93,0.23508391021378588
26.94,0.23499843087576155
26.95,0.23491507415082472
26.96,0.23483491454009506
26.97,0.23475799436050507
26.98,0.23468431361205466
26.990000000000002,0.234613323557401
27.0,0.23454418725662096
27.01,0.23447690470971438
27.02,0.23441170271419615
27.03,0.2343485099271884
27.04,0.23428566986337054
27.05,0.2342231825227424
27.060000000000002,0.23416104790530418
27.07,0.23409926601105582
27.080000000000002,0.23403783683999718
27.09,0.23397676039212842
27.1,0.23391585619615105
27.11,0.2338562020870499
27.12,0.2337978488076927
27.13,0.2337407963580794
27.14,0.23368504473821
27.150000000000002,0.23363021221940708
27.16,0.2335753349109413
27.17,0.23352087473577102
27.18,0.2334670366205977
27.19,0.23341382056542148
27.2,0.23336122657024233
27.21,0.23330925463506022
27.22,0.23325767796236044
27.23,0.233206236995672
27.240000000000002,0.2331549317349948
27.25,0.23310372978176205
27.26,0.2330524589889648
27.27,0.23300111935660311
27.28,0.23294971088467706
27.29,0.23289823357318654
27.3,0.23284686789343007
27.310000000000002,0.2327959645177578
27.32,0.23274552344616986
27.330000000000002,0.23269456476256317
27.34,0.23264134468020256
27.35,0.2325858631990882
27.36,0.23252812031922
27.37,0.23246787960857543
27.38,0.23240505072065565
27.39,0.23233963365546076
27.400000000000002,0.2322716284129906
27.41,0.23220195493150758
27.42,0.23213092590339884
27.43,0.2320585413286643
27.44,0.2319848012073041
27.45,0.2319097379378851
27.46,0.23183348739586584
27.47,0.23175601969845858
27.48,0.2316773348456632
27.490000000000002,0.23159743283747986
27.5,0.23151631367390846
27.51,0.23143461327167433
27.52,0.2313530503790347
27.53,0.23127260491209273
27.54,0.23119502065758352
27.55,0.23112029761550695
27.560000000000002,0.23104843578586304
27.57,0.23097920967771596
27.580000000000002,0.23091250471086294
27.59,0.23084823566231139
27.6,0.23078635310496107
27.61,0.23072593710054976
27.62,0.2306666749566902
27.63,0.23060856667338242
27.64,0.23055161225062637
27.650000000000002,0.23049581168842206
27.66,0.23044118829623367
27.67,0.23038774690863528
27.68,0.230335487525627
27.69,0.2302844101472087
27.7,0.2302345147733805
27.71,0.23018516548741705
27.72,0.23013564354106109
27.73,0.23008598838614777
27.740000000000002,0.23003633831928288
27.75,0.22998669334046645
27.76,0.22993705344969845
27.77,0.2298874186469789
27.78,0.22983778893230777
27.79,0.22978824952867768
27.8,0.22973884986318885
27.810000000000002,0.22968958859308333
27.82,0.22964046483698658
27.830000000000002,0.22959147859489865
27.84,0.22954262986681945
27.85,0.2294939186527491
27.86,0.22944535791477372
27.87,0.22939697270110684
27.88,0.22934875981826663
27.89,0.2293006007179498
27.900000000000002,0.22925249540015616
27.91,0.22920444386488587
27.92,0.22915644611213884
27.93,0.22910846269007976
27.94,0.22906035530210297
27.95,0.22901212394820844
27.96,0.22896364443965442
27.97,0.228914888649079
27.98,0.22886585657648228
27.990000000000002,0.22881654822186412
28.0,0.2287669635852246
28.01,0.22871710400932171
28.02,0.22866697104596923
28.03,0.22861666285127788
28.04,0.22856617942524782
28.05,0.22851552076787893
28.060000000000002,0.22846468687917118
28.07,0.22841367775912466
28.080000000000002,0.2283624966012212
28.09,0.22831126195376417
28.1,0.2282596182064514
28.11,0.22820753863891907
28.12,0.22815502325116718
28.13,0.22810207204319574
28.14,0.2280486850150048
28.150000000000002,0.22799486216659423
28.16,0.22794104449082592
28.17,0.2278873329198338
28.18,0.22783372745361782
28.19,0.22778022809217807
28.2,0.2277268348355146
28.21,0.22767354768362721
28.22,0.2276203659660768
28.23,0.22756719407301446
28.240000000000002,0.2275140325618957
28.25,0.22746088143272064
28.26,0.2274077406854893
28.27,0.22735461032020154
28.28,0.22730149033685748
28.29,0.22724838073545706
28.3,0.22719575617291965
28.310000000000002,0.2271436618866865
28.32,0.22709209787675766
28.330000000000002,0.22704106414313308
28.34,0.22699056068581278
28.35,0.22694058750479687
28.36,0.22689082779596514
28.37,0.22684109831500562
28.38,0.22679132142050012
28.39,0.22674149711244868
28.400000000000002,0.22669162539085114
28.41,0.22664170625570765
28.42,0.22659173970701812
28.43,0.22654172319852064
28.44,0.22649178223355132
28.45,0.22644192766208268
28.46,0.2263921594841149
28.47,0.22634247769964794
28.48,0.22629288230868175
28.490000000000002,0.22624337331121636
28.5,0.22619383166063461
28.51,0.22614445795668764
28.52,0.22609526525464455
28.53,0.22604625355450542
28.54,0.22599742285627017
28.55,0.22594877315993883
28.560000000000002,0.22590030446551146
28.57,0.22585212721252795
28.580000000000002,0.22580420890837022
28.59,0.22575631837806057
28.6,0.22570845562159908
28.61,0.22566062063898573
28.62,0.22561281343022052
28.63,0.22556503399530342
28.64,0.22551715627344282
28.650000000000002,0.22546942175490017
28.66,0.22542190433073778
28.67,0.22537460400095574
28.68,0.225327520765554
28.69,0.22528065462453267
28.7,0.22523400557789164
28.71,0.22518735450880242
28.72,0.22514073115260755
28.73,0.22509423480745255
28.740000000000002,0.22504786547333727
28.75,0.22500162315026184
28.76,0.22495550783822615
28.77,0.22490951953723032
28.78,0.22486376838131056
28.79,0.22481848554544462
28.8,0.2247731557118431
28.810000000000002,0.22472681351875984
28.82,0.22467945896619498
28.830000000000002,0.22463109205414838
28.84,0.22458171278262012
28.85,0.22453083497797682
28.86,0.22447829718743356
28.87,0.22442409941099015
28.88,0.2243682416486467
28.89,0.2243107237567709
28.900000000000002,0.2242515456036732
28.91,0.22419070718935336
28.92,0.22412816572319977
28.93,0.224063873693843
28.94,0.22399792452856918
28.95,0.22393031822737813
28.96,0.22386105479027005
28.97,0.22379018179836993
28.98,0.22371827757986407
28.990000000000002,0.22364534213475246
29.0,0.22357189078082434
29.01,0.223498888879826
29.02,0.2234263364317572
29.03,0.22335514822067978
29.04,0.22328533009528137
29.05,0.22321711588896126
29.060000000000002,0.22315059316344202
29.07,0.2230857619187237
29.080000000000002,0.2230226221548063
29.09,0.22296117401532203
29.1,0.2229013431983114
29.11,0.22284311992869946
29.12,0.2227865042064862
29.13,0.2227314442448955
29.14,0.22267784661664133
29.150000000000002,0.22262571132172373
29.16,0.22257502354928418
29.17,0.22252563675209905
29.18,0.2224769726019821
29.19,0.22242903109893328
29.2,0.22238181224295267
29.21,0.22233531603404022
29.22,0.22228954247219593
29.23,0.222243761547286
29.240000000000002,0.22219801619157153
29.25,0.22215230640505249
29.26,0.22210663218772883
29.27,0.22206099353960065
29.28,0.2220153904606678
29.29,0.22196982295093043
29.3,0.22192447209623087
29.310000000000002,0.22187936701267494
29.32,0.22183450770026272
29.330000000000002,0.22178989415899414
29.34,0.22174552638886924
29.35,0.22170140438988803
29.36,0.221657542972909
29.37,0.22161387869604723
29.38,0.2215702939897258
29.39,0.22152678885394472
29.400000000000002,0.22148336328870394
29.41,0.22144001729400342
29.42,0.22139675086984326
29.43,0.2213534124915378
29.44,0.22131004281996244
29.45,0.22126664185511724
29.46,0.2212232095970022
29.47,0.22117974604561724
29.48,0.22113625120096247
29.490000000000002,0.22109272506303776
29.5,0.22104912069074817
29.51,0.221005449012875
29.52,0.22096171002941817
29.53,0.22091790374037776
29.54,0.22087403014575377
29.55,0.2208300892455462
29.560000000000002,0.22078608103975497
29.57,0.22074239315348856
29.580000000000002,0.22069917889128532
29.59,0.22065643825314524
29.6,0.22061417123906835
29.61,0.22057237784905462
29.62,0.22053105808310408
29.63,0.2204901786919745
29.64,0.2204496232187662
29.650000000000002,0.22040928532510398
29.66,0.22036916501098772
29.67,0.22032926227641747
29.68,0.22028957712139324
29.69,0.220250109545915
29.7,0.2202107998388847
29.71,0.2201716406708548
29.72,0.22013279323467
29.73,0.22009425753033024
29.740000000000002,0.22005603355783548
29.75,0.22001812131718582
29.76,0.2199805208083812
29.77,0.2199430068142966
29.78,0.21990554359997067
29.79,0.2198681415304494
29.8,0.2198308136370045
29.810000000000002,0.21979355991963598
29.82,0.21975638037834386
29.830000000000002,0.2197192750131281
29.84,0.21968227083906414
29.85,0.2196454741945272
29.86,0.21960888507951734
29.87,0.21957223649146845
29.88,0.2195354531787435
29.89,0.21949853514134246
29.900000000000002,0.21946148237926533
29.91,0.21942427195214737
29.92,0.219386742667144
29.93,0.21934905092358764
29.94,0.21931138633101943
29.95,0.21927374888943918
29.96,0.21923613859884705
29.97,0.21919855545924297
29.98,0.2191609994706269
29.990000000000002,0.2191234602679529
30.0,0.21908592481994926
30.01,0.21904823059993422
30.02,0.2190103769427214
30.03,0.21897236384831084
30.04,0.21893419131670253
30.05,0.21889585934789652
30.060000000000002,0.21885736794189273
30.07,0.21881900271323723
30.080000000000002,0.21878087708375643
30.09,0.21874299105345035
30.1,0.2187053446223189
30.11,0.21866793779036212
30.12,0.21863077055757993
30.13,0.21859368652464
30.14,0.21855654926731088
30.150000000000002,0.21851939223786002
30.16,0.21848221543628726
30.17,0.21844501886259274
30.18,0.21840780251677638
30.19,0.21837056639883815
30.2,0.21833331050877813
30.21,0.218296240232486
30.22,0.21825937433335607
30.23,0.21822271281138844
30.240000000000002,0.2181862556665831
30.25,0.21815000289893996
30.26,0.2181139545084591
30.27,0.21807809188316055
30.28,0.21804242737476912
30.29,0.21800697926989251
30.3,0.2179717475685309
30.310000000000002,0.21793673227068414
30.32,0.21790193337635227
30.330000000000002,0.21786735088553533
30.34,0.21783293161292355
30.35,0.21779861438163822
30.36,0.21776438465894157
30.37,0.2177302424448337
30.38,0.2176961877393146
30.39,0.21766222054238432
30.400000000000002,0.21762834085404276
30.41,0.21759450581508194
30.42,0.21756100303371245
30.43,0.21752786542086558
30.44,0.21749509297654127
30.45,0.21746268570073962
30.46,0.21743064359346054
30.47,0.21739896665470412
30.48,0.21736760436255617
30.490000000000002,0.21733653843040895
30.5,0.21730559356324058
30.51,0.21727470259197332
30.52,0.21724386551660707
30.53,0.21721308233714187
30.54,0.21718235305357764
30.55,0.217151705390526
30.560000000000002,0.21712115388072456
30.57,0.21709079079461682
30.580000000000002,0.21706061971266544
30.59,0.21703064063487046
30.6,0.21700085356123186
30.61,0.21697125849174967
30.62,0.21694154972000534
30.63,0.2169116943350676
30.64,0.2168818688273019
30.650000000000002,0.2168520832111195
30.66,0.2168223374865205
30.67,0.2167926316535048
30.68,0.2167629657120725
30.69,0.21673333966222352
30.7,0.21670392879897965
30.71,0.21667478027798642
30.72,0.21664575727251142
30.73,0.2166168597825547
30.740000000000002,0.21658808780811625
30.75,0.21655944134919608
30.76,0.2165309204057942
30.77,0.21650243270746694
30.78,0.21647399935626993
30.79,0.21644565779001218
30.8,0.21641740800869375
30.810000000000002,0.21638925001231474
30.82,0.216361183800875
30.830000000000002,0.21633320937437453
30.84,0.21630515024244795
30.85,0.21627715592867447
30.86,0.216249322888933
30.87,0.2162216511232235
30.88,0.21619414063154602
30.89,0.2161667914139005
30.900000000000002,0.216139603470287
30.91,0.21611259681413783
30.92,0.21608590827218546
30.93,0.21605943954270096
30.94,0.21603312871566865
30.95,0.21600697579108857
30.96,0.21598098076896063
30.970000000000002,0.21595514364928498
30.98,0.21592943974954334
30.990000000000002,0.2159038316319267
31.0,0.2158784452988291
31.01,0.21585331303019156
31.02,0.21582843482601427
31.03,0.2158038106862971
31.04,0.21577944061104004
31.05,0.2157551650622526
31.060000000000002,0.21573088758405579
31.07,0.21570660059466268
31.080000000000002,0.21568229157449945
31.09,0.21565796052356614
31.1,0.21563360744186272
31.11,0.21560923232938917
31.12,0.21558483518614552
31.13,0.21556051431386064
31.14,0.21553631172540336
31.150000000000002,0.2155122034567583
31.16,0.21548818950792553
31.17,0.21546426987890505
31.18,0.21544044456969685
31.19,0.21541671358030096
31.2,0.2153929620092676
31.21,0.21536930867915838
31.220000000000002,0.21534575358997327
31.23,0.21532229674171227
31.240000000000002,0.21529893813437537
31.25,0.21527567776796258
31.26,0.21525251564247389
31.27,0.2152294677116064
31.28,0.21520660632095728
31.29,0.21518393147052653
31.3,0.21516144316031408
31.310000000000002,0.21513914139031995
31.32,0.21511702616054423
31.330000000000002,0.21509509747098682
31.34,0.21507336449970835
31.35,0.2150517785988512
31.36,0.21503033976841537
31.37,0.21500904800840082
31.38,0.21498790331880763
31.39,0.21496690569963564
31.400000000000002,0.2149460440499406
31.41,0.21492536240857585
31.42,0.21490487411417436
31.43,0.21488457916673612
31.44,0.21486447756626123
31.45,0.21484456931274964
31.46,0.21482485440620133
31.470000000000002,0.21480532447470627
31.48,0.21478589064829484
31.490000000000002,0.21476650598849195
31.5,0.21474717049529768
31.51,0.214727884168712
31.52,0.21470864700873493
31.53,0.21468945901536637
31.54,0.21467033090769272
31.55,0.21465133529758687
31.560000000000002,0.21463229421325183
31.57,0.2146130525800964
31.580000000000002,0.21459361039812053
31.59,0.2145739676673243
31.6,0.2145541243877076
31.61,0.2145338854179145
31.62,0.21451323741931194
31.63,0.21449207567638662
31.64,0.21447000088845763
31.650000000000002,0.2144470130555251
31.66,0.21442311217758894
31.67,0.21439829825464915
31.68,0.21437260033065192
31.69,0.21434606534407238
31.7,0.2143186767405451
31.71,0.21429042480937177
31.720000000000002,0.21426130955055225
31.73,0.21423133096408672
31.740000000000002,0.21420048904997507
31.75,0.21416878380821736
31.76,0.21413639321061045
31.77,0.2141034202563083
31.78,0.2140695207434235
31.79,0.2140346946719561
31.8,0.21399894204190603
31.810000000000002,0.2139622628532733
31.82,0.21392465710605796
31.830000000000002,0.2138862295157733
31.84,0.21384737938310008
31.85,0.21380815388528362
31.86,0.21376855644322953
31.87,0.21372858705693773
31.88,0.2136882457264083
31.89,0.21364753245164114
31.900000000000002,0.2136064637870017
31.91,0.2135650494431883
31.92,0.21352328942020105
31.93,0.21348061519330752
31.94,0.2134359057986639
31.95,0.2133891612362701
31.96,0.21334038150612633
31.970000000000002,0.2132896186836697
31.98,0.21323721697078774
31.990000000000002,0.21318381296360975
32.0,0.21312944064945075
32.01,0.21307410002831068
32.02,0.21301779110018942
32.03,0.2129605138650871
32.04,0.21290226832300374
32.05,0.21284300729669395
32.06,0.21278247102426154
32.07,0.21272064069061622
32.08,0.21265751629575802
32.09,0.2125930978396869
32.1,0.21252738532240287
32.11,0.21246037874390597
32.12,0.2123920781041962
32.13,0.21232109178784775
32.14,0.21224734797318406
32.15,0.21217084666020525
32.160000000000004,0.21209158784891113
32.17,0.21200957153930183
32.18,0.21192435493664502
32.19,0.21183491756980716
32.2,0.2117412254514733
32.21,0.21164327858164356
32.22,0.21154107696031788
32.230000000000004,0.21143462058749626
32.24,0.2113231166261554
32.25,0.21120541073799498
32.26,0.21108175926400569
32.27,0.21095218101927787
32.28,0.2108166760038114
32.29,0.2106752442176064
32.3,0.21052852207691516
32.31,0.21037698997461712
32.32,0.21022064791071227
32.33,0.21006145602535858
32.34,0.2099006071040766
32.35,0.20973810114686625
32.36,0.20957393815372755
32.37,0.20940737774329327
32.38,0.20923709781513056
32.39,0.20906348224424356
32.4,0.20888653103063232
32.410000000000004,0.20870624417429684
32.42,0.20852262167523708
32.43,0.20833566353345306
32.44,0.20814547392845112
32.45,0.2079528808929798
32.46,0.20775788442703905
32.47,0.20756048453062892
32.480000000000004,0.20736068120374934
32.49,0.20715847444640043
32.5,0.20695322784232967
32.51,0.2067435753138907
32.52,0.2065289812084979
32.53,0.20630944552615132
32.54,0.20608496826685085
32.55,0.20585554943059656
32.56,0.20562118901738838
32.57,0.20538262740859364
32.58,0.2051411347175381
32.59,0.20489613266864298
32.6,0.20464762126190839
32.61,0.20439560049733424
32.62,0.2041400703749206
32.63,0.20388103089466741
32.64,0.20361917071409175
32.65,0.20335481613874534
32.660000000000004,0.20308652321678236
32.67,0.2028139537345345
32.68,0.20253710769200167
32.69,0.20225598508918402
32.7,0.20197058592608141
32.71,0.2016817958874609
32.72,0.20139015062590815
32.730000000000004,0.2010959015622306
32.74,0.20079941368997817
32.75,0.20050068700915097
32.76,0.200199721519749
32.77,0.1998965172217722
32.78,0.19959156889705998
32.79,0.199285454821191
32.8,0.19897817499416529
32.81,0.19866992772766018
32.82,0.19836086599160901
32.83,0.19805098978601174
32.84,0.19774029911086838
32.85,0.1974287939661789
32.86,0.19711791830378916
32.87,0.1968080103373675
32.88,0.19649907006691392
32.89,0.1961915284909017
32.9,0.19588539695969234
32.910000000000004,0.19558067547328575
32.92,0.19527736403168203
32.93,0.19497521121407374
32.94,0.19467385202691084
32.95,0.19437328647019333
32.96,0.19407461317459873
32.97,0.19377844052246906
32.980000000000004,0.1934847685138043
32.99,0.19319359714860457
33.0,0.19290492642686977
33.01,0.1926185580369225
33.02,0.19233433900882954
33.03,0.1920522693425909
33.04,0.19177348765445398
33.05,0.19149851225643297
33.06,0.19122734314852788
33.07,0.19095998033073863
33.08,0.1906964238030653
33.09,0.19043624256703462
33.1,0.19017942527228507
33.11,0.1899259719188167
33.12,0.18967588487494724
33.13,0.1894292647686719
33.14,0.18918611159999066
33.15,0.18894642536890346
33.160000000000004,0.18870910744473288
33.17,0.1884735494451368
33.18,0.18823975137011528
33.19,0.18800771321966825
33.2,0.18777742977026518
33.21,0.18754880767839904
33.22,0.18732184694406992
33.230000000000004,0.18709654756727773
33.24,0.18687177093177512
33.25,0.18664699872554785
33.26,0.18642223094859595
33.27,0.18619746760091943
33.28,0.18597418061771975
33.29,0.1857526947862212
33.3,0.18553301010642384
33.31,0.18531512657832766
33.32,0.18509904183361486
33.33,0.18488465524429035
33.34,0.18467196681035403
33.35,0.18446097653180601
33.36,0.18425075902860494
33.37,0.18404075047057117
33.38,0.18383095085770476
33.39,0.1836213601900057
33.4,0.18341198369100453
33.410000000000004,0.1832029147042083
33.42,0.18299415322961693
33.43,0.18278527620231638
33.44,0.18257592027589586
33.45,0.18236608545035538
33.46,0.1821557717256949
33.47,0.18194497910191437
33.480000000000004,0.18173223564381247
33.49,0.18151721656416475
33.5,0.18130030432749983
33.51,0.18108178888757614
33.52,0.1808616702443938
33.53,0.18063994839795278
33.54,0.180416623348253
33.55,0.18019169509529456
33.56,0.17996608901911876
33.57,0.17974036894990514
33.58,0.17951400060190506
33.59,0.17928650731873266
33.6,0.17905788910038797
33.61,0.17882814594687096
33.62,0.17859727785818166
33.63,0.17836570789923414
33.64,0.17813379941643917
33.65,0.17790155240979677
33.660000000000004,0.17766769948853584
33.67,0.17743088325744902
33.68,0.17719110371653635
33.69,0.17694836086579782
33.7,0.1767022722407049
33.71,0.17645254788749903
33.72,0.17619918780618019
33.730000000000004,0.17594223121716707
33.74,0.1756817386272021
33.75,0.1754177100362853
33.76,0.17515014544441668
33.77,0.17487904485159622
33.78,0.17460494254357264
33.79,0.1743283151767317
33.8,0.17404916275107346
33.81,0.1737672967780547
33.82,0.17348270049847905
33.83,0.17319537391234657
33.84,0.17290531701965722
33.85,0.17261252982041106
33.86,0.1723182797053792
33.87,0.17202392406976888
33.88,0.17172968989642107
33.89,0.1714359656805823
33.9,0.17114275142225255
33.910000000000004,0.1708500471214318
33.92,0.17055785277812008
33.93,0.1702661291718987
33.94,0.16997481579602525
33.95,0.1696839126504997
33.96,0.1693929778289563
33.97,0.16910148611748171
33.980000000000004,0.16880943751607608
33.99,0.16851683202473935
34.0,0.16822366964347152
34.01,0.16793013886081581
34.02,0.16763625643596852
34.03,0.16734197179881735
34.04,0.16704676554777204
34.05,0.16675063768283258
34.06,0.166453588203999
34.07,0.1661556171112713
34.08,0.16585649742180858
34.09,0.16555584064036433
34.1,0.16525367849248643
34.11,0.16495055230073755
34.12,0.16464646206511765
34.13,0.1643414077856268
34.14,0.16403538946226498
34.15,0.16372840709503214
34.160000000000004,0.1634209025902941
34.17,0.1631134011619641
34.18,0.16280426722388558
34.19,0.16249305366886527
34.2,0.16217976049690308
34.21,0.16186438770799907
34.22,0.16154693530215322
34.230000000000004,0.16122745384947784
34.24,0.16090646275156323
34.25,0.16058456866073256
34.26,0.1602617944993599
34.27,0.1599381402674453
34.28,0.1596136059649887
34.29,0.15928819159199004
34.300000000000004,0.1589618654229015
34.31,0.15863408613516042
34.32,0.15830485372876674
34.33,0.1579692107708383
34.34,0.15762704001652833
34.35,0.1572783414658368
34.36,0.15692311511876372
34.37,0.15656136097530907
34.38,0.1561947146216294
34.39,0.1558235596314766
34.4,0.15544744712967956
34.410000000000004,0.15506637711623816
34.42,0.15468034959115246
34.43,0.1542893645544225
34.44,0.1538934220060482
34.45,0.15349191529370632
34.46,0.15308482149502284
34.47,0.15267113413963598
34.480000000000004,0.15225083672380216
34.49,0.15182392924752144
34.5,0.1513904117107938
34.51,0.1509502841136192
34.52,0.15050354645599767
34.53,0.1500555413118874
34.54,0.14960862694151492
34.550000000000004,0.14916280334488025
34.56,0.1487180705219834
34.57,0.1482744284728244
34.58,0.14783187719740318
34.59,0.14739048022916124
34.6,0.1469506864432697
34.61,0.14651312528235746
34.62,0.1460778192843491
34.63,0.1456447684492446
34.64,0.1452139727770439
34.65,0.14478543226774715
34.660000000000004,0.14435914692135424
34.67,0.14393714987627287
34.68,0.14352259838464662
34.69,0.14311549244647542
34.7,0.14271583206175925
34.71,0.1423236172304982
34.72,0.14193884795269213
34.730000000000004,0.14156113908726523
34.74,0.1411882496188376
34.75,0.1408196961669147
34.76,0.14045310964829538
34.77,0.14008849006297966
34.78,0.13972583741096756
34.79,0.13936515169225905
34.800000000000004,0.1390064329068541
34.81,0.13864905161212393
34.82,0.13829080386613377
34.83,0.13791907240194862
34.84,0.1375338572195685
34.85,0.13713515831899345
34.86,0.13672297570022335
34.87,0.13630326700759204
34.88,0.13587603563126355
34.89,0.13544128157123786
34.9,0.13499900482751498
34.910000000000004,0.13454920540009496
34.92,0.13409356001126108
34.93,0.13364098526505036
34.94,0.13319148116146276
34.95,0.1327455310809929
34.96,0.13230550410684194
34.97,0.13187140023900984
34.980000000000004,0.13144321947749654
34.99,0.13102127767813804
35.0,0.1306082834044118
35.01,0.1302042366563178
35.02,0.12981131883786629
35.03,0.12944214721599218
35.04,0.12909672179069548
35.050000000000004,0.12877504256197625
35.06,0.1284771105778792
35.07,0.12819606425060928
35.08,0.12792875944160248
35.09,0.1276751961508588
35.1,0.12743537437837824
35.11,0.12720929412416082
35.12,0.12699527866592322
35.13,0.12678491625831873
35.14,0.1265788141122544
35.15,0.1263769722277303
35.160000000000004,0.1261793906047464
35.17,0.1259860692433027
35.18,0.12579700814339914
35.19,0.1256118914491999
35.2,0.12542801059722747
35.21,0.12524414877156576
35.22,0.12506005639522094
35.230000000000004,0.12487573346819307
35.24,0.12469117999048211
35.25,0.12450639596208805
35.26,0.12432138033496618
35.27,0.12413601038453184
35.28,0.12394931339670245
35.29,0.12376103546199443
35.300000000000004,0.12357117658040777
35.31,0.12337973675194247
35.32,0.12318671597659854
35.33,0.12299160939568562
35.34,0.12279380979829668
35.35,0.12259395120664121
35.36,0.1223920700151585
35.37,0.12218816622384854
35.38,0.12198223983271139
35.39,0.121774290841747
35.4,0.12156431925095539
35.410000000000004,0.12135354187625255
35.42,0.12114195457068506
35.43,0.12092857990432297
35.44,0.12071341787716625
35.45,0.12049646848921494
35.46,0.12027773174046899
35.47,0.12005720763092845
35.480000000000004,0.11983586887467587
35.49,0.11961398392296063
35.5,0.11939163135990509
35.51,0.11916881118550926
35.52,0.11894552339977311
35.53,0.11872176800269671
35.54,0.11849754499427997
35.550000000000004,0.11827222035231347
35.56,0.11804583143609157
35.57,0.1178186166873042
35.58,0.11759057610595133
35.59,0.11736170969203301
35.6,0.1171320174455492
35.61,0.11690149936649992
35.62,0.11667040917883245
35.63,0.11644081330787262
35.64,0.11621353841243268
35.65,0.11598858449251259
35.660000000000004,0.11576595154811242
35.67,0.11554563957923214
35.68,0.11532764858587174
35.69,0.11511196402626549
35.7,0.11489889379031312
35.71,0.11468994362959088
35.72,0.11448511354409882
35.730000000000004,0.11428440353383688
35.74,0.11408781359880515
35.75,0.11389534373900352
35.76,0.11370692020069832
35.77,0.11352230454219969
35.78,0.11334149676350758
35.79,0.11316534583501511
35.800000000000004,0.1129938601858167
35.81,0.11282703981591233
35.82,0.11266488472530203
35.83,0.11250630591858986
35.84,0.11235047673696363
35.85,0.11219739718042335
35.86,0.11204711478859213
35.87,0.11190028495563793
35.88,0.1117569076815608
35.89,0.11161698296636072
35.9,0.11148012433601553
35.910000000000004,0.11134482603894902
35.92,0.11121108807516115
35.93,0.11107891044465194
35.94,0.110949114233415
35.95,0.11082170226589776
35.96,0.11069667454210015
35.97,0.11057403106202221
35.980000000000004,0.11045377182566393
35.99,0.11033504786263218
36.0,0.11022295331018542
36.01,0.11011782349780139
36.02,0.11001965842548014
36.03,0.10992845809322163
36.04,0.10984422250102588
36.050000000000004,0.10976695164889287
36.06,0.10969659799719947
36.07,0.10963434260143283
36.08,0.10958677528452854
36.09,0.10955389604648662
36.1,0.10953570488730709
36.11,0.10953220180698993
36.12,0.10954338680553513
36.13,0.10956925988294268
36.14,0.109608999953219
36.15,0.10966396576267612
36.160000000000004,0.10973433424276009
36.17,0.10982010539347087
36.18,0.10992127921480851
36.19,0.110037855706773
36.2,0.11016473230301146
36.21,0.11030156163708701
36.22,0.11044770927189654
36.230000000000004,0.11060317520744004
36.24,0.11076795944371746
36.25,0.1109420619807289
36.26,0.11112548281847427
36.27,0.1113163855072985
36.28,0.11150818022426598
36.29,0.11170041134503259
36.300000000000004,0.11189285832147951
36.31,0.11208552115360666
36.32,0.1122783998414141
36.33,0.11247149438490185
36.34,0.11266480478406984
36.35,0.11285696946815864
36.36,0.11304581366315294
36.37,0.11323069706919853
36.38,0.11341161968629536
36.39,0.11358858151444348
36.4,0.11376158255364291
36.410000000000004,0.11393063484085271
36.42,0.11409637281317606
36.43,0.11425799095460924
36.44,0.11441389859165021
36.45,0.11456409572429893
36.46,0.11470858235255539
36.47,0.11484735847641962
36.480000000000004,0.11498042409589163
36.49,0.11510823483531545
36.5,0.11522899405888883
36.51,0.11534149785258652
36.52,0.11544574621640853
36.53,0.11554173915035484
36.54,0.11562947665442547
36.550000000000004,0.11570895872862044
36.56,0.11578218321550904
36.57,0.11584741505392018
36.58,0.11590412089565964
36.59,0.1159523007407274
36.6,0.11599195458912344
36.61,0.11602308244084783
36.62,0.11604568429590048
36.63,0.11605951984219491
36.64,0.11606566798225185
36.65,0.11606412871607123
36.660000000000004,0.11605490204365314
36.67,0.11603798796499754
36.68,0.11601338648010442
36.69,0.11598109758897379
36.7,0.11594299137530344
36.71,0.11590020677155646
36.72,0.11585274377773283
36.730000000000004,0.11580060239383257
36.74,0.11574378261985567
36.75,0.11568228445580213
36.76,0.11561610790167194
36.77,0.11554764595637945
36.78,0.11547747574094806
36.79,0.1154055972553778
36.800000000000004,0.11533201049966868
36.81,0.11525671547382066
36.82,0.11517971217783378
36.83,0.11510204643979823
36.84,0.1150247419727819
36.85,0.1149481144682514
36.86,0.1148721639262067
36.87,0.11479689034664775
36.88,0.11472229372957465
36.89,0.11464837407498733
36.9,0.11457527848310918
36.910000000000004,0.11450421611229822
36.92,0.11443524529406804
36.93,0.1143683660284186
36.94,0.11430357831534994
36.95,0.11424088215486203
36.96,0.1141802775469549
36.97,0.11412193754354136
36.980000000000004,0.11406702190069544
36.99,0.11401553061841714
37.0,0.1139674636967064
37.01,0.11392282113556332
37.02,0.1138816029349878
37.03,0.11384380909497993
37.04,0.11380893515956499
37.050000000000004,0.1137779117802391
37.06,0.11375073895700223
37.07,0.11372741668985445
37.08,0.11370794497879569
37.09,0.11369232382382596
37.1,0.1136805532249453
37.11,0.11367148900535781
37.12,0.11366568273867192
37.13,0.11366406738110554
37.14,0.11366664293265868
37.15,0.11367340939333137
37.160000000000004,0.11368436676312355
37.17,0.11369932435223337
37.18,0.11371707863175762
37.19,0.1137389770871325
37.2,0.11376514710949462
37.21,0.1137955886988439
37.22,0.11383030185518037
37.230000000000004,0.11386928657850408
37.24,0.1139125353827031
37.25,0.11395895955736594
37.26,0.11400865304487454
37.27,0.11406161584522885
37.28,0.1141178479584289
37.29,0.1141773493844747
37.300000000000004,0.11424012012336626
37.31,0.11430616017510356
37.32,0.11437485963456459
37.33,0.11444404832234618
37.34,0.11451354013099269
37.35,0.11458333506050411
37.36,0.11465343311088046
37.37,0.1147238342821217
37.38,0.1147945385742279
37.39,0.11486419850176281
37.4,0.11493268667358988
37.410000000000004,0.11500000308970912
37.42,0.11506614775012056
37.43,0.11513112065482412
37.44,0.1151956226818065
37.45,0.11526092210110572
37.46,0.11532692497033988
37.47,0.11539363128950894
37.480000000000004,0.11546104105861295
37.49,0.11552915427765187
37.5,0.11559866458176034
37.51,0.11567123092609828
37.52,0.11574685331066573
37.53,0.11582676895864796
37.54,0.1159111639775006
37.550000000000004,0.11599695309297457
37.56,0.11608389460935194
37.57,0.11617198852663266
37.58,0.11626123484481672
37.59,0.11635163356390417
37.6,0.11644318468389499
37.61,0.11653506062230956
37.62,0.11662612059581097
37.63,0.11671636460439924
37.64,0.11680509177008776
37.65,0.11689087619028729
37.660000000000004,0.11697371786499786
37.67,0.11705347089925314
37.68,0.1171280688950962
37.69,0.1171975118525271
37.7,0.11726110613641119
37.71,0.11731719279158855
37.72,0.11736577181805914
37.730000000000004,0.117406843215823
37.74,0.11744040698488008
37.75,0.1174687979707719
37.76,0.11749176124641736
37.77,0.11750929681181646
37.78,0.11752140466696921
37.79,0.11752808481187557
37.800000000000004,0.11752933724653558
37.81,0.11752598955342883
37.82,0.11751815587395523
37.83,0.11750553196085545
37.84,0.11748811781412956
37.85,0.11746591343377748
37.86,0.11743891881979926
37.87,0.11740727986716122
37.88,0.11737306297382026
37.89,0.11733626813977634
37.9,0.11729409902385904
37.910000000000004,0.11724604059433244
37.92,0.11719209285119658
37.93,0.11713225579445144
37.94,0.11706652942409704
37.95,0.11699566416884093
37.96,0.1169197127469573
37.97,0.11683808123919237
37.980000000000004,0.11675076964554623
37.99,0.11665777796601881
38.0,0.11655910620061012
38.01,0.11645475434932018
38.02,0.11634574905408598
38.03,0.1162322946752337
38.04,0.11611430337339108
38.050000000000004,0.11599177514855818
38.06,0.11586471000073495
38.07,0.11573310792992142
38.08,0.11559696893611757
38.09,0.1154562930193234
38.1,0.11531337788178457
38.11,0.11516706049202803
38.12,0.11501734085005373
38.13,0.11486421895586167
38.14,0.1147076948094519
38.15,0.11454776841082437
38.160000000000004,0.11438510289405968
38.17,0.11422069140856198
38.18,0.11405453395433118
38.19,0.11388663053136736
38.2,0.1137169811396705
38.21,0.1135455857792406
38.22,0.11337244445007763
38.230000000000004,0.11319776069267876
38.24,0.11302163224616428
38.25,0.11284405911053415
38.26,0.11266504128578839
38.27,0.11248457877192701
38.28,0.11230267156894999
38.29,0.11211991243859767
38.300000000000004,0.11193702850497884
38.31,0.11175569783130246
38.32,0.11157592041756856
38.33,0.11139769626377713
38.34,0.11122102536992817
38.35,0.11104818392152929
38.36,0.11087916128140762
38.37,0.1107135582194128
38.38,0.11055137473554481
38.39,0.11039261082980367
38.4,0.11023726650218939
38.410000000000004,0.11008659446699606
38.42,0.10994101231725768
38.43,0.10980041639941027
38.44,0.10966479681370571
38.45,0.10953415356014407
38.46,0.1094084866387253
38.47,0.10928773064972463
38.480000000000004,0.10917126824226024
38.49,0.10905850665459182
38.5,0.10894921740153532
38.51,0.10884340048309074
38.52,0.10874105589925806
38.53,0.10864216655636841
38.54,0.10854554983241378
38.550000000000004,0.1084489295418866
38.56,0.10835209709240405
38.57,0.10825505248396612
38.58,0.1081577957165728
38.59,0.10806032679022412
38.6,0.1079609560876826
38.61,0.10785822578178306
38.62,0.10775171827949151
38.63,0.10764143358080798
38.64,0.10752737168573243
38.65,0.10740937579846566
38.660000000000004,0.10728694673295727
38.67,0.10716014988893194
38.68,0.10702960261727161
38.69,0.10689530491797625
38.7,0.1067572567910459
38.71,0.10661540526044593
38.72,0.10646929444471372
38.730000000000004,0.10631894143751819
38.74,0.10616552886086728
38.75,0.10600905671476098
38.76,0.10584952499919928
38.77,0.10568693371418221
38.78,0.10552109333999363
38.79,0.10534845710354657
38.800000000000004,0.10517071462207857
38.81,0.10498807100846061
38.82,0.10480052626269273
38.83,0.10460808038477494
38.84,0.10441073889365733
38.85,0.10420934396266204
38.86,0.10400439477783943
38.87,0.10379589133918957
38.88,0.10358383364671245
38.89,0.10336822170040805
38.9,0.10314905550027635
38.910000000000004,0.1029255173402626
38.92,0.10269790614644143
38.93,0.10246622191881283
38.94,0.10223046465737684
38.95,0.10199063436213344
38.96,0.10174641668450075
38.97,0.10149704636696874
38.980000000000004,0.1012427129292536
38.99,0.10098696314444222
39.0,0.10072979701253457
39.01,0.1004712145335307
39.02,0.10020945234935189
39.03,0.09994314368979836
39.04,0.09967228303591999
39.050000000000004,0.09939618501019386
39.06,0.09911484961262002
39.07,0.09882827684319843
39.08,0.0985336001240209
39.09,0.09823078021403644
39.1,0.09791981711324507
39.11,0.09760158150373614
39.12,0.09727623034089763
39.13,0.09694329701047541
39.14,0.09660166971260518
39.15,0.09625134844728701
39.160000000000004,0.09589264756310277
39.17,0.09552633231756245
39.18,0.09515240271066605
39.19,0.09477085874241356
39.2,0.09438304507483333
39.21,0.0939890648457092
39.22,0.09359068141311985
39.230000000000004,0.09318926154726515
39.24,0.09278480524814503
39.25,0.09238286010383975
39.26,0.09199482192744282
39.27,0.09162069071895423
39.28,0.09126333305628222
39.29,0.0909227881804777
39.300000000000004,0.09059905609154076
39.31,0.09029047624773938
39.32,0.0899969184795892
39.33,0.08971884940134438
39.34,0.08945738081286919
39.35,0.0892125127141636
39.36,0.0889842451052276
39.37,0.08877072014087958
39.38,0.08856955752210238
39.39,0.08838075724889598
39.4,0.08820297465923208
39.410000000000004,0.08803610661532678
39.42,0.08788013817932815
39.43,0.08773220019982073
39.44,0.08759229267680449
39.45,0.08745486802219923
39.46,0.08730853042291145
39.47,0.08715327987894113
39.480000000000004,0.08698829953118586
39.49,0.08681170015549569
39.5,0.08662348175187054
39.51,0.08642530486204245
39.52,0.08621729965549574
39.53,0.08599946613223046
39.54,0.08577047439510942
39.550000000000004,0.08552685714443048
39.56,0.08526861438019363
39.57,0.08499760394758046
39.58,0.08471620614560818
39.59,0.0844244209742768
39.6,0.08412237623072684
39.61,0.08381014952163493
39.62,0.08348775578485308
39.63,0.08315806417179672
39.64,0.08282107468246583
39.65,0.08247678731686045
39.660000000000004,0.08212520207498056
39.67,0.08176245119088352
39.68,0.08138789464572814
39.69,0.08100342166366443
39.7,0.08060903224469242
39.71,0.08020472638881204
39.72,0.07979050409602337
39.730000000000004,0.0793655130425845
39.74,0.07892931129830709
39.75,0.07848536616289328
39.76,0.07803367763634309
39.77,0.07757424571865652
39.78,0.07710707040983357
39.79,0.07663215170987422
39.800000000000004,0.07614939923380325
39.81,0.0756587600375992
39.82,0.07516023412126198
39.83,0.07465382148479165
39.84,0.07413952212818822
39.85,0.07361733605145164
39.86,0.07308726325458195
39.87,0.07255317150352177
39.88,0.07200620967202151
39.89,0.07144557584260187
39.9,0.07087127001526286
39.910000000000004,0.07028329219000448
39.92,0.06968164236682674
39.93,0.06906717286947142
39.94,0.06844205731085104
39.95,0.06780638591765234
39.96,0.06716015868987531
39.97,0.06650337562751997
39.980000000000004,0.0658360367305863
39.99,0.06515814199907434
40.0,0.06446965402081875
40.01,0.06375767364402601
40.02,0.06302079104089678
40.03,0.062259006211431024
40.04,0.061472319155628695
40.050000000000004,0.060660729873489846
40.06,0.059823134321778146
40.07,0.05895625897915311
40.08,0.058070411849807935
40.09,0.057166394851221936
40.1,0.0562442079833951
40.11,0.055303851246327376
40.12,0.05436199722130062
40.13,0.053444434008040234
40.14,0.05255075982095926
40.15,0.05168088443337093
40.160000000000004,0.05083480784527529
40.17,0.05001253005667228
40.18,0.04922217959566262
40.19,0.048471139936465915
40.2,0.04775941107908222
40.21,0.04709986751264984
40.22,0.04649391906496818
40.230000000000004,0.045941417855945486
40.24,0.045442200639529834
40.25,0.04499626741572117
40.26,0.04460472222775584
40.27,0.04427083859697433
40.28,0.0439946165233766
40.29,0.04377604912306296
40.300000000000004,0.043615115856561734
40.31,0.043511816723872956
40.32,0.04344947914371479
40.33,0.043402315016361846
40.34,0.04337032434181416
40.35,0.04335352329459059
40.36,0.043351992105496014
40.37,0.04336573077453042
40.38,0.04338661077359312
40.39,0.0434072486284645
40.4,0.043427644339144526
40.410000000000004,0.04344789529632548
40.42,0.04346806712557871
40.43,0.04348830770699596
40.44,0.0435087802866292
40.45,0.04352948486447845
40.46,0.04355042636270777
40.47,0.04357162352738621
40.480000000000004,0.04359307635851376
40.49,0.04361479173999011
40.5,0.043636790211286934
40.51,0.04365907177240424
40.52,0.04368167493629362
40.53,0.04370467177113041
40.54,0.0437280622769146
40.550000000000004,0.04375183027912731
40.56,0.04377589554696368
40.57,0.043800258080423704
40.58,0.043824899627985026
40.59,0.04384981032713427
40.6,0.04387499017787143
40.61,0.04390034178950426
40.62,0.043925799536461405
40.63,0.043951363418742874
40.64,0.04397705502903054
40.65,0.04400290090671244
40.660000000000004,0.04402889612962445
40.67,0.04405502195169757
40.68,0.044081278372931784
40.69,0.04410766539332711
40.7,0.04413344274432281
40.71,0.04415808395032877
40.72,0.044181550498393396
40.730000000000004,0.04420377032034136
40.74,0.04422474341617267
40.75,0.04424446978588732
40.76,0.04426209533346147
40.77,0.0442767443506973
40.78,0.044288435089117194
40.79,0.04429717741123452
40.800000000000004,0.04430297131704927
40.81,0.04430581680656146
40.82,0.04430437496522245
40.83,0.04429841121392277
40.84,0.044287903959980515
40.85,0.04427282666400767
40.86,0.04425317932600424
40.87,0.04422896194597023
40.88,0.04420199566577311
40.89,0.044173663770531675
40.9,0.04414470652880663
40.910000000000004,0.044115650416188076
40.92,0.04408649543267602
40.93,0.04405724157827049
40.94,0.04403864136486881
40.95,0.0440360930643606
40.96,0.04405045077276971
40.97,0.04408259019829392
40.980000000000004,0.04413251134093324
40.99,0.04420021420068766
41.0,0.04428458701828819
41.01,0.04438238938790433
41.02,0.04449496022408471
41.03,0.04462253410593882
41.04,0.044765111033466656
41.050000000000004,0.044922691006668215
41.06,0.04509375127086126
41.07,0.04527402442541721
41.08,0.0454616893284686
41.09,0.04565536269489662
41.1,0.045855044524701294
41.11,0.04606073481788263
41.12,0.04627243562001231
41.13,0.046494155024126446
41.14,0.046715140518327675
41.15,0.046929993830726394
41.160000000000004,0.04713871496132258
41.17,0.047341303910116254
41.18,0.047537760677107424
41.19,0.04776484692559972
41.2,0.04805333194739796
41.21,0.04840645614833269
41.22,0.04882421952840384
41.230000000000004,0.0493066220876114
41.24,0.049853663825955394
41.25,0.05042837048430624
41.26,0.05103193938499797
41.27,0.05166863792865913
41.28,0.052338466115289764
41.29,0.05304142394488988
41.300000000000004,0.05376992246211484
41.31,0.05449918718010231
41.32,0.05522921605328065
41.33,0.05595600098861372
41.34,0.056679541986101534
41.35,0.05739983904574407
41.36,0.058109460657626885
41.37,0.05879097180760445
41.38,0.059444372495676766
41.39,0.0600329010585402
41.4,0.06052689996365893
41.410000000000004,0.06092636921103291
41.42,0.06121741085632928
41.43,0.06139799908170927
41.44,0.06146813388717294
41.45,0.061464789531849806
41.46,0.06138829144808809
41.47,0.06123863963588784
41.480000000000004,0.06104607106876179
41.49,0.06081306343762053
41.5,0.060547205697808706
41.51,0.060273272336188635
41.52,0.059991263352760296
41.53,0.05970992117497063
41.54,0.059454602560249904
41.550000000000004,0.05922530750859813
41.56,0.05902946752992975
41.57,0.05888451763839031
41.58,0.05879045783397978
41.59,0.05874728811669816
41.6,0.05883683859840618
41.61,0.05912192610115965
41.62,0.05961644856929136
41.63,0.060322431820640066
41.64,0.061239875855205864
41.65,0.062334048079722496
41.660000000000004,0.06353632540838844
41.67,0.0648467078412037
41.68,0.06623495840465551
41.69,0.06769859940783325
41.7,0.06923763085073689
41.71,0.07085205273336652
41.72,0.07252287790462822
41.730000000000004,0.07420547142361864
41.74,0.07587447653290748
41.75,0.07752989323249478
41.76,0.07917172152238054
41.77,0.08079996140256474
41.78,0.08241461287304738
41.79,0.0840156759338285
41.800000000000004,0.08552132047304736
41.81,0.08683498289522404
41.82,0.08794798550953037
41.83,0.08886032831596638
41.84,0.08957201131453196
41.85,0.09011776709849334
41.86,0.09056621875365209
41.87,0.09091736628000817
41.88,0.09113141397632232
41.89,0.09120530201343638
41.9,0.09113903039135039
41.910000000000004,0.0909325991100643
41.92,0.09060499532067197
41.93,0.09019211153662983
41.94,0.0896939477579379
41.95,0.0890749500719098
41.96,0.08832066790090591
41.97,0.08743110124492634
41.980000000000004,0.0864062501039711
41.99,0.08524611447804015
42.0,0.08395069436713344
42.01,0.0825509675239527
42.02,0.0810495418412864
42.03,0.07944641731913452
42.04,0.07774159395749698
42.050000000000004,0.07593507175637385
42.06,0.07402685071576516
42.07,0.07204354342612708
42.08,0.07007139607608762
42.09,0.06811346849480504
42.1,0.06616976068227926
42.11,0.06424027263851023
42.12,0.06232500436349804
42.13,0.06050758458828789
42.14,0.05879839003952284
42.15,0.05723297462988928
42.160000000000004,0.05582578893702678
42.17,0.054576832960935254
42.18,0.053487244544310295
42.19,0.05255913485932495
42.2,0.05179250390597928
42.21,0.05119012070499568
42.22,0.05075805505441393
42.230000000000004,0.05049630695423405
42.24,0.05039838962098979
42.25,0.050448612542868275
42.26,0.050646975719869515
42.27,0.0509668665615373
42.28,0.05136183458048286
42.29,0.05183187977670617
42.300000000000004,0.052362684392292316
42.31,0.052947693089665314
42.32,0.05358690586882516
42.33,0.05419669399872664
42.34,0.05476668075272665
42.35,0.05529686613082524
42.36,0.055782458121235536
42.37,0.05622141761930599
42.38,0.056612606782341014
42.39,0.05695391443816759
42.4,0.057245340586785695
42.410000000000004,0.05748688522819532
42.42,0.05767983934301385
42.43,0.05783186845450572
42.44,0.057949459346137266
42.45,0.05804830252972124
42.46,0.05812839800525769
42.47,0.05818974577274659
42.480000000000004,0.05823234583218796
42.49,0.058242706313420635
42.5,0.05823315439416969
42.51,0.058210245412011155
42.52,0.058173979366944975
42.53,0.05812435625897118
42.54,0.05806148262546702
42.550000000000004,0.0579882631522361
42.56,0.057909489851065275
42.57,0.0578272018266061
42.58,0.05774139907885858
42.59,0.05765208160782269
42.6,0.05755924941349848
42.61,0.05745774286529722
42.62,0.05734303610523689
42.63,0.05720746361005306
42.64,0.05705102537974571
42.65,0.05687372141431488
42.660000000000004,0.05667555171376056
42.67,0.05645159348033305
42.68,0.05619645205784425
42.69,0.05592361931645534
42.7,0.05563508583635618
42.71,0.055330851617546736
42.72,0.055010916660027054
42.730000000000004,0.05467319388918677
42.74,0.05431511996699588
42.75,0.05393379020765077
42.76,0.053529204611151446
42.77,0.05310136317749793
42.78,0.05265026590669021
42.79,0.052175912798728255
42.800000000000004,0.051678303853612086
42.81,0.051178318203672114
42.82,0.05068727759948345
42.83,0.05020518204104609
42.84,0.049732031528360074
42.85,0.049267826061425365
42.86,0.048812565640241966
42.87,0.048374360346502374
42.88,0.047962453921838295
42.89,0.04757684636624972
42.9,0.04721753767973664
42.910000000000004,0.046884894952223345
42.92,0.046581056459375283
42.93,0.04630810927580279
42.94,0.04606851020215864
42.95,0.04586171181322475
42.96,0.04568751146517182
42.97,0.04554590915799981
42.980000000000004,0.04543844044867938
42.99,0.0453718829893912
43.0,0.04534623678013526
43.01,0.04534578231916983
43.02,0.04536243273328446
43.03,0.04539618802247915
43.04,0.04544087797099581
43.050000000000004,0.04548920745221575
43.06,0.04554117646613897
43.07,0.04559359772882269
43.08,0.04564262215482327
43.09,0.04568824974414072
43.1,0.04573048049677503
43.11,0.04576470954805223
43.12,0.04578810584067721
43.13,0.04580066937464998
43.14,0.04580240014997051
43.15,0.04579384559185689
43.160000000000004,0.04578237198054212
43.17,0.0457707710399941
43.18,0.045757507213242204
43.19,0.045735802848105786
43.2,0.045705657944584824
43.21,0.04566707250267933
43.22,0.04561961425882526
43.230000000000004,0.045563033601443856
43.24,0.04550350074629318
43.25,0.04544831081999193
43.26,0.04539746382254009
43.27,0.045350959753937665
43.28,0.045308629438788106
43.29,0.0452702038793747
43.300000000000004,0.04523568307569744
43.31,0.045209304802506046
43.32,0.045191761841430145
43.33,0.04518305419246975
43.34,0.04518307140393193
43.35,0.045191581849164074
43.36,0.04520142189176252
43.37,0.04520979980775934
43.38,0.04521671559715453
43.39,0.04522216925994811
43.4,0.0452260397546063
43.410000000000004,0.045228155135048166
43.42,0.045228947664837774
43.43,0.04522866695555389
43.44,0.045227313007196526
43.45,0.04522488581976567
43.46,0.045221284807508394
43.47,0.04521633450411402
43.480000000000004,0.0452102040849791
43.49,0.045203162547820336
43.5,0.04519520989263774
43.51,0.04518634611943132
43.52,0.04517660211168882
43.53,0.0451668396393519
43.54,0.04515716915411348
43.550000000000004,0.04514782228262618
43.56,0.04513879902488997
43.57,0.04513009938090486
43.58,0.04512172335067087
43.59,0.04511391742690984
43.6,0.04510708948352031
43.61,0.04510141146658321
43.62,0.04509688337609852
43.63,0.04509350521206625
43.64,0.0450912769744864
43.65,0.04509019866335897
43.660000000000004,0.045090242502057135
43.67,0.04509144226023907
43.68,0.04509379793790476
43.69,0.04509730953505421
43.7,0.045101977051687434
43.71,0.04510780048780442
43.72,0.045114748959917406
43.730000000000004,0.04512196069808475
43.74,0.045129332784741655
43.75,0.04513685538368954
43.76,0.045144528494928414
43.77,0.04515235211845827
43.78,0.04516032625427912
43.79,0.04516820440966908
43.800000000000004,0.045175699752263404
43.81,0.04518272363545708
43.82,0.045189265355924414
43.83,0.045195324913665395
43.84,0.04520090230868005
43.85,0.045205997540968344
43.86,0.04521073897291007
43.87,0.04521526830115773
43.88,0.045219574086694185
43.89,0.045223624552499384
43.9,0.04522741969857329
43.910000000000004,0.04523095952491592
43.92,0.04523424403152725
43.93,0.04523727321840732
43.94,0.04524015000312089
43.95,0.045242863216534146
43.96,0.04524539086330143
43.97,0.045247732943422755
43.980000000000004,0.04524988945689811
43.99,0.045251860403727515
44.0,0.04525364578391095
44.01,0.04525533424405344
44.02,0.04525693648748066
44.03,0.04525844187752246
44.04,0.04525984716298374
44.050000000000004,0.04526115234386451
44.06,0.04526235742016477
44.07,0.045263462391884515
44.08,0.04526447869804086
44.09,0.045265427146387816
44.1,0.04526630411515417
44.11,0.045267109604339925
44.12,0.04526784361394507
44.13,0.04526850614396961
44.14,0.045269097194413535
44.15,0.04526962767524899
44.160000000000004,0.04527011957573444
44.17,0.0452705728958699
44.18,0.04527098763565537
44.19,0.04527136379509085
44.2,0.045271694403890124
44.21,0.04527197688730364
44.22,0.04527221124533141
44.230000000000004,0.045272408114643586
44.24,0.04527257074643527
44.25,0.04527269914070647
44.26,0.045272783391198425
44.27,0.04527282220904179
44.28,0.04527281559423656
44.29,0.045272774516048817
44.300000000000004,0.045272702596249784
44.31,0.04527259983483947
44.32,0.045272457473454944
44.33,0.045272264622318745
44.34,0.04527202128143086
44.35,0.04527173754615159
44.36,0.04527141342256808
44.37,0.045271048910680324
44.38,0.045270644010488324
44.39,0.04527016132234215
44.4,0.04526960734411571
44.410000000000004,0.04526898465055854
44.42,0.04526829324167064
44.43,0.04526753311745202
44.44,0.04526670427790266
44.45,0.04526576391847708
44.46,0.04526471990745802
44.47,0.04526357353371482
44.480000000000004,0.04526232479724748
44.49,0.04526097369805602
44.5,0.04525952023614041
44.51,0.04525794284443375
44.52,0.045256201609436594
44.53,0.04525430742092644
44.54,0.04525226027890327
44.550000000000004,0.0452500601833671
44.56,0.045247707134317916
44.57,0.04524520113175573
44.58,0.04524246613059414
44.59,0.045239392670902094
44.6,0.04523598122509189
44.61,0.04523223179316354
44.62,0.04522814437511703
44.63,0.04522371897095237
44.64,0.04521894813020642
44.65,0.04521383353326452
44.660000000000004,0.04520837721810271
44.67,0.045202579184720974
44.68,0.04519643943311932
44.69,0.04518995796329774
44.7,0.04518313477525625
44.71,0.04517585317872301
44.72,0.045167875289918294
44.730000000000004,0.04515920110884212
44.74,0.04514983063549446
44.75,0.045139763869875324
44.76,0.045129000811984725
44.77,0.045119007492861164
44.78,0.045109982960067206
44.79,0.04510207407318386
44.800000000000004,0.04509528083221113
44.81,0.04508960323714899
44.82,0.045085006130243174
44.83,0.04508141593848767
44.84,0.0450788401123456
44.85,0.04507731977597709
44.86,0.04507685492938214
44.87,0.045077445572560756
44.88,0.04507894328691252
44.89,0.045081286638715766
44.9,0.04508447562797049
44.910000000000004,0.04508864851201543
44.92,0.04509409184649268
44.93,0.04510080197986838
44.94,0.04510862110640319
44.95,0.045117549226097106
44.96,0.04512758633895013
44.97,0.045137266413923745
44.980000000000004,0.04514646644854177
44.99,0.04515518644280421
45.0,0.04516339024374964
45.01,0.04517106264884092
45.02,0.04517823881583234
45.03,0.04518499231772992
45.04,0.045191323154533655
45.050000000000004,0.045197184546358266
45.06,0.04520254093253221
45.07,0.04520739231305548
45.08,0.0452118871065285
45.09,0.04521608674667294
45.1,0.04521999123348879
45.11,0.04522357748868643
45.12,0.04522683347885896
45.13,0.045229762855540215
45.14,0.04523252342446953
45.15,0.045235115185646935
45.160000000000004,0.04523752107655836
45.17,0.04523971892505798
45.18,0.0452417087311458
45.19,0.045243490494821834
45.2,0.04524510036904748
45.21,0.0452465535563599
45.22,0.045247850056759076
45.230000000000004,0.04524897572366683
45.24,0.04524991925442186
45.25,0.04525072742890945
45.26,0.04525143580780114
45.27,0.04525204439109691
45.28,0.0452525531787968
45.29,0.04525293224724175
45.300000000000004,0.045253180445268076
45.31,0.0452533208511654
45.32,0.045253365498340636
45.33,0.04525331438679377
45.34,0.045253160493707034
45.35,0.04525286889912784
45.36,0.045252456665570234
45.37,0.04525194596518005
45.38,0.04525133679795728
45.39,0.04525062916390192
45.4,0.045249803317157264
45.410000000000004,0.04524882425193788
45.42,0.045247691968243756
45.43,0.04524642061265309
45.44,0.04524502148782718
45.45,0.04524349459376603
45.46,0.045241826803107864
45.47,0.04523998575708108
45.480000000000004,0.045237971455685665
45.49,0.04523581382258065
45.5,0.045233514008929734
45.51,0.045231072014732907
45.52,0.045228487839990186
45.53,0.04522576148470156
45.54,0.04522280385319523
45.550000000000004,0.04521963551434414
45.56,0.04521625646814827
45.57,0.04521266671460765
45.58,0.045208866253722266
45.59,0.04520485508549211
45.6,0.0452006529557739
45.61,0.045196081457287055
45.62,0.04519100489904755
45.63,0.04518542328105539
45.64,0.045179336603310555
45.65,0.04517274486581306
45.660000000000004,0.04516566119592467
45.67,0.04515824977053914
45.68,0.04515053390119175
45.69,0.045142513587882516
45.7,0.045134188830611426
45.71,0.04512555962937849
45.72,0.045116625984183686
45.730000000000004,0.04510738789502704
45.74,0.045098449031221635
45.75,0.04509065702268958
45.76,0.045084011869430854
45.77,0.04507851357144547
45.78,0.04507416212873342
45.79,0.04507094809600473
45.800000000000004,0.04506881184651426
45.81,0.04506796679332803
45.82,0.04506854862743006
45.83,0.045070476557548055
45.84,0.045073604418323976
45.85,0.045077932209757816
45.86,0.04508345993184959
45.87,0.0450898138855793
45.88,0.04509693413261394
45.89,0.04510482067295353
45.9,0.04511347350659808
45.910000000000004,0.04512284561560235
45.92,0.04513286682737415
45.93,0.045143537141913465
45.94,0.04515434900839677
45.95,0.04516446914798164
45.96,0.045173840129639216
45.97,0.04518243418762023
45.980000000000004,0.0451902513219247
45.99,0.045197300977842594
46.0,0.04520364278211905
46.01,0.04520927270312457
46.02,0.04521414786116521
46.03,0.045218349047513276
46.04,0.04522202242752683
46.050000000000004,0.04522516800120584
46.06,0.04522778576855031
46.07,0.04523010868438976
46.08,0.045232143932853554
46.09,0.04523389151394171
46.1,0.04523535142765422
46.11,0.045236570691936304
46.12,0.04523761947938015
46.13,0.045238472846555675
46.14,0.045239115484596915
46.15,0.04523954739350387
46.160000000000004,0.0452398260043054
46.17,0.04523997908275075
46.18,0.04524000662883994
46.19,0.04523986014765869
46.2,0.045239527357581
46.21,0.04523901229023637
46.22,0.045238357825318744
46.230000000000004,0.0452375639628281
46.24,0.04523661531686107
46.25,0.045235493339118
46.26,0.04523419802959889
46.27,0.0452327383143721
46.28,0.04523114363610593
46.29,0.0452294139948004
46.300000000000004,0.04522754939045549
46.31,0.04522552628761799
46.32,0.04522331888455058
46.33,0.04522095212468337
46.34,0.04521844131688232
46.35,0.045215786461147406
46.36,0.04521298755747864
46.37,0.04521004460587604
46.38,0.04520695760633958
46.39,0.045203744855871385
46.4,0.045200261949897916
46.410000000000004,0.045196508888419175
46.42,0.04519248567143515
46.43,0.04518819229894584
46.44,0.04518364415685465
46.45,0.04517885979346123
46.46,0.04517383920876556
46.47,0.04516847876416337
46.480000000000004,0.04516259004993594
46.49,0.04515617306608328
46.5,0.04514922781260537
46.51,0.04514177782495545
46.52,0.045133848904870835
46.53,0.04512615580214584
46.54,0.04511877016650574
46.550000000000004,0.04511169199795055
46.56,0.04510492129648025
46.57,0.04509878847790309
46.58,0.045093486443901654
46.59,0.045089045392388075
46.6,0.04508562200956192
46.61,0.04508321629542318
46.62,0.04508182824997187
46.63,0.045081442502774564
46.64,0.04508205855504423
46.65,0.04508367640678084
46.660000000000004,0.04508625113371647
46.67,0.04508954312775808
46.68,0.04509374079862437
46.69,0.04509884414631536
46.7,0.045104853170831044
46.71,0.04511176787217142
46.72,0.04511958825033649
46.730000000000004,0.045127555376723236
46.74,0.04513553970665683
46.75,0.04514354124013729
46.76,0.04515155997716459
46.77,0.045159265501930515
46.78,0.04516646491275247
46.79,0.04517315820963046
46.800000000000004,0.04517934539256448
46.81,0.045184979782166915
46.82,0.04519006123583202
46.83,0.04519460512399319
46.84,0.04519861194543749
46.85,0.04520208170016492
46.86,0.04520505931244343
46.87,0.04520786870528711
46.88,0.04521047549182272
46.89,0.04521287967205026
46.9,0.04521508124596973
46.910000000000004,0.04521708021358113
46.92,0.04521887657488446
46.93,0.04522051450868842
46.94,0.04522205190994255
46.95,0.04522348319303943
46.96,0.04522477647871699
46.97,0.045225931766975216
46.980000000000004,0.04522694905781412
46.99,0.045227768932800935
47.0,0.04522838232995706
47.01,0.045228835928670115
47.02,0.045229129871545856
47.03,0.04522916452972427
47.04,0.045228936914372686
47.050000000000004,0.04522844702549112
47.06,0.04522763760797317
47.07,0.04522645787378471
47.08,0.04522494220979897
47.09,0.04522309061601594
47.1,0.04522086436029625
47.11,0.045218259929787126
47.12,0.04521527732448859
47.13,0.04521191654440061
47.14,0.045208177589523224
47.15,0.045203851049097306
47.160000000000004,0.04519896261467182
47.17,0.04519351228624679
47.18,0.0451875000638222
47.19,0.045180930645082
47.2,0.04517370080569215
47.21,0.04516581054565266
47.22,0.04515725986496352
47.230000000000004,0.045148148392484745
47.24,0.045138479117049
47.25,0.04512868632442167
47.26,0.045119472707242626
47.27,0.04511090837722922
47.28,0.04510299333438146
47.29,0.04509572757869934
47.300000000000004,0.04508914984232225
47.31,0.04508326363810295
47.32,0.045078275524495594
47.33,0.04507419268995848
47.34,0.04507101513449159
47.35,0.04506895785446146
47.36,0.04506802703758121
47.37,0.045068197989558544
47.38,0.04506929464461065
47.39,0.04507137172348636
47.4,0.045074541512498296
47.410000000000004,0.04507880401164646
47.42,0.04508415922093085
47.43,0.04509059676768218
47.44,0.04509799055267367
47.45,0.04510590629013991
47.46,0.04511369854254746
47.47,0.04512136730989629
47.480000000000004,0.04512891259218644
47.49,0.04513633438941786
47.5,0.04514357491118908
47.51,0.04515061705067363
47.52,0.04515725424941735
47.53,0.045163479318961954
47.54,0.04516929225930743
47.550000000000004,0.0451746930704538
47.56,0.045179609678771625
47.57,0.04518406339658028
47.58,0.04518823028966258
47.59,0.045192110358018525
47.6,0.04519570360164811
47.61,0.045199010020551336
47.62,0.045202005140693974
47.63,0.04520467680368544
47.64,0.04520715110875251
47.65,0.04520942805589519
47.660000000000004,0.04521150764511346
47.67,0.045213389876407356
47.68,0.04521503787118656
47.69,0.045216440330364656
47.7,0.045217655044343136
47.71,0.04521869911994846
47.72,0.04521957255718064
47.730000000000004,0.04522027535603966
47.74,0.045220792493346894
47.75,0.04522109276644743
47.76,0.045221248248970676
47.77,0.04522126232288955
47.78,0.04522113498820405
47.79,0.04522086624491418
47.800000000000004,0.04522045609301994
47.81,0.04521987415004541
47.82,0.04521910559097553
47.83,0.04521817294687016
47.84,0.04521707621772929
47.85,0.045215815403552934
47.86,0.0452143905043411
47.870000000000005,0.04521280152009376
47.88,0.04521098128587216
47.89,0.04520893367908608
47.9,0.045206658699735516
47.910000000000004,0.04520415634782049
47.92,0.04520142662334097
47.93,0.04519846952629698
47.94,0.045195141197479874
47.95,0.045191467686011635
47.96,0.04518744899189227
47.97,0.04518308511512177
47.980000000000004,0.04517837605570016
47.99,0.045173285111300296
48.0,0.045167742482305526
48.01,0.04516177855119175
48.02,0.04515543261700827
48.03,0.0451487046797551
48.04,0.04514159473943223
48.050000000000004,0.04513410279603967
48.06,0.04512653744220792
48.07,0.04511911227753487
48.08,0.04511193134554958
48.09,0.0451050020679287
48.1,0.04509832444467222
48.11,0.04509189847578014
48.120000000000005,0.04508630052640045
48.13,0.04508154584933122
48.14,0.04507779332695973
48.15,0.045075048112818906
48.160000000000004,0.04507331020690873
48.17,0.045072547270541066
48.18,0.04507258962181537
48.19,0.045073473963058774
48.2,0.04507527009388794
48.21,0.045077978014302876
48.22,0.04508159772430359
48.230000000000004,0.04508607975679219
48.24,0.04509130579209316
48.25,0.045097275830206514
48.26,0.045103681278501714
48.27,0.04511030853738089
48.28,0.04511715760684406
48.29,0.0451242284868912
48.300000000000004,0.04512845834262989
48.31,0.045133160972155834
48.32,0.0451377417294927
48.33,0.04514215869760742
48.34,0.04514637911865558
48.35,0.04515036087540863
48.36,0.04515404889149077
48.370000000000005,0.04515742362954788
48.38,0.04516070816266498
