Time,Speed
0.0,0.0
0.01,0.014639401128355298
0.02,0.029278802256710597
0.03,0.04391820338506589
0.04,0.058557604513421194
0.05,0.07319700564177649
0.06,0.08783640677013178
0.07,0.10247580789848709
0.08,0.11711520902684239
0.09,0.13175461015519768
0.1,0.14639401128355298
0.11,0.16103341241190827
0.12,0.17567281354026357
0.13,0.1903122146686189
0.14,0.20481654334542412
0.15,0.21923139635632016
0.16,0.23364624936721623
0.17,0.24806110237811232
0.18,0.26247595538900836
0.19,0.27689080839990443
0.2,0.2913056614108005
0.21,0.30572051442169657
0.22,0.32013536743259263
0.23,0.3345502204434887
0.24,0.34896507345438477
0.25,0.36337992646528083
0.26,0.3777947794761769
0.27,0.39218525203702403
0.28,0.40569236820301235
0.29,0.4191994843690006
0.3,0.43270660053498894
0.31,0.4462137167009773
0.32,0.45972083286696563
0.33,0.47322794903295395
0.34,0.48673506519894233
0.35000000000000003,0.5002421813649307
0.36,0.5137492975309189
0.37,0.5272564136969072
0.38,0.5407635298628957
0.39,0.554270646028884
0.4,0.5677777621948723
0.41000000000000003,0.5812848783608606
0.42,0.5955702236532894
0.43,0.6099979699960795
0.44,0.6244257163388697
0.45,0.6388534626816598
0.46,0.6532812090244499
0.47000000000000003,0.6677089553672401
0.48,0.68213670171003
0.49,0.6965644480528203
0.5,0.7109921943956103
0.51,0.7254199407384005
0.52,0.7398476870811906
0.53,0.7542754334239807
0.54,0.7688082635983436
0.55,0.784162264270763
0.56,0.7995162649431822
0.5700000000000001,0.8148702656156015
0.58,0.8302242662880206
0.59,0.8455782669604399
0.6,0.8609322676328592
0.61,0.8762862683052786
0.62,0.8916402689776979
0.63,0.9069942696501172
0.64,0.9223482703225364
0.65,0.9377022709949557
0.66,0.953056271667375
0.67,0.9680838233293871
0.68,0.9830032088388807
0.6900000000000001,0.9979225943483742
0.7000000000000001,1.0128419798578676
0.71,1.027761365367361
0.72,1.0426807508768543
0.73,1.0576001363863479
0.74,1.0725195218958414
0.75,1.0874389074053348
0.76,1.1023582929148283
0.77,1.117277678424322
0.78,1.1321970639338153
0.79,1.1471109962481911
0.8,1.1619214668509232
0.81,1.1767319374536556
0.8200000000000001,1.1915424080563877
0.8300000000000001,1.2063528786591198
0.84,1.2211633492618519
0.85,1.2359738198645842
0.86,1.2507842904673163
0.87,1.2655947610700484
0.88,1.2804052316727808
0.89,1.2952157022755129
0.9,1.3100261728782452
0.91,1.3244224347163576
0.92,1.3367657909561677
0.93,1.3491091471959775
0.9400000000000001,1.3614525034357876
0.9500000000000001,1.3737958596755977
0.96,1.3861392159154076
0.97,1.3984825721552177
0.98,1.4108259283950275
0.99,1.4231692846348376
1.0,1.4355126408746477
1.01,1.4478559971144578
1.02,1.4601993533542679
1.03,1.4725427095940777
1.04,1.4842339383216832
1.05,1.4949805231499522
1.06,1.5057271079782213
1.07,1.5164736928064906
1.08,1.5272202776347596
1.09,1.5379668624630287
1.1,1.5487134472912978
1.11,1.5594600321195669
1.12,1.5702066169478361
1.1300000000000001,1.5809532017761052
1.1400000000000001,1.5916997866043743
1.1500000000000001,1.6024463714326433
1.16,1.6131929562609122
1.17,1.6225372073972628
1.18,1.630953996793505
1.19,1.639370786189747
1.2,1.6477875755859892
1.21,1.6562043649822311
1.22,1.6646211543784732
1.23,1.6730379437747154
1.24,1.6814547331709575
1.25,1.6898715225671996
1.26,1.6982883119634418
1.27,1.706705101359684
1.28,1.7151218907559258
1.29,1.723538680152168
1.3,1.73195546954841
1.31,1.7396154606512857
1.32,1.7468985398085695
1.33,1.7541816189658532
1.34,1.7614646981231368
1.35,1.7687477772804205
1.36,1.7760308564377043
1.37,1.783313935594988
1.3800000000000001,1.7905970147522718
1.3900000000000001,1.7978800939095556
1.4000000000000001,1.8051631730668394
1.41,1.812446252224123
1.42,1.8197293313814065
1.43,1.8270124105386902
1.44,1.8342442096973806
1.45,1.840664443879147
1.46,1.8470846780609136
1.47,1.85350491224268
1.48,1.8599251464244464
1.49,1.866345380606213
1.5,1.8727656147879794
1.51,1.879185848969746
1.52,1.8856060831515125
1.53,1.8920263173332788
1.54,1.8984465515150453
1.55,1.9048667856968118
1.56,1.9112870198785783
1.57,1.9176979357108146
1.58,1.9235561836835757
1.59,1.929414431656337
1.6,1.9352726796290982
1.61,1.9411309276018596
1.62,1.9469891755746207
1.6300000000000001,1.9528474235473818
1.6400000000000001,1.9587056715201432
1.6500000000000001,1.9645639194929043
1.6600000000000001,1.9704221674656657
1.67,1.9762804154384266
1.68,1.982138663411188
1.69,1.987996911383949
1.7,1.992954442762697
1.71,1.997842644866162
1.72,2.0027308469696266
1.73,2.0076190490730914
1.74,2.0125072511765563
1.75,2.0173954532800207
1.76,2.0222836553834855
1.77,2.0271718574869504
1.78,2.0320600595904152
1.79,2.03694826169388
1.8,2.0418364637973445
1.81,2.0467246659008094
1.82,2.05125230445466
1.83,2.0554912839761217
1.84,2.0597302634975834
1.85,2.063969243019045
1.86,2.0682082225405067
1.87,2.0724472020619684
1.8800000000000001,2.07668618158343
1.8900000000000001,2.080925161104892
1.9000000000000001,2.0851641406263535
1.9100000000000001,2.0894031201478147
1.92,2.0936420996692764
1.93,2.097881079190738
1.94,2.1019914437163414
1.95,2.1057724014338843
1.96,2.109553359151427
1.97,2.1133343168689693
1.98,2.117115274586512
1.99,2.1208962323040543
2.0,2.124677190021597
2.0100000000000002,2.1284581477391393
2.02,2.132239105456682
2.0300000000000002,2.1360200631742248
2.04,2.1398010208917673
2.05,2.1435819786093093
2.06,2.147123897210309
2.07,2.150177338531605
2.08,2.153230779852901
2.09,2.1562842211741975
2.1,2.159337662495494
2.11,2.16239110381679
2.12,2.165444545138086
2.13,2.1684979864593825
2.14,2.171551427780679
2.15,2.174604869101975
2.16,2.177658310423271
2.17,2.1807117517445676
2.18,2.1837651930658635
2.19,2.186742112966886
2.2,2.189578510850876
2.21,2.192414908734866
2.22,2.195251306618856
2.23,2.1980877045028455
2.24,2.2009241023868356
2.25,2.2037605002708256
2.2600000000000002,2.2065968981548156
2.27,2.2094332960388052
2.2800000000000002,2.2122696939227953
2.29,2.2151060918067853
2.3000000000000003,2.2179424896907753
2.31,2.2207784051123323
2.32,2.223310410294351
2.33,2.2258424154763703
2.34,2.228374420658389
2.35,2.230906425840408
2.36,2.2334384310224267
2.37,2.2359704362044455
2.38,2.2385024413864643
2.39,2.241034446568483
2.4,2.243566451750502
2.41,2.2460984569325206
2.42,2.2486304621145394
2.43,2.2511624672965582
2.44,2.2533825056524277
2.45,2.255446659007854
2.46,2.2575108123632806
2.47,2.259574965718707
2.48,2.2616391190741334
2.49,2.26370327242956
2.5,2.2657674257849862
2.5100000000000002,2.2678315791404127
2.52,2.269895732495839
2.5300000000000002,2.2719598858512655
2.54,2.274024039206692
2.5500000000000003,2.2760881925621184
2.56,2.278152345917545
2.57,2.2802171199692824
2.58,2.2822929421278397
2.59,2.2843687642863966
2.6,2.286444586444954
2.61,2.288520408603511
2.62,2.290596230762068
2.63,2.2926720529206253
2.64,2.2947478750791825
2.65,2.2968236972377394
2.66,2.2988995193962967
2.67,2.3009753415548535
2.68,2.303051163713411
2.69,2.305126985871968
2.7,2.3071227674771864
2.71,2.3090878780248554
2.72,2.3110529885725244
2.73,2.313018099120194
2.74,2.314983209667863
2.75,2.316948320215532
2.7600000000000002,2.318913430763201
2.77,2.32087854131087
2.7800000000000002,2.3228436518585394
2.79,2.3248087624062084
2.8000000000000003,2.3267738729538774
2.81,2.3287389835015464
2.82,2.330664658606688
2.83,2.332573950667884
2.84,2.3344832427290805
2.85,2.336392534790277
2.86,2.338301826851473
2.87,2.3402111189126695
2.88,2.342120410973866
2.89,2.344029703035062
2.9,2.3459389950962586
2.91,2.3478482871574546
2.92,2.349757579218651
2.93,2.3515930629047905
2.94,2.3532583283117208
2.95,2.3549235937186515
2.96,2.356588859125582
2.97,2.358254124532513
2.98,2.3599193899394435
2.99,2.361584655346374
3.0,2.363249920753305
3.0100000000000002,2.3649151861602355
3.02,2.3665804515671662
3.0300000000000002,2.368245716974097
3.04,2.369910982381027
3.0500000000000003,2.371541378008444
3.06,2.373111502016096
3.0700000000000003,2.374681626023748
3.08,2.3762517500314004
3.09,2.3778218740390527
3.1,2.379391998046705
3.11,2.380962122054357
3.12,2.3825322460620093
3.13,2.3841023700696615
3.14,2.385672494077314
3.15,2.3872426180849664
3.16,2.3888127420926186
3.17,2.390180918611188
3.18,2.391525235541008
3.19,2.3928695524708283
3.2,2.3942138694006485
3.21,2.3955581863304687
3.22,2.3969025032602893
3.23,2.3982468201901095
3.24,2.3995911371199297
3.25,2.40093545404975
3.2600000000000002,2.40227977097957
3.27,2.40362408790939
3.2800000000000002,2.4049684048392104
3.29,2.4062279076489808
3.3000000000000003,2.4074416702956554
3.31,2.4086554329423295
3.3200000000000003,2.409869195589004
3.33,2.4110829582356788
3.34,2.4122967208823534
3.35,2.413510483529028
3.36,2.4147242461757026
3.37,2.415938008822377
3.38,2.417151771469052
3.39,2.4183655341157264
3.4,2.419579296762401
3.41,2.420753879785292
3.42,2.4217220880630053
3.43,2.4226902963407184
3.44,2.4236585046184316
3.45,2.4246267128961447
3.46,2.425594921173858
3.47,2.426563129451571
3.48,2.427531337729284
3.49,2.4284995460069974
3.5,2.4294677542847105
3.5100000000000002,2.4304359625624237
3.52,2.431404170840137
3.5300000000000002,2.43237237911785
3.54,2.4330345048200166
3.5500000000000003,2.433301845113313
3.56,2.433569185406609
3.5700000000000003,2.4338365256999053
3.58,2.434103865993202
3.59,2.434371206286498
3.6,2.4346385465797944
3.61,2.434905886873091
3.62,2.4351732271663873
3.63,2.4354405674596835
3.64,2.43570790775298
3.65,2.4359680695275485
3.66,2.435368983092713
3.67,2.434769896657878
3.68,2.434170810223043
3.69,2.4335717237882073
3.7,2.432972637353372
3.71,2.4323735509185367
3.72,2.4317744644837016
3.73,2.431175378048866
3.74,2.430576291614031
3.75,2.429977205179196
3.7600000000000002,2.4293781187443604
3.77,2.428702321283732
3.7800000000000002,2.4272010175505376
3.79,2.425699713817343
3.8000000000000003,2.4241984100841485
3.81,2.4226971063509537
3.8200000000000003,2.4211958026177594
3.83,2.4196944988845646
3.84,2.41819319515137
3.85,2.4166918914181754
3.86,2.415190587684981
3.87,2.4136892839517863
3.88,2.412187980218592
3.89,2.410366391399092
3.9,2.4079257010546566
3.91,2.4054850107102212
3.92,2.403044320365786
3.93,2.40060363002135
3.94,2.3981629396769146
3.95,2.3957222493324792
3.96,2.393281558988044
3.97,2.3908408686436085
3.98,2.388400178299173
3.99,2.3859594879547377
4.0,2.3835187976103023
4.01,2.380099178638037
4.0200000000000005,2.376628885932275
4.03,2.373158593226513
4.04,2.3696883005207505
4.05,2.3662180078149886
4.0600000000000005,2.362747715109226
4.07,2.3592774224034643
4.08,2.3558071296977023
4.09,2.3523368369919404
4.1,2.348866544286178
4.11,2.345315721174615
4.12,2.341474241067861
4.13,2.337632760961107
4.14,2.3337912808543537
4.15,2.3299498007475994
4.16,2.326108320640846
4.17,2.322266840534092
4.18,2.3184253604273386
4.19,2.3145838803205843
4.2,2.310742400213831
4.21,2.306900920107077
4.22,2.303059440000323
4.23,2.2991151456668932
4.24,2.294952819183795
4.25,2.290790492700697
4.26,2.2866281662175987
4.2700000000000005,2.2824658397345
4.28,2.278303513251402
4.29,2.2741411867683037
4.3,2.2699788602852053
4.3100000000000005,2.265816533802107
4.32,2.2616542073190087
4.33,2.2574918808359103
4.34,2.2533295543528125
4.3500000000000005,2.2491672278697137
4.36,2.2448422034094686
4.37,2.2404173083326646
4.38,2.2359924132558606
4.39,2.231567518179056
4.4,2.2271426231022518
4.41,2.2227177280254478
4.42,2.2182928329486438
4.43,2.2138679378718398
4.44,2.2094430427950353
4.45,2.2050181477182313
4.46,2.200593252641427
4.47,2.196168357564623
4.48,2.1917434624878185
4.49,2.1869616541894628
4.5,2.1815459233197667
4.51,2.1761301924500707
4.5200000000000005,2.170714461580374
4.53,2.165298730710678
4.54,2.1598829998409816
4.55,2.1544672689712856
4.5600000000000005,2.149051538101589
4.57,2.143635807231893
4.58,2.138220076362197
4.59,2.1328043454925005
4.6000000000000005,2.127388614622804
4.61,2.1216666904617933
4.62,2.1156941292024674
4.63,2.109721567943142
4.64,2.1037490066838163
4.65,2.0977764454244903
4.66,2.0918038841651647
4.67,2.085831322905839
4.68,2.0798587616465136
4.69,2.073886200387187
4.7,2.0679136391278616
4.71,2.061941077868536
4.72,2.0559685166092105
4.73,2.0492301415687297
4.74,2.0424599352249206
4.75,2.0356897288811115
4.76,2.028919522537303
4.7700000000000005,2.0221493161934934
4.78,2.0153791098496843
4.79,2.0086089035058756
4.8,2.0018386971620665
4.8100000000000005,1.995068490818257
4.82,1.9882982844744481
4.83,1.981528078130639
4.84,1.974391350495811
4.8500000000000005,1.9672156979586446
4.86,1.9600400454214788
4.87,1.952864392884313
4.88,1.9456887403471472
4.89,1.9385130878099814
4.9,1.931337435272815
4.91,1.9241617827356492
4.92,1.9169861301984834
4.93,1.9098104776613176
4.94,1.9026348251241512
4.95,1.8952649900079588
4.96,1.8877797309980238
4.97,1.8802944719880887
4.98,1.872809212978153
4.99,1.865323953968218
5.0,1.857838694958283
5.01,1.850353435948348
5.0200000000000005,1.8428681769384123
5.03,1.8353829179284773
5.04,1.8278976589185423
5.05,1.8204123999086073
5.0600000000000005,1.8129640137734448
5.07,1.8057518558131922
5.08,1.7985396978529395
5.09,1.791327539892687
5.1000000000000005,1.7841153819324338
5.11,1.7769032239721811
5.12,1.7696910660119285
5.13,1.7624789080516758
5.14,1.7552667500914232
5.15,1.7480545921311699
5.16,1.7408424341709172
5.17,1.7336302762106646
5.18,1.726418118250412
5.19,1.7186886836599642
5.2,1.7106083929638982
5.21,1.7025281022678325
5.22,1.6944478115717665
5.23,1.6863675208756999
5.24,1.678287230179634
5.25,1.6702069394835681
5.26,1.6621266487875024
5.2700000000000005,1.6540463580914357
5.28,1.6459660673953698
5.29,1.637885776699304
5.3,1.629805486003238
5.3100000000000005,1.6222686542608333
5.32,1.6147532254164194
5.33,1.6072377965720053
5.34,1.5997223677275914
5.3500000000000005,1.5922069388831765
5.36,1.5846915100387626
5.37,1.5771760811943485
5.38,1.5696606523499346
5.39,1.5621452235055204
5.4,1.5546297946611058
5.41,1.5471143658166917
5.42,1.5395989369722778
5.43,1.5321611400561967
5.44,1.5253364156125284
5.45,1.5185116911688608
5.46,1.5116869667251929
5.47,1.5048622422815252
5.48,1.4980375178378567
5.49,1.491212793394189
5.5,1.4843880689505213
5.51,1.4775633445068534
5.5200000000000005,1.4707386200631851
5.53,1.4639138956195172
5.54,1.4570891711758496
5.55,1.4502644467321817
5.5600000000000005,1.4434397222885134
5.57,1.4366149978448457
5.58,1.4296836921683558
5.59,1.4227167243399403
5.6000000000000005,1.4157497565115242
5.61,1.4087827886831088
5.62,1.4018158208546934
5.63,1.394848853026278
5.64,1.3878818851978625
5.65,1.3809149173694466
5.66,1.3739479495410312
5.67,1.3669809817126157
5.68,1.3600140138842003
5.69,1.3530470460557842
5.7,1.3460800782273687
5.71,1.3391131103989533
5.72,1.331994839959057
5.73,1.324792144820085
5.74,1.3175894496811134
5.75,1.3103867545421417
5.76,1.30318405940317
5.7700000000000005,1.2959813642641977
5.78,1.288778669125226
5.79,1.2815759739862544
5.8,1.2743732788472828
5.8100000000000005,1.2671705837083107
5.82,1.259967888569339
5.83,1.2527651934303674
5.84,1.2455624982913958
5.8500000000000005,1.238411060192127
5.86,1.2316467681652925
5.87,1.2248824761384578
5.88,1.218118184111623
5.89,1.2113538920847886
5.9,1.2045896000579532
5.91,1.1978253080311188
5.92,1.191061016004284
5.93,1.1842967239774493
5.94,1.1775324319506142
5.95,1.1707681399237795
5.96,1.1640038478969448
5.97,1.1572395558701103
5.98,1.150475263843275
5.99,1.1437339997710576
6.0,1.1370356053595287
6.01,1.1303372109479997
6.0200000000000005,1.12363881653647
6.03,1.1169404221249408
6.04,1.110242027713412
6.05,1.1035436333018829
6.0600000000000005,1.0968452388903531
6.07,1.090146844478824
6.08,1.0834484500672952
6.09,1.076750055655766
6.1000000000000005,1.0700516612442363
6.11,1.0633532668327073
6.12,1.057229799990968
6.13,1.051230787029129
6.140000000000001,1.0452317740672894
6.15,1.0392327611054504
6.16,1.0332337481436114
6.17,1.0272347351817723
6.18,1.0212357222199333
6.19,1.0152367092580936
6.2,1.0092376962962546
6.21,1.0032386833344153
6.22,0.9972396703725763
6.23,0.9912406574107367
6.24,0.9856286736881213
6.25,0.980952025206031
6.26,0.9762753767239407
6.2700000000000005,0.9715987282418499
6.28,0.9669220797597596
6.29,0.9622454312776693
6.3,0.957568782795579
6.3100000000000005,0.9528921343134882
6.32,0.9482154858313979
6.33,0.9435388373493075
6.34,0.9388621888672173
6.3500000000000005,0.9341855403851265
6.36,0.9295088919030362
6.37,0.9248322434209458
6.38,0.9201555949388556
6.390000000000001,0.9159607013623372
6.4,0.9117868989606784
6.41,0.9076130965590197
6.42,0.9034392941573609
6.43,0.8992654917557021
6.44,0.895091689354043
6.45,0.8909178869523843
6.46,0.8867440845507255
6.47,0.8825702821490667
6.48,0.8783964797474076
6.49,0.8742226773457489
6.5,0.8700488749440901
6.51,0.8658750725424313
6.5200000000000005,0.8617012701407722
6.53,0.8578226770507986
6.54,0.8540736418715048
6.55,0.8503246066922109
6.5600000000000005,0.8465755715129167
6.57,0.8428265363336228
6.58,0.8390775011543289
6.59,0.8353284659750351
6.6000000000000005,0.8315794307957408
6.61,0.827830395616447
6.62,0.8240813604371531
6.63,0.8203323252578593
6.640000000000001,0.816583290078565
6.65,0.8128342548992711
6.66,0.8090852197199773
6.67,0.8052472379709086
6.68,0.8013684674403877
6.69,0.7974896969098665
6.7,0.7936109263793456
6.71,0.7897321558488246
6.72,0.7858533853183037
6.73,0.7819746147877825
6.74,0.7780958442572616
6.75,0.7742170737267406
6.76,0.7703383031962198
6.7700000000000005,0.7664595326656986
6.78,0.7625807621351777
6.79,0.7594064805014527
6.8,0.7563697582288814
6.8100000000000005,0.75333303595631
6.82,0.7502963136837387
6.83,0.7472595914111675
6.84,0.7442228691385963
6.8500000000000005,0.7411861468660248
6.86,0.7381494245934536
6.87,0.7351127023208823
6.88,0.7320759800483111
6.890000000000001,0.7290392577757396
6.9,0.7260025355031684
6.91,0.7229658132305972
6.92,0.7201384156028405
6.93,0.7173837386128319
6.94,0.714629061622823
6.95,0.7118743846328144
6.96,0.7091197076428057
6.97,0.7063650306527971
6.98,0.7036103536627882
6.99,0.7008556766727796
7.0,0.698100999682771
7.01,0.6953463226927623
7.0200000000000005,0.6925916457027534
7.03,0.6898369687127448
7.04,0.6872382813760303
7.05,0.6848841398380561
7.0600000000000005,0.6825299983000818
7.07,0.6801758567621077
7.08,0.6778217152241335
7.09,0.6754675736861594
7.1000000000000005,0.6731134321481851
7.11,0.6707592906102109
7.12,0.6684051490722368
7.13,0.6660510075342627
7.140000000000001,0.6636968659962883
7.15,0.6613427244583142
7.16,0.6591080954442519
7.17,0.6575232771781645
7.18,0.6559384589120772
7.19,0.6543536406459899
7.2,0.6527688223799026
7.21,0.6511840041138154
7.22,0.649599185847728
7.23,0.6480143675816407
7.24,0.6464295493155534
7.25,0.6448447310494662
7.26,0.6432599127833789
7.2700000000000005,0.6416750945172914
7.28,0.6400902762512042
7.29,0.6385054579851169
7.3,0.6369206397190297
7.3100000000000005,0.6353358214529422
7.32,0.6339098311315797
7.33,0.6324921241137251
7.34,0.6310744170958705
7.3500000000000005,0.6296567100780158
7.36,0.6282390030601612
7.37,0.6268212960423066
7.38,0.6254035890244519
7.390000000000001,0.6239858820065972
7.4,0.6225681749887426
7.41,0.621150467970888
7.42,0.6197327609530334
7.43,0.6183150539351788
7.44,0.6168973469173241
7.45,0.6154796398994695
7.46,0.6140690747345892
7.47,0.6126592352999766
7.48,0.6112493958653639
7.49,0.6098395564307513
7.5,0.6084297169961388
7.51,0.6070198775615262
7.5200000000000005,0.6056100381269135
7.53,0.6042001986923009
7.54,0.6027903592576883
7.55,0.6013805198230757
7.5600000000000005,0.599970680388463
7.57,0.5986568345406099
7.58,0.597482544270992
7.59,0.5963082540013741
7.6000000000000005,0.595133963731756
7.61,0.5939596734621381
7.62,0.5927853831925202
7.63,0.5916110929229023
7.640000000000001,0.5904368026532842
7.65,0.5892625123836662
7.66,0.5880882221140483
7.67,0.5869139318444304
7.68,0.5858105310881487
7.69,0.5848425150832355
7.7,0.5838744990783223
7.71,0.5829064830734091
7.72,0.581938467068496
7.73,0.5809704510635826
7.74,0.5800024350586694
7.75,0.5790344190537562
7.76,0.578066403048843
7.7700000000000005,0.5770983870439298
7.78,0.5761303710390165
7.79,0.5753208693750567
7.8,0.5745656151302788
7.8100000000000005,0.5738103608855009
7.82,0.573055106640723
7.83,0.5722998523959452
7.84,0.5715445981511673
7.8500000000000005,0.5707893439063894
7.86,0.5700340896616115
7.87,0.5692788354168337
7.88,0.5685235811720557
7.890000000000001,0.5677943751653153
7.9,0.5671926084944944
7.91,0.5665908418236736
7.92,0.5659890751528527
7.930000000000001,0.5653873084820318
7.94,0.564785541811211
7.95,0.5641837751403901
7.96,0.5635820084695692
7.97,0.5629802417987484
7.98,0.5623784751279275
7.99,0.5617811536798497
8.0,0.5613758131924129
8.01,0.5609704727049761
8.02,0.5605651322175393
8.03,0.5601597917301026
8.040000000000001,0.5597544512426657
8.05,0.5593491107552289
8.06,0.5589437702677921
8.07,0.5585384297803553
8.08,0.5581330892929185
8.09,0.5577277488054817
8.1,0.5573224083180448
8.11,0.5570082114502319
8.120000000000001,0.5567422097301714
8.13,0.5564762080101108
8.14,0.5562102062900502
8.15,0.5559442045699896
8.16,0.5556782028499291
8.17,0.5554122011298686
8.18,0.5551461994098079
8.19,0.5548801976897474
8.2,0.5546141959696869
8.21,0.5543481942496262
8.22,0.5540821925295656
8.23,0.5538161908095051
8.24,0.5535879032441542
8.25,0.5533632269734485
8.26,0.5531385507027429
8.27,0.5529138744320371
8.28,0.5526891981613314
8.290000000000001,0.5524645218906257
8.3,0.55223984561992
8.31,0.5520151693492144
8.32,0.5517904930785086
8.33,0.5515658168078029
8.34,0.5513411405370972
8.35,0.5512093867041239
8.36,0.5510795937196556
8.370000000000001,0.5509498007351874
8.38,0.5508200077507193
8.39,0.550690214766251
8.4,0.5505604217817828
8.41,0.5504306287973145
8.42,0.5503008358128463
8.43,0.550171042828378
8.44,0.5500412498439098
8.45,0.5499114568594416
8.46,0.5497816638749734
8.47,0.5496518708905052
8.48,0.549536742588682
8.49,0.5494355500973761
8.5,0.5493343576060701
8.51,0.5492331651147642
8.52,0.5491319726234581
8.53,0.5490307801321522
8.540000000000001,0.5489295876408462
8.55,0.5488283951495402
8.56,0.5487272026582343
8.57,0.5486260101669282
8.58,0.5485248176756223
8.59,0.5484236251843163
8.6,0.5483399908758487
8.61,0.5482687507319057
8.620000000000001,0.5481975105879627
8.63,0.5481262704440197
8.64,0.5480550303000767
8.65,0.5479837901561337
8.66,0.5479125500121907
8.67,0.5478413098682478
8.68,0.5477700697243048
8.69,0.5476988295803618
8.700000000000001,0.5476275894364188
8.71,0.5475563492924758
8.72,0.5474978269732109
8.73,0.547444583696652
8.74,0.5473913404200933
8.75,0.5473380971435345
8.76,0.5472848538669757
8.77,0.5472316105904169
8.78,0.5471783673138582
8.790000000000001,0.5471251240372993
8.8,0.5470718807607405
8.81,0.5470186374841817
8.82,0.5469672339614221
8.83,0.5469399825528295
8.84,0.5469127311442369
8.85,0.5468854797356442
8.86,0.5468582283270516
8.870000000000001,0.5468309769184589
8.88,0.5468037255098663
8.89,0.5467764741012737
8.9,0.546749222692681
8.91,0.5467219712840884
8.92,0.5466947198754958
8.93,0.5466674684669032
8.94,0.5466402170583106
8.950000000000001,0.5466129656497178
8.96,0.5465857142411252
8.97,0.5465594100165874
8.98,0.5465366990138519
8.99,0.5465139880111165
9.0,0.5464912770083811
9.01,0.5464685660056456
9.02,0.5464458550029102
9.03,0.5464231440001749
9.040000000000001,0.5464004329974395
9.05,0.546377721994704
9.06,0.5463550109919686
9.07,0.5463322999892332
9.08,0.5463095889864977
9.09,0.5462868779837623
9.1,0.5462642544555775
9.11,0.5462455467181963
9.120000000000001,0.5462268389808151
9.13,0.5462081312434339
9.14,0.5461894235060527
9.15,0.5461707157686716
9.16,0.5461520080312904
9.17,0.5461333002939093
9.18,0.5461145925565281
9.19,0.5460958848191468
9.200000000000001,0.5460771770817657
9.21,0.5460584693443845
9.22,0.5460397616070034
9.23,0.5460207494064478
9.24,0.5460009738594274
9.25,0.5459811983124069
9.26,0.5459614227653864
9.27,0.5459416472183659
9.28,0.5459218716713453
9.290000000000001,0.5459020961243248
9.3,0.5458823205773043
9.31,0.5458625450302839
9.32,0.5458427694832634
9.33,0.5458229939362428
9.34,0.5458032183892223
9.35,0.5457834810627984
9.36,0.5457637893027967
9.370000000000001,0.545744097542795
9.38,0.5457244057827934
9.39,0.5457047140227916
9.4,0.5456850222627899
9.41,0.5456653305027883
9.42,0.5456456387427866
9.43,0.545625946982785
9.44,0.5456062552227833
9.450000000000001,0.5455865634627816
9.46,0.5455664736863985
9.47,0.5455433933243898
9.48,0.545520312962381
9.49,0.5454972326003723
9.5,0.5454741522383636
9.51,0.5454510718763548
9.52,0.5454279915143461
9.53,0.5454049111523374
9.540000000000001,0.5453818307903285
9.55,0.5453587504283198
9.56,0.5453356700663111
9.57,0.545312553349731
9.58,0.5452889742851289
9.59,0.5452653952205267
9.6,0.5452418161559245
9.61,0.5452182370913223
9.620000000000001,0.5451946580267201
9.63,0.5451710789621179
9.64,0.5451474998975157
9.65,0.5451239208329135
9.66,0.5451003417683112
9.67,0.5450767627037091
9.68,0.5450531836391069
9.69,0.5450282304023867
9.700000000000001,0.5450017885054481
9.71,0.5449753466085094
9.72,0.5449489047115709
9.73,0.5449224628146322
9.74,0.5448960209176935
9.75,0.544869579020755
9.76,0.5448431371238163
9.77,0.5448166952268776
9.78,0.544790253329939
9.790000000000001,0.5447638114330003
9.8,0.5447373530723004
9.81,0.5447107917829396
9.82,0.5446842304935788
9.83,0.544657669204218
9.84,0.5446311079148572
9.85,0.5446045466254964
9.86,0.5445779853361357
9.870000000000001,0.5445514240467748
9.88,0.5445248627574141
9.89,0.5444983014680532
9.9,0.5444717401786925
9.91,0.5444451788893316
9.92,0.5444186175999709
9.93,0.5443922249379366
9.94,0.544365898257799
9.950000000000001,0.5443395715776616
9.96,0.544313244897524
9.97,0.5442869182173865
9.98,0.544260591537249
9.99,0.5442342648571115
10.0,0.544207938176974
10.01,0.5441816114968364
10.02,0.544155284816699
10.03,0.5441289581365615
10.040000000000001,0.5440899587711893
10.05,0.5440366586581173
10.06,0.5439833585450453
10.07,0.5439300584319734
10.08,0.5438767583189015
10.09,0.5438234582058296
10.1,0.5437701580927576
10.11,0.5437168579796856
10.120000000000001,0.5436635578666137
10.13,0.5436102577535418
10.14,0.5435569576404699
10.15,0.5434791181183157
10.16,0.5433266142855318
10.17,0.5431741104527477
10.18,0.5430216066199636
10.19,0.5428691027871795
10.200000000000001,0.5427165989543954
10.21,0.5425640951216114
10.22,0.5424115912888273
10.23,0.5422590874560432
10.24,0.5421065836232593
10.25,0.5419540797904752
10.26,0.5417797747304641
10.27,0.5414933778622014
10.28,0.5412069809939387
10.290000000000001,0.540920584125676
10.3,0.5406341872574133
10.31,0.5403477903891506
10.32,0.5400613935208879
10.33,0.5397749966526252
10.34,0.5394885997843625
10.35,0.5392022029160998
10.36,0.5389158060478371
10.370000000000001,0.5386294091795744
10.38,0.5382511373339641
10.39,0.53784455534152
10.4,0.5374379733490757
10.41,0.5370313913566316
10.42,0.5366248093641874
10.43,0.5362182273717432
10.44,0.535811645379299
10.450000000000001,0.5354050633868548
10.46,0.5349984813944106
10.47,0.5345918994019664
10.48,0.5341853174095222
10.49,0.5337787354170781
10.5,0.5332354069369576
10.51,0.5326903805891068
10.52,0.5321453542412561
10.53,0.5316003278934053
10.540000000000001,0.5310553015455544
10.55,0.5305102751977037
10.56,0.5299652488498529
10.57,0.5294202225020022
10.58,0.5288751961541514
10.59,0.5283301698063005
10.6,0.5277851434584498
10.61,0.5271456737338489
10.620000000000001,0.5264941579089559
10.63,0.5258426420840632
10.64,0.5251911262591703
10.65,0.5245396104342774
10.66,0.5238880946093847
10.67,0.5232365787844918
10.68,0.522585062959599
10.69,0.5219335471347062
10.700000000000001,0.5212820313098132
10.71,0.5206305154849203
10.72,0.5199015569473395
10.73,0.5191526590507987
10.74,0.5184037611542579
10.75,0.517654863257717
10.76,0.5169059653611762
10.77,0.5161570674646353
10.78,0.5154081695680945
10.790000000000001,0.5146592716715536
10.8,0.5139103737750127
10.81,0.5131614758784718
10.82,0.5124125779819311
10.83,0.511641725265688
10.84,0.5108700195696756
10.85,0.5100983138736632
10.86,0.5093266081776509
10.870000000000001,0.5085549024816384
10.88,0.507783196785626
10.89,0.5070114910896136
10.9,0.5062397853936013
10.91,0.5054680796975889
10.92,0.5046963740015765
10.93,0.5039246683055641
10.94,0.5031294031238124
10.950000000000001,0.5022782474999187
10.96,0.5014270918760252
10.97,0.5005759362521317
10.98,0.49972478062823816
10.99,0.4988736250043446
11.0,0.49802246938045114
11.01,0.4971713137565576
11.02,0.4963201581326641
11.03,0.4954690025087706
11.040000000000001,0.4946178468848769
11.05,0.4937666912609834
11.06,0.49286588743928267
11.07,0.491956435409963
11.08,0.4910469833806433
11.09,0.4901375313513236
11.1,0.4892280793220039
11.11,0.48831862729268427
11.120000000000001,0.4874091752633644
11.13,0.4864997232340447
11.14,0.48559027120472503
11.15,0.48468081917540534
11.16,0.4837713671460857
11.17,0.48286785891669426
11.18,0.4819751546468305
11.19,0.4810824503769668
11.200000000000001,0.4801897461071029
11.21,0.4792970418372392
11.22,0.47840433756737544
11.23,0.47751163329751173
11.24,0.476618929027648
11.25,0.4757262247577843
11.26,0.47483352048792055
11.27,0.47394081621805684
11.28,0.47304811194819313
11.290000000000001,0.47215540767832925
11.3,0.4712347026358569
11.31,0.47030610827251534
11.32,0.4693775139091738
11.33,0.4684489195458323
11.34,0.4675203251824907
11.35,0.4665917308191492
11.36,0.46566313645580765
11.370000000000001,0.46473454209246595
11.38,0.4638059477291244
11.39,0.46287735336578284
11.4,0.4619487590024413
11.41,0.4610201646390998
11.42,0.46009157027575825
11.43,0.45915857599211596
11.44,0.4582252015284527
11.450000000000001,0.4572918270647892
11.46,0.45635845260112595
11.47,0.4554250781374627
11.48,0.4544917036737994
11.49,0.4535583292101361
11.5,0.45262495474647285
11.51,0.4516915802828096
11.52,0.4507582058191463
11.53,0.449824831355483
11.540000000000001,0.4488914568918196
11.55,0.4479580824281563
11.56,0.4469881994717567
11.57,0.4458384091313904
11.58,0.4446886187910241
11.59,0.4435388284506578
11.6,0.4423890381102915
11.61,0.4412392477699252
11.620000000000001,0.4400894574295587
11.63,0.43893966708919235
11.64,0.4377898767488261
11.65,0.43664008640845975
11.66,0.4354902960680934
11.67,0.43434050572772714
11.68,0.4331673274138351
11.69,0.43192249820116996
11.700000000000001,0.4306776689885046
11.71,0.42943283977583946
11.72,0.42818801056317435
11.73,0.4269431813505092
11.74,0.425698352137844
11.75,0.4244535229251789
11.76,0.42320869371251374
11.77,0.42196386449984863
11.78,0.42071903528718346
11.790000000000001,0.4194742060745181
11.8,0.41809586249591424
11.81,0.41651522234448896
11.82,0.4149345821930637
11.83,0.4133539420416384
11.84,0.4117733018902131
11.85,0.4101926617387878
11.86,0.40861202158736254
11.870000000000001,0.4070313814359369
11.88,0.40545074128451164
11.89,0.40387010113308636
11.9,0.40234852100315943
11.91,0.40093291613478477
11.92,0.39951731126641005
11.93,0.3981017063980354
11.94,0.3966861015296607
11.950000000000001,0.39527049666128583
11.96,0.39385489179291117
11.97,0.3924392869245365
11.98,0.39102368205616184
11.99,0.3896080771877871
12.0,0.38819247231941245
12.01,0.3867768674510378
12.02,0.3853037472272886
12.030000000000001,0.3836965288093075
12.040000000000001,0.38208931039132665
12.05,0.3804820919733458
12.06,0.378874873555365
12.07,0.37726765513738414
12.08,0.3756604367194033
12.09,0.37405321830142246
12.1,0.3724459998834416
12.11,0.3708387814654608
12.120000000000001,0.36923156304747967
12.13,0.36762434462949883
12.14,0.3660700596818085
12.15,0.36452244724188326
12.16,0.36297483480195797
12.17,0.3614272223620327
12.18,0.35987960992210744
12.19,0.35833199748218214
12.200000000000001,0.3567843850422566
12.21,0.35523677260233133
12.22,0.3536891601624061
12.23,0.3521415477224808
12.24,0.35059393528255556
12.25,0.34904632284263026
12.26,0.34746323199235835
12.27,0.3457807629567011
12.280000000000001,0.3440982939210436
12.290000000000001,0.34241582488538636
12.3,0.34073335584972914
12.31,0.33905088681407186
12.32,0.33736841777841464
12.33,0.3356859487427574
12.34,0.3340034797071002
12.35,0.332321010671443
12.36,0.33063854163578577
12.370000000000001,0.3289560726001282
12.38,0.327273603564471
12.39,0.3256095022364811
12.4,0.3239454106319901
12.41,0.32228131902749907
12.42,0.3206172274230081
12.43,0.31895313581851703
12.44,0.317289044214026
12.450000000000001,0.31562495260953466
12.46,0.31396086100504367
12.47,0.3122967694005526
12.48,0.3106326777960616
12.49,0.3089685861915706
12.5,0.30730449458707954
12.51,0.3056435415354741
12.52,0.3040143684452779
12.530000000000001,0.30238519535508146
12.540000000000001,0.3007560222648853
12.55,0.2991268491746891
12.56,0.29749767608449296
12.57,0.2958685029942968
12.58,0.2942393299041006
12.59,0.29261015681390445
12.6,0.2909809837237083
12.61,0.2893518106335121
12.620000000000001,0.2877226375433157
12.63,0.2860934644531195
12.64,0.28446429136292334
12.65,0.2829188983287717
12.66,0.2814218172672172
12.67,0.2799247362056627
12.68,0.2784276551441083
12.69,0.2769305740825538
12.700000000000001,0.27543349302099907
12.71,0.27393641195944457
12.72,0.2724393308978901
12.73,0.27094224983633564
12.74,0.26944516877478114
12.75,0.26794808771322665
12.76,0.2664510066516722
12.77,0.2649539255901177
12.780000000000001,0.263456844528563
12.790000000000001,0.2620801033546537
12.8,0.26070421374459746
12.81,0.25932832413454127
12.82,0.2579524345244851
12.83,0.25657654491442883
12.84,0.25520065530437264
12.85,0.25382476569431645
12.86,0.2524488760842602
12.870000000000001,0.2510729864742038
12.88,0.24969709686414757
12.89,0.24832120725409135
12.9,0.24694531764403516
12.91,0.24556942803397894
12.92,0.24442004349413327
12.93,0.2432765605974031
12.94,0.24213307770067294
12.950000000000001,0.24098959480394258
12.96,0.23984611190721242
12.97,0.23870262901048225
12.98,0.2375591461137521
12.99,0.23641566321702195
13.0,0.2352721803202918
13.01,0.23412869742356163
13.02,0.23298521452683146
13.030000000000001,0.2318417316301011
13.040000000000001,0.23069824873337094
13.05,0.2297973114266917
13.06,0.22891044651120615
13.07,0.22802358159572061
13.08,0.22713671668023505
13.09,0.22624985176474952
13.1,0.22536298684926395
13.11,0.22447612193377842
13.120000000000001,0.22358925701829271
13.13,0.22270239210280715
13.14,0.22181552718732161
13.15,0.22092866227183605
13.16,0.22004179735635052
13.17,0.2192076929277239
13.18,0.21858642762632174
13.19,0.2179651623249196
13.200000000000001,0.21734389702351734
13.21,0.2167226317221152
13.22,0.21610136642071304
13.23,0.2154801011193109
13.24,0.21485883581790874
13.25,0.2142375705165066
13.26,0.21361630521510444
13.27,0.2129950399137023
13.280000000000001,0.21237377461230003
13.290000000000001,0.21199483152222268
13.3,0.21173952390580106
13.31,0.2114842162893794
13.32,0.2112289086729578
13.33,0.21097360105653615
13.34,0.21071829344011453
13.35,0.21046298582369288
13.36,0.21020767820727126
13.370000000000001,0.2099523705908496
13.38,0.20969706297442797
13.39,0.20944175535800633
13.4,0.20940554007404927
13.41,0.20953265575248034
13.42,0.20965977143091138
13.43,0.20978688710934246
13.44,0.20991400278777353
13.450000000000001,0.21004111846620463
13.46,0.21016823414463567
13.47,0.21029534982306675
13.48,0.21042246550149782
13.49,0.2105495811799289
13.5,0.21067669685835994
13.51,0.2108718513411965
13.52,0.21135016350060934
13.530000000000001,0.2118284756600223
13.540000000000001,0.21230678781943518
13.55,0.21278509997884804
13.56,0.21326341213826092
13.57,0.21374172429767377
13.58,0.21422003645708665
13.59,0.2146983486164995
13.6,0.21517666077591238
13.61,0.21565497293532523
13.620000000000001,0.21616677391250105
13.63,0.21693129742593054
13.64,0.21769582093936002
13.65,0.2184603444527895
13.66,0.21922486796621896
13.67,0.21998939147964844
13.68,0.22075391499307792
13.69,0.2215184385065074
13.700000000000001,0.22228296201993702
13.71,0.2230474855333665
13.72,0.223812009046796
13.73,0.22457653256022547
13.74,0.22554002316625413
13.75,0.22651457978658618
13.76,0.2274891364069182
13.77,0.22846369302725025
13.780000000000001,0.22943824964758247
13.790000000000001,0.23041280626791452
13.8,0.23138736288824654
13.81,0.2323619195085786
13.82,0.23333647612891062
13.83,0.23431103274924267
13.84,0.23528558936957472
13.85,0.23633005478342298
13.86,0.23742701949938627
13.870000000000001,0.2385239842153498
13.88,0.2396209489313131
13.89,0.2407179136472764
13.9,0.24181487836323973
13.91,0.24291184307920302
13.92,0.24400880779516634
13.93,0.24510577251112967
13.94,0.24620273722709296
13.950000000000001,0.24729970194305648
13.96,0.2483966666590198
13.97,0.2496252161988717
13.98,0.2508892958430798
13.99,0.2521533754872879
14.0,0.253417455131496
14.01,0.2546815347757041
14.02,0.2559456144199122
14.030000000000001,0.25720969406412053
14.040000000000001,0.25847377370832864
14.05,0.25973785335253674
14.06,0.26100193299674485
14.07,0.26226601264095295
14.08,0.26353729216247174
14.09,0.2648135190699741
14.1,0.26608974597747637
14.11,0.26736597288497865
14.120000000000001,0.26864219979248116
14.13,0.2699184266999835
14.14,0.2711946536074858
14.15,0.2724708805149881
14.16,0.27374710742249037
14.17,0.27502333432999265
14.18,0.276299561237495
14.19,0.2775757881449973
14.200000000000001,0.2787617556467341
14.21,0.2799428383799626
14.22,0.28112392111319107
14.23,0.2823050038464196
14.24,0.2834860865796481
14.25,0.28466716931287656
14.26,0.28584825204610503
14.27,0.28702933477933357
14.280000000000001,0.28821041751256227
14.290000000000001,0.28939150024579074
14.3,0.2905725829790192
14.31,0.29175366571224776
14.32,0.29293379287011306
14.33,0.2941080595004671
14.34,0.2952823261308211
14.35,0.29645659276117514
14.36,0.2976308593915291
14.370000000000001,0.29880512602188336
14.38,0.2999793926522374
14.39,0.3011536592825914
14.4,0.30232792591294544
14.41,0.30350219254329946
14.42,0.30467645917365344
14.43,0.30585072580400746
14.44,0.3070249924343615
14.450000000000001,0.30823502093190386
14.46,0.3095347939121339
14.47,0.31083456689236394
14.48,0.31213433987259404
14.49,0.3134341128528241
14.5,0.3147338858330541
14.51,0.31603365881328416
14.52,0.31733343179351425
14.530000000000001,0.3186332047737445
14.540000000000001,0.31993297775397456
14.55,0.3212327507342046
14.56,0.3225325237144347
14.57,0.3237831145622379
14.58,0.3250293635606971
14.59,0.3262756125591563
14.6,0.3275218615576155
14.61,0.3287681105560747
14.620000000000001,0.3300143595545341
14.63,0.3312606085529933
14.64,0.3325068575514525
14.65,0.3337531065499117
14.66,0.33499935554837085
14.67,0.33624560454683006
14.68,0.33742466187601644
14.69,0.33852760563855183
14.700000000000001,0.3396305494010874
14.71,0.3407334931636228
14.72,0.34183643692615817
14.73,0.34293938068869356
14.74,0.34404232445122895
14.75,0.34514526821376434
14.76,0.34624821197629974
14.77,0.3473511557388352
14.780000000000001,0.34845409950137074
14.790000000000001,0.34955704326390613
14.8,0.3506700948365187
14.81,0.35184969759116164
14.82,0.35302930034580454
14.83,0.3542089031004475
14.84,0.3553885058550904
14.85,0.35656810860973337
14.86,0.3577477113643763
14.870000000000001,0.35892731411901946
14.88,0.36010691687366236
14.89,0.3612865196283053
14.9,0.36246612238294823
14.91,0.3636482278761176
14.92,0.3648370115591635
14.93,0.36602579524220935
14.94,0.3672145789252552
14.950000000000001,0.3684033626083013
14.96,0.3695921462913472
14.97,0.37078092997439305
14.98,0.3719697136574389
14.99,0.3731584973404848
15.0,0.37434728102353065
15.01,0.375462684562533
15.02,0.37630516478918874
15.030000000000001,0.37714764501584463
15.040000000000001,0.37799012524250036
15.05,0.3788326054691561
15.06,0.3796750856958118
15.07,0.38051756592246755
15.08,0.3813600461491233
15.09,0.38220252637577895
15.1,0.3830450066024347
15.11,0.3838874868290904
15.120000000000001,0.3847299670557463
15.13,0.38557244728240203
15.14,0.3864031283416885
15.15,0.3871766932702338
15.16,0.38795025819877904
15.17,0.38872382312732434
15.18,0.38949738805586964
15.19,0.39027095298441494
15.200000000000001,0.39104451791296035
15.21,0.39181808284150565
15.22,0.39259164777005096
15.23,0.3933652126985962
15.24,0.3941387776271415
15.25,0.3949123425556868
15.26,0.3956859074842321
15.27,0.39644534235784407
15.280000000000001,0.3971531827685728
15.290000000000001,0.39786102317930144
15.3,0.39856886359003013
15.31,0.39927670400075876
15.32,0.3999845444114874
15.33,0.4006923848222161
15.34,0.4014002252329447
15.35,0.40210806564367335
15.36,0.40281590605440204
15.370000000000001,0.4035237464651308
15.38,0.40423158687585947
15.39,0.4049394272865881
15.4,0.4056181351608679
15.41,0.40627427834219043
15.42,0.406930421523513
15.43,0.4075865647048355
15.44,0.4082427078861581
15.450000000000001,0.4088988510674807
15.46,0.4095549942488032
15.47,0.41021113743012577
15.48,0.4108672806114483
15.49,0.41152342379277085
15.5,0.41217956697409336
15.51,0.4128357101554159
15.52,0.41342472333599123
15.530000000000001,0.4139467156609561
15.540000000000001,0.41446870798592095
15.55,0.41499070031088575
15.56,0.41551269263585056
15.57,0.41603468496081536
15.58,0.41655667728578016
15.59,0.41707866961074497
15.6,0.41760066193570977
15.610000000000001,0.4181226542606747
15.620000000000001,0.4186446465856395
15.63,0.4191666389106043
15.64,0.4196886312355691
15.65,0.4201817133235045
15.66,0.42063671335303127
15.67,0.421091713382558
15.68,0.4215467134120848
15.69,0.4220017134416115
15.700000000000001,0.42245671347113833
15.71,0.4229117135006651
15.72,0.42336671353019184
15.73,0.4238217135597186
15.74,0.42427671358924535
15.75,0.4247317136187721
15.76,0.42518671364829885
15.77,0.42564171367782555
15.780000000000001,0.42601849217414794
15.790000000000001,0.4263822354882309
15.8,0.42674597880231385
15.81,0.4271097221163968
15.82,0.42747346543047976
15.83,0.4278372087445627
15.84,0.4282009520586456
15.85,0.42856469537272857
15.860000000000001,0.4289284386868116
15.870000000000001,0.42929218200089453
15.88,0.4296559253149775
15.89,0.43001966862906044
15.9,0.4303689652010421
15.91,0.43062572897243956
15.92,0.430882492743837
15.93,0.43113925651523444
15.94,0.43139602028663193
15.950000000000001,0.4316527840580294
15.96,0.43190954782942687
15.97,0.4321663116008243
15.98,0.43242307537222174
15.99,0.4326798391436192
16.0,0.4329366029150167
16.01,0.43319336668641417
16.02,0.43345013045781156
16.03,0.43370689422920905
16.04,0.4339185863871532
16.05,0.43409319316638195
16.06,0.4342677999456106
16.07,0.4344424067248393
16.080000000000002,0.434617013504068
16.09,0.4347916202832967
16.1,0.4349662270625254
16.11,0.43514083384175406
16.12,0.4353154406209828
16.13,0.43549004740021147
16.14,0.43566465417944017
16.15,0.4358392609586688
16.16,0.4360138677378976
16.17,0.4361884745171263
16.18,0.4363009726674045
16.19,0.43639541328572135
16.2,0.43648985390403816
16.21,0.436584294522355
16.22,0.4366787351406718
16.23,0.43677317575898866
16.240000000000002,0.4368676163773055
16.25,0.4369620569956223
16.26,0.4370564976139391
16.27,0.4371509382322559
16.28,0.4372453788505728
16.29,0.4373398194688896
16.3,0.43743426008720643
16.31,0.43747661676554306
16.32,0.43748801276609256
16.330000000000002,0.43749940876664206
16.34,0.43751080476719156
16.35,0.43752220076774107
16.36,0.43753359676829057
16.37,0.43754499276884007
16.38,0.4375563887693896
16.39,0.4375677847699391
16.4,0.43757918077048863
16.41,0.43759057677103813
16.42,0.43760197277158763
16.43,0.43761336877213713
16.44,0.4375951851679928
16.45,0.43750939090276764
16.46,0.43742359663754243
16.47,0.4373378023723173
16.48,0.4372520081070921
16.490000000000002,0.43716621384186694
16.5,0.4370804195766418
16.51,0.4369946253114166
16.52,0.43690883104619144
16.53,0.43682303678096623
16.54,0.4367372425157411
16.55,0.4366514482505159
16.56,0.43650698010907146
16.57,0.43631317184065693
16.580000000000002,0.43611936357224235
16.59,0.43592555530382787
16.6,0.4357317470354133
16.61,0.4355379387669988
16.62,0.4353441304985843
16.63,0.43515032223016975
16.64,0.4349565139617552
16.65,0.4347627056933407
16.66,0.43456889742492616
16.67,0.43431641030564355
16.68,0.43402240171656126
16.69,0.43372839312747885
16.7,0.43343438453839656
16.71,0.4331403759493142
16.72,0.4328463673602319
16.73,0.4325523587711495
16.740000000000002,0.4322583501820671
16.75,0.4319643415929848
16.76,0.4316703330039024
16.77,0.4313763244148201
16.78,0.4310346359207947
16.79,0.4306426531795502
16.8,0.4302506704383055
16.81,0.429858687697061
16.82,0.4294667049558163
16.830000000000002,0.42907472221457166
16.84,0.4286827394733271
16.85,0.42829075673208244
16.86,0.42789877399083787
16.87,0.42750679124959323
16.88,0.4271148085083487
16.89,0.426700901392806
16.9,0.42621379054582526
16.91,0.42572667969884437
16.92,0.4252395688518635
16.93,0.42475245800488276
16.94,0.4242653471579019
16.95,0.42377823631092115
16.96,0.42329112546394027
16.97,0.42280401461695954
16.98,0.42231690376997866
16.990000000000002,0.42182979292299777
17.0,0.42134268207601705
17.01,0.4207787347072714
17.02,0.42020162703004105
17.03,0.41962451935281053
17.04,0.4190474116755802
17.05,0.41847030399834967
17.06,0.4178931963211193
17.07,0.41731608864388875
17.080000000000002,0.41673898096665823
17.09,0.4161618732894279
17.1,0.41558476561219737
17.11,0.415007657934967
17.12,0.41441303226848797
17.13,0.41374617274747794
17.14,0.41307931322646774
17.150000000000002,0.4124124537054575
17.16,0.4117455941844475
17.17,0.41107873466343725
17.18,0.4104118751424272
17.19,0.409745015621417
17.2,0.409078156100407
17.21,0.4084112965793968
17.22,0.40774443705838676
17.23,0.4070775775373765
17.240000000000002,0.40636617983873174
17.25,0.4055971990300088
17.26,0.40482821822128556
17.27,0.4040592374125626
17.28,0.4032902566038394
17.29,0.40252127579511643
17.3,0.4017522949863932
17.31,0.40098331417767025
17.32,0.400214333368947
17.330000000000002,0.3994453525602238
17.34,0.39867637175150084
17.35,0.3979073909427776
17.36,0.39705099722411014
17.37,0.39615870343423293
17.38,0.39526640964435605
17.39,0.39437411585447885
17.400000000000002,0.39348182206460164
17.41,0.39258952827472476
17.42,0.39169723448484756
17.43,0.3908049406949707
17.44,0.38991264690509353
17.45,0.3890203531152166
17.46,0.38812805932533945
17.47,0.3872089326858813
17.48,0.3862477031767294
17.490000000000002,0.38528647366757746
17.5,0.38432524415842584
17.51,0.3833640146492739
17.52,0.38240278514012227
17.53,0.3814415556309704
17.54,0.38048032612181876
17.55,0.3795190966126668
17.56,0.3785578671035152
17.57,0.3775966375943633
17.580000000000002,0.37663540808521134
17.59,0.37556727744464147
17.6,0.37444895511325016
17.61,0.37333063278185924
17.62,0.37221231045046793
17.63,0.371093988119077
17.64,0.3699756657876857
17.650000000000002,0.36885734345629445
17.66,0.36773902112490353
17.67,0.3666206987935122
17.68,0.3655023764621213
17.69,0.36438405413073
17.7,0.3632470664185316
17.71,0.3621002583341405
17.72,0.3609534502497498
17.73,0.35980664216535874
17.740000000000002,0.35865983408096763
17.75,0.3575130259965769
17.76,0.3563662179121858
17.77,0.35521940982779515
17.78,0.35407260174340405
17.79,0.35292579365901333
17.8,0.3517789855746223
17.81,0.35063217749023157
17.82,0.349263674424792
17.830000000000002,0.34787711369346586
17.84,0.34649055296214026
17.85,0.3451039922308141
17.86,0.34371743149948847
17.87,0.3423308707681623
17.88,0.3409443100368367
17.89,0.3395577493055105
17.900000000000002,0.3381711885741844
17.91,0.33678462784285873
17.92,0.33540360064366437
17.93,0.3340296400103696
17.94,0.3326556793770743
17.95,0.33128171874377954
17.96,0.32990775811048423
17.97,0.3285337974771894
17.98,0.32715983684389416
17.990000000000002,0.32578587621059885
18.0,0.3244119155773041
18.01,0.3230379549440088
18.02,0.32166399431071396
18.03,0.3202783107113855
18.04,0.31875931376591676
18.05,0.3172403168204474
18.06,0.31572131987497865
18.07,0.3142023229295093
18.080000000000002,0.31268332598404
18.09,0.31116432903857116
18.1,0.30964533209310185
18.11,0.30812633514763305
18.12,0.30660733820216374
18.13,0.30508834125669493
18.14,0.30356745644179806
18.150000000000002,0.30203358479029757
18.16,0.30049971313879764
18.17,0.29896584148729716
18.18,0.2974319698357972
18.19,0.29589809818429674
18.2,0.2943642265327968
18.21,0.29283035488129633
18.22,0.2912964832297964
18.23,0.2897626115782959
18.240000000000002,0.28822873992679543
18.25,0.2866948682752955
18.26,0.2851838400828496
18.27,0.2836837681904882
18.28,0.28218369629812623
18.29,0.28068362440576483
18.3,0.27918355251340293
18.31,0.2776834806210415
18.32,0.2761834087286796
18.330000000000002,0.2746833368363176
18.34,0.2731832649439562
18.35,0.2716831930515943
18.36,0.2701831211592329
18.37,0.2686830492668709
18.38,0.26712498894731446
18.39,0.2654640552539531
18.400000000000002,0.2638031215605917
18.41,0.2621421878672309
18.42,0.2604812541738696
18.43,0.2588203204805088
18.44,0.2571593867871474
18.45,0.25549845309378666
18.46,0.25383751940042526
18.47,0.25217658570706447
18.48,0.2505156520137031
18.490000000000002,0.24885471832034173
18.5,0.24722922377872314
18.51,0.24561381834495893
18.52,0.2439984129111953
18.53,0.24238300747743113
18.54,0.2407676020436675
18.55,0.2391521966099033
18.56,0.2375367911761397
18.57,0.2359213857423755
18.580000000000002,0.23430598030861133
18.59,0.2326905748748477
18.6,0.2310751694410835
18.61,0.22945976400731988
18.62,0.2278016432069174
18.63,0.2260818706732753
18.64,0.2243620981396326
18.650000000000002,0.22264232560598987
18.66,0.2209225530723478
18.67,0.21920278053870507
18.68,0.21748300800506296
18.69,0.21576323547142026
18.7,0.21404346293777815
18.71,0.21232369040413543
18.72,0.21060391787049335
18.73,0.20888414533685062
18.740000000000002,0.2071098415969012
18.75,0.2052726304596844
18.76,0.20343541932246695
18.77,0.20159820818525015
18.78,0.19976099704803268
18.79,0.19792378591081586
18.8,0.1960865747735984
18.81,0.1942493636363816
18.82,0.19241215249916413
18.830000000000002,0.19057494136194666
18.84,0.18873773022472987
18.85,0.18690294711656236
18.86,0.18519342886007578
18.87,0.18348391060358862
18.88,0.18177439234710208
18.89,0.1800648740906149
18.900000000000002,0.17835535583412773
18.91,0.17664583757764118
18.92,0.174936319321154
18.93,0.17322680106466745
18.94,0.1715172828081803
18.95,0.16980776455169372
18.96,0.16809824629520656
18.97,0.16638872803872
18.98,0.16465950729130577
18.990000000000002,0.16291567225658063
19.0,0.16117183722185613
19.01,0.159428002187131
19.02,0.1576841671524065
19.03,0.15594033211768138
19.04,0.15419649708295685
19.05,0.15245266204823174
19.06,0.15070882701350724
19.07,0.1489649919787821
19.080000000000002,0.147221156944057
19.09,0.1454773219093325
19.1,0.14374532892585073
19.11,0.14203353684734374
19.12,0.1403217447688361
19.13,0.1386099526903291
19.14,0.13689816061182147
19.150000000000002,0.13518636853331387
19.16,0.13347457645480684
19.17,0.13176278437629924
19.18,0.1300509922977922
19.19,0.12833920021928458
19.2,0.12662740814077758
19.21,0.12491561606226996
19.22,0.12323886239925987
19.23,0.12170462844907584
19.240000000000002,0.12017039449889182
19.25,0.11863616054870833
19.26,0.11710192659852431
19.27,0.11556769264834083
19.28,0.1140334586981568
19.29,0.11249922474797332
19.3,0.11096499079778929
19.31,0.10943075684760582
19.32,0.1078965228974218
19.330000000000002,0.10636228894723776
19.34,0.10482805499705429
19.35,0.10337370315730288
19.36,0.1020573663329133
19.37,0.10074102950852327
19.38,0.0994246926841337
19.39,0.09810835585974366
19.400000000000002,0.09679201903535362
19.41,0.09547568221096404
19.42,0.09415934538657401
19.43,0.09284300856218444
19.44,0.0915266717377944
19.45,0.09021033491340483
19.46,0.08889399808901478
19.47,0.08757766126462521
19.48,0.08632657475338115
19.490000000000002,0.08532346804879556
19.5,0.08432036134421034
19.51,0.08331725463962475
19.52,0.08231414793503951
19.53,0.08131104123045393
19.54,0.0803079345258687
19.55,0.0793048278212831
19.56,0.07830172111669788
19.57,0.07729861441211229
19.580000000000002,0.0762955077075267
19.59,0.07529240100294148
19.6,0.07428929429835589
19.61,0.07348149383387938
19.62,0.07300631146122924
19.63,0.07253112908857927
19.64,0.07205594671592912
19.650000000000002,0.07158076434327898
19.66,0.071105581970629
19.67,0.07063039959797886
19.68,0.07015521722532889
19.69,0.06968003485267873
19.7,0.06920485248002876
19.71,0.06872967010737863
19.72,0.06825448773472866
19.73,0.06820456886387166
19.740000000000002,0.06849129786827665
19.75,0.06877802687268154
19.76,0.06906475587708653
19.77,0.06935148488149141
19.78,0.0696382138858964
19.79,0.0699249428903013
19.8,0.07021167189470628
19.81,0.07049840089911118
19.82,0.07078512990351617
19.830000000000002,0.07107185890792116
19.84,0.07135858791232604
19.85,0.07189390184902553
19.86,0.07284782106702557
19.87,0.07380174028502595
19.88,0.074755659503026
19.89,0.07570957872102639
19.900000000000002,0.07666349793902677
19.91,0.07761741715702683
19.92,0.07857133637502721
19.93,0.07952525559302726
19.94,0.08047917481102765
19.95,0.0814330940290277
19.96,0.08238701324702807
19.97,0.08351568550864044
19.98,0.0849089447842844
19.990000000000002,0.08630220405992836
20.0,0.08769546333557182
20.01,0.08908872261121578
20.02,0.09048198188685924
20.03,0.0918752411625032
20.04,0.09326850043814666
20.05,0.09466175971379062
20.06,0.09605501898943408
20.07,0.09744827826507804
20.080000000000002,0.09884153754072199
20.09,0.10024828380251824
20.1,0.10166629860383868
20.11,0.10308431340515861
20.12,0.10450232820647906
20.13,0.105920343007799
20.14,0.10733835780911945
20.150000000000002,0.10875637261043988
20.16,0.11017438741175983
20.17,0.11159240221308027
20.18,0.1130104170144002
20.19,0.11442843181572065
20.2,0.11584644661704059
20.21,0.11726446141836104
20.22,0.11868247621968098
20.23,0.12034453414277654
20.240000000000002,0.12202283070667291
20.25,0.1237011272705687
20.26,0.12537942383446507
20.27,0.12705772039836086
20.28,0.12873601696225723
20.29,0.13041431352615301
20.3,0.13209261009004938
20.31,0.13377090665394517
20.32,0.13544920321784154
20.330000000000002,0.1371274997817379
20.34,0.1388057963456337
20.35,0.14054384347776186
20.36,0.14231997783588546
20.37,0.1440961121940097
20.38,0.1458722465521333
20.39,0.1476483809102575
20.400000000000002,0.14942451526838174
20.41,0.1512006496265053
20.42,0.15297678398462955
20.43,0.15475291834275315
20.44,0.15652905270087736
20.45,0.15830518705900096
20.46,0.16008132141712517
20.47,0.16180517797278707
20.48,0.163499596586946
20.490000000000002,0.1651940152011049
20.5,0.16688843381526325
20.51,0.16858285242942217
20.52,0.17027727104358048
20.53,0.1719716896577394
20.54,0.17366610827189774
20.55,0.17536052688605666
20.56,0.177054945500215
20.57,0.17874936411437392
20.580000000000002,0.18044378272853284
20.59,0.18214032864042226
20.6,0.1839262577069545
20.61,0.18571218677348614
20.62,0.18749811584001838
20.63,0.18928404490655
20.64,0.19106997397308226
20.650000000000002,0.1928559030396145
20.66,0.19464183210614613
20.67,0.19642776117267838
20.68,0.19821369023920998
20.69,0.19999961930574225
20.7,0.20178554837227386
20.71,0.20357227440281223
20.72,0.20536249361935027
20.73,0.20715271283588896
20.740000000000002,0.20894293205242767
20.75,0.21073315126896572
20.76,0.2125233704855044
20.77,0.21431358970204248
20.78,0.21610380891858116
20.79,0.2178940281351192
20.8,0.21968424735165792
20.81,0.22147446656819597
20.82,0.22326468578473466
20.830000000000002,0.22496561779100388
20.84,0.22660973761779565
20.85,0.228253857444588
20.86,0.22989797727137978
20.87,0.23154209709817214
20.88,0.23318621692496388
20.89,0.23483033675175624
20.900000000000002,0.2364744565785486
20.91,0.23811857640534037
20.92,0.23976269623213273
20.93,0.2414068160589245
20.94,0.24305093588571686
20.95,0.24463238552200195
20.96,0.24611550367710858
20.97,0.2475986218322147
20.98,0.24908173998732133
20.990000000000002,0.25056485814242796
21.0,0.25204797629753406
21.01,0.2535310944526407
21.02,0.2550142126077468
21.03,0.25649733076285347
21.04,0.25798044891795957
21.05,0.2594635670730662
21.06,0.2609466852281723
21.07,0.262429803383279
21.080000000000002,0.2638559992358018
21.09,0.26516472559267756
21.1,0.2664734519495539
21.11,0.26778217830642975
21.12,0.26909090466330604
21.13,0.2703996310201819
21.14,0.2717083573770582
21.150000000000002,0.2730170837339345
21.16,0.27432581009081036
21.17,0.27563453644768665
21.18,0.2769432628045625
21.19,0.2782519891614388
21.2,0.27956071551831463
21.21,0.2808694418751909
21.22,0.2821764724049132
21.23,0.28347566795377693
21.240000000000002,0.28477486350264064
21.25,0.28607405905150385
21.26,0.28737325460036756
21.27,0.2886724501492308
21.28,0.2899716456980945
21.29,0.29127084124695773
21.3,0.29257003679582144
21.31,0.2938692323446847
21.32,0.2951684278935484
21.330000000000002,0.2964676234424121
21.34,0.29776681899127533
21.35,0.29906601454013904
21.36,0.3003037119947603
21.37,0.3015069555419532
21.38,0.30271019908914576
21.39,0.3039134426363387
21.400000000000002,0.3051166861835316
21.41,0.30631992973072414
21.42,0.30752317327791706
21.43,0.3087264168251096
21.44,0.3099296603723025
21.45,0.31113290391949505
21.46,0.312336147466688
21.47,0.3135393910138805
21.48,0.31474263456107343
21.490000000000002,0.31594587810826635
21.5,0.31712673655701346
21.51,0.3183040424347007
21.52,0.31948134831238756
21.53,0.32065865419007483
21.54,0.32183596006776166
21.55,0.32301326594544894
21.56,0.32419057182313576
21.57,0.32536787770082304
21.580000000000002,0.3265451835785103
21.59,0.3277224894561972
21.6,0.3288997953338844
21.61,0.3300771012115713
21.62,0.3312544070892586
21.63,0.33238428339420084
21.64,0.33349388156632415
21.650000000000002,0.33460347973844745
21.66,0.3357130779105703
21.67,0.3368226760826936
21.68,0.3379322742548165
21.69,0.3390418724269398
21.7,0.3401514705990627
21.71,0.34126106877118595
21.72,0.34237066694330887
21.73,0.3434802651154321
21.740000000000002,0.3445898632875554
21.75,0.34569946145967834
21.76,0.34663874490414137
21.77,0.347517803785966
21.78,0.34839686266779085
21.79,0.34927592154961545
21.8,0.35015498043144033
21.81,0.35103403931326493
21.82,0.3519130981950898
21.830000000000002,0.3527921570769147
21.84,0.3536712159587393
21.85,0.3545502748405642
21.86,0.3554293337223888
21.87,0.35630839260421365
21.88,0.35718745148603825
21.89,0.35806651036786313
21.900000000000002,0.358945569249688
21.91,0.3597325595078438
21.92,0.36048793514003397
21.93,0.36124331077222394
21.94,0.3619986864044141
21.95,0.3627540620366041
21.96,0.3635094376687943
21.97,0.3642648133009842
21.98,0.36502018893317445
21.990000000000002,0.36577556456536464
22.0,0.36653094019755456
22.01,0.3672863158297448
22.02,0.3680416914619347
22.03,0.36879706709412496
22.04,0.3695524427263149
22.05,0.37030781835850507
22.06,0.37106319399069504
22.07,0.37187136136542837
22.080000000000002,0.3726870393361197
22.09,0.37350271730681067
22.1,0.374318395277502
22.11,0.37513407324819303
22.12,0.37594975121888435
22.13,0.3767654291895754
22.14,0.3775811071602667
22.150000000000002,0.37839678513095804
22.16,0.3792124631016491
22.17,0.3800281410723404
22.18,0.3808438190430314
22.19,0.3816594970137227
22.2,0.38243517509977343
22.21,0.3831982012545835
22.22,0.38396122740939326
22.23,0.3847242535642033
22.240000000000002,0.38548727971901336
22.25,0.3862503058738232
22.26,0.38701333202863325
22.27,0.387776358183443
22.28,0.3885393843382531
22.29,0.38930241049306286
22.3,0.3900654366478729
22.31,0.39082846280268274
22.32,0.3915547966107055
22.330000000000002,0.3922194565567522
22.34,0.3928841165027987
22.35,0.39354877644884545
22.36,0.3942134363948919
22.37,0.3948780963409386
22.38,0.3955427562869851
22.39,0.3962074162330318
22.400000000000002,0.39687207617907855
22.41,0.397536736125125
22.42,0.3982013960711717
22.43,0.3988660560172182
22.44,0.3994980531522453
22.45,0.39998849127624847
22.46,0.40047892940025187
22.47,0.40096936752425505
22.48,0.4014598056482584
22.490000000000002,0.40195024377226174
22.5,0.4024406818962649
22.51,0.4029311200202683
22.52,0.4034215581442715
22.53,0.40391199626827484
22.54,0.404402434392278
22.55,0.40489287251628137
22.56,0.4053833106402846
22.57,0.40587374876428794
22.580000000000002,0.40634286065079567
22.59,0.40676679373537966
22.6,0.4071907268199638
22.61,0.40761465990454776
22.62,0.4080385929891319
22.63,0.40846252607371586
22.64,0.4088864591583
22.650000000000002,0.4093103922428841
22.66,0.4097343253274681
22.67,0.4101582584120522
22.68,0.4105821914966362
22.69,0.4110061245812203
22.7,0.4114300576658043
22.71,0.4117885272340126
22.72,0.41209594783720305
22.73,0.41240336844039355
22.740000000000002,0.4127107890435841
22.75,0.41301820964677455
22.76,0.41332563024996505
22.77,0.4136330508531555
22.78,0.41394047145634605
22.79,0.41424789205953644
22.8,0.414555312662727
22.81,0.41486273326591744
22.82,0.41517015386910794
22.830000000000002,0.4154775744722985
22.84,0.41575680177025864
22.85,0.4159707425008298
22.86,0.41618468323140095
22.87,0.41639862396197214
22.88,0.4166125646925432
22.89,0.4168265054231144
22.900000000000002,0.4170404461536856
22.91,0.4172543868842567
22.92,0.4174683276148279
22.93,0.417682268345399
22.94,0.4178962090759702
22.95,0.4181101498065413
22.96,0.4183240905371125
22.97,0.4184427307778685
22.98,0.4185441957445229
22.990000000000002,0.41864566071117737
23.0,0.41874712567783173
23.01,0.4188485906444862
23.02,0.4189500556111406
23.03,0.41905152057779504
23.04,0.41915298554444946
23.05,0.4192544505111039
23.06,0.4193559154777583
23.07,0.4194573804444127
23.080000000000002,0.4195588454110672
23.09,0.4196493355578979
23.1,0.4196405428254881
23.11,0.41963175009307835
23.12,0.4196229573606686
23.13,0.41961416462825885
23.14,0.41960537189584907
23.150000000000002,0.4195965791634393
23.16,0.41958778643102956
23.17,0.4195789936986198
23.18,0.41957020096621
23.19,0.4195614082338002
23.2,0.4195526155013905
23.21,0.4195438227689807
23.22,0.41945500977051314
23.23,0.41934121066247415
23.240000000000002,0.4192274115544351
23.25,0.41911361244639617
23.26,0.4189998133383572
23.27,0.4188860142303182
23.28,0.4187722151222792
23.29,0.4186584160142402
23.3,0.4185446169062012
23.31,0.4184308177981622
23.32,0.4183170186901232
23.330000000000002,0.41820321958208423
23.34,0.41808942047404524
23.35,0.4178804931214917
23.36,0.4176601141100291
23.37,0.41743973509856647
23.38,0.41721935608710387
23.39,0.41699897707564115
23.400000000000002,0.4167785980641785
23.41,0.4165582190527159
23.42,0.4163378400412532
23.43,0.4161174610297906
23.44,0.4158970820183279
23.45,0.4156767030068653
23.46,0.4154563239954026
23.47,0.41522712709907744
23.48,0.4149080175069061
23.490000000000002,0.4145889079147348
23.5,0.41426979832256355
23.51,0.4139506887303922
23.52,0.41363157913822096
23.53,0.41331246954604967
23.54,0.4129933599538784
23.55,0.4126742503617071
23.56,0.41235514076953583
23.57,0.41203603117736454
23.580000000000002,0.4117169215851932
23.59,0.41139781199302194
23.6,0.41107027377224087
23.61,0.41065194255954224
23.62,0.41023361134684355
23.63,0.4098152801341449
23.64,0.40939694892144624
23.650000000000002,0.4089786177087475
23.66,0.4085602864960489
23.67,0.4081419552833502
23.68,0.4077236240706516
23.69,0.40730529285795286
23.7,0.4068869616452543
23.71,0.40646863043255554
23.72,0.40605029921985697
23.73,0.40562956005047707
23.740000000000002,0.4051461373165566
23.75,0.40466271458263625
23.76,0.40417929184871576
23.77,0.40369586911479544
23.78,0.40321244638087494
23.79,0.4027290236469546
23.8,0.40224560091303413
23.81,0.4017621781791138
23.82,0.40127875544519337
23.830000000000002,0.4007953327112729
23.84,0.40031190997735255
23.85,0.39982848724343206
23.86,0.39934506450951174
23.87,0.3988582312647053
23.88,0.39825841122540784
23.89,0.39765859118611013
23.900000000000002,0.39705877114681243
23.91,0.39645895110751495
23.92,0.39585913106821724
23.93,0.39525931102891976
23.94,0.39465949098962205
23.95,0.39405967095032457
23.96,0.39345985091102686
23.97,0.3928600308717294
23.98,0.3922602108324317
23.990000000000002,0.391660390793134
24.0,0.3910605707538365
24.01,0.39039029799166486
24.02,0.3896733377279292
24.03,0.38895637746419337
24.04,0.38823941720045774
24.05,0.3875224569367218
24.060000000000002,0.3868054966729859
24.07,0.3860885364092503
24.080000000000002,0.3853715761455144
24.09,0.3846546158817788
24.1,0.3839376556180429
24.11,0.38322069535430725
24.12,0.3825037350905714
24.13,0.38178677482683576
24.14,0.38102727718920526
24.150000000000002,0.38023192947388484
24.16,0.37943658175856465
24.17,0.37864123404324423
24.18,0.37784588632792404
24.19,0.3770505386126036
24.2,0.37625519089728343
24.21,0.375459843181963
24.22,0.3746644954666428
24.23,0.3738691477513224
24.240000000000002,0.373073800036002
24.25,0.3722784523206818
24.26,0.3714831046053614
24.27,0.37068566896827576
24.28,0.36987746007775557
24.29,0.36906925118723566
24.3,0.36826104229671547
24.310000000000002,0.3674528334061953
24.32,0.36664462451567537
24.330000000000002,0.3658364156251552
24.34,0.36502820673463526
24.35,0.3642199978441151
24.36,0.3634117889535952
24.37,0.362603580063075
24.38,0.3617953711725551
24.39,0.3609871622820349
24.400000000000002,0.36017895339151473
24.41,0.3593707445009948
24.42,0.3584886339157531
24.43,0.3574660144877292
24.44,0.35644339505970496
24.45,0.3554207756316811
24.46,0.3543981562036569
24.47,0.353375536775633
24.48,0.35235291734760876
24.490000000000002,0.35133029791958453
24.5,0.3503076784915607
24.51,0.34928505906353646
24.52,0.3482624396355126
24.53,0.3472398202074884
24.54,0.3462172007794645
24.55,0.3451963810641303
24.560000000000002,0.3441787210647825
24.57,0.343161061065435
24.580000000000002,0.34214340106608715
24.59,0.34112574106673965
24.6,0.3401080810673918
24.61,0.3390904210680443
24.62,0.3380727610686965
24.63,0.337055101069349
24.64,0.33603744107000116
24.650000000000002,0.33501978107065333
24.66,0.33400212107130584
24.67,0.332984461071958
24.68,0.3319668010726105
24.69,0.3309491410732627
24.7,0.3297199257220619
24.71,0.3284871981234031
24.72,0.3272544705247448
24.73,0.32602174292608604
24.740000000000002,0.32478901532742727
24.75,0.323556287728769
24.76,0.3223235601301102
24.77,0.3210908325314519
24.78,0.31985810493279315
24.79,0.3186253773341348
24.8,0.31739264973547604
24.810000000000002,0.3161599221368173
24.82,0.31492163764901615
24.830000000000002,0.3135872476132856
24.84,0.31225285757755555
24.85,0.310918467541825
24.86,0.30958407750609496
24.87,0.3082496874703644
24.88,0.30691529743463436
24.89,0.3055809073989038
24.900000000000002,0.30424651736317326
24.91,0.3029121273274432
24.92,0.30157773729171267
24.93,0.3002433472559826
24.94,0.29890895722025207
24.95,0.29755918081221405
24.96,0.29606461767475356
24.97,0.2945700545372936
24.98,0.2930754913998332
24.990000000000002,0.2915809282623727
25.0,0.29008636512491276
25.01,0.2885918019874523
25.02,0.2870972388499924
25.03,0.2856026757125319
25.04,0.28410811257507196
25.05,0.2826135494376115
25.060000000000002,0.28111898630015103
25.07,0.2796244231626911
25.080000000000002,0.2780599317101796
25.09,0.2764607049889346
25.1,0.27486147826768903
25.11,0.273262251546444
25.12,0.2716630248251984
25.13,0.27006379810395337
25.14,0.2684645713827078
25.150000000000002,0.26686534466146217
25.16,0.26526611794021715
25.17,0.2636668912189716
25.18,0.26206766449772656
25.19,0.26046843777648093
25.2,0.25885031133806
25.21,0.25717296104424076
25.22,0.255495610750422
25.23,0.2538182604566027
25.240000000000002,0.2521409101627834
25.25,0.2504635598689647
25.26,0.24878620957514536
25.27,0.24710885928132664
25.28,0.24543150898750732
25.29,0.2437541586936886
25.3,0.24207680839986928
25.310000000000002,0.24039945810604996
25.32,0.23872210781223124
25.330000000000002,0.23702576247352336
25.34,0.23532036616384094
25.35,0.23361496985415794
25.36,0.23190957354447556
25.37,0.23020417723479256
25.38,0.22849878092511017
25.39,0.22679338461542717
25.400000000000002,0.22508798830574417
25.41,0.22338259199606175
25.42,0.22167719568637875
25.43,0.21997179937669636
25.44,0.21826640306701336
25.45,0.21656100675733098
25.46,0.21484097491164297
25.47,0.21311463492157595
25.48,0.2113882949315083
25.490000000000002,0.20966195494144066
25.5,0.20793561495137364
25.51,0.20620927496130598
25.52,0.20448293497123896
25.53,0.2027565949811713
25.54,0.20103025499110427
25.55,0.1993039150010366
25.560000000000002,0.19757757501096898
25.57,0.19585123502090196
25.580000000000002,0.1941248950308343
25.59,0.19224001428742424
25.6,0.19024561213823546
25.61,0.18825120998904737
25.62,0.1862568078398586
25.63,0.1842624056906705
25.64,0.18226800354148173
25.650000000000002,0.18027360139229295
25.66,0.17827919924310487
25.67,0.1762847970939161
25.68,0.174290394944728
25.69,0.17229599279553923
25.7,0.17030159064635114
25.71,0.16844913927283434
25.72,0.16659894974448464
25.73,0.1647487602161343
25.740000000000002,0.16289857068778396
25.75,0.16104838115943426
25.76,0.15919819163108392
25.77,0.15734800210273425
25.78,0.1554978125743839
25.79,0.15364762304603422
25.8,0.15179743351768388
25.810000000000002,0.1499472439893335
25.82,0.14809705446098384
25.830000000000002,0.1462136049912745
25.84,0.1442238087659934
25.85,0.14223401254071158
25.86,0.14024421631543046
25.87,0.13825442009014866
25.88,0.13626462386486754
25.89,0.13427482763958573
25.900000000000002,0.13228503141430392
25.91,0.1302952351890228
25.92,0.128305438963741
25.93,0.12631564273845988
25.94,0.12432584651317807
25.95,0.12234111629368397
25.96,0.12037255587608708
25.97,0.1184039954584909
25.98,0.11643543504089401
25.990000000000002,0.11446687462329713
26.0,0.11249831420570094
26.01,0.11052975378810406
26.02,0.10856119337050787
26.03,0.10659263295291099
26.04,0.10462407253531482
26.05,0.10265551211771794
26.060000000000002,0.10068695170012104
26.07,0.0987215039724521
26.080000000000002,0.09678639506658036
26.09,0.09485128616070933
26.1,0.0929161772548376
26.11,0.09098106834896655
26.12,0.08904595944309482
26.13,0.08711085053722377
26.14,0.08517574163135204
26.150000000000002,0.08324063272548031
26.16,0.08130552381960926
26.17,0.07937041491373753
26.18,0.0774353060078665
26.19,0.07550019710199476
26.2,0.07363127499084116
26.21,0.07176641904365748
26.22,0.06990156309647448
26.23,0.0680367071492908
26.240000000000002,0.06617185120210714
26.25,0.06430699525492413
26.26,0.06244213930774046
26.27,0.060577283360557455
26.28,0.05871242741337378
26.29,0.05684757146619077
26.3,0.0549827155190071
26.310000000000002,0.05315483708644986
26.32,0.05180840426751597
26.330000000000002,0.05046197144858161
26.34,0.04911553862964772
26.35,0.047769105810713364
26.36,0.046422672991779476
26.37,0.04507624017284512
26.38,0.04372980735391123
26.39,0.04238337453497687
26.400000000000002,0.0410369417160425
26.41,0.03969050889710862
26.42,0.038344076078174257
26.43,0.036997643259240376
26.44,0.03565121044030601
26.45,0.03526147324636878
26.46,0.03493358774575522
26.47,0.03460570224514177
26.48,0.034277816744528206
26.490000000000002,0.03394993124391464
26.5,0.033622045743301195
26.51,0.03329416024268763
26.52,0.032966274742074184
26.53,0.03263838924146062
26.54,0.03231050374084717
26.55,0.03198261824023361
26.560000000000002,0.031654732739620044
26.57,0.0313268472390066
26.580000000000002,0.0316785702206744
26.59,0.032624850124541444
26.6,0.03357113002840883
26.61,0.03451740993227588
26.62,0.03546368983614326
26.63,0.03640996974001031
26.64,0.037356249643877695
26.650000000000002,0.03830252954774507
26.66,0.039248809451612125
26.67,0.04019508935547951
26.68,0.041141369259346555
26.69,0.04208764916321394
26.7,0.04303392906708099
26.71,0.044008472889068756
26.72,0.045574128684457996
26.73,0.04713978447984779
26.740000000000002,0.04870544027523759
26.75,0.05027109607062683
26.76,0.05183675186601663
26.77,0.05340240766140587
26.78,0.05496806345679567
26.79,0.05653371925218491
26.8,0.0580993750475747
26.810000000000002,0.0596650308429645
26.82,0.061230686638353744
26.830000000000002,0.06279634243374355
26.84,0.06436852581735476
26.85,0.06596086429857037
26.86,0.06755320277978542
26.87,0.06914554126100105
26.88,0.0707378797422161
26.89,0.07233021822343172
26.900000000000002,0.07392255670464733
26.91,0.07551489518586238
26.92,0.077107233667078
26.93,0.07869957214829305
26.94,0.08029191062950868
26.95,0.08188424911072373
26.96,0.08347658759193935
26.97,0.08506892607315439
26.98,0.08668521928781836
26.990000000000002,0.08833054657312683
27.0,0.08997587385843471
27.01,0.09162120114374318
27.02,0.09326652842905107
27.03,0.09491185571435953
27.04,0.09655718299966742
27.05,0.0982025102849759
27.060000000000002,0.09984783757028436
27.07,0.10149316485559225
27.080000000000002,0.1031384921409007
27.09,0.1047838194262086
27.1,0.10642914671151707
27.11,0.10807447399682496
27.12,0.10981905622732839
27.13,0.1115787742646479
27.14,0.11333849230196803
27.150000000000002,0.11509821033928816
27.16,0.11685792837660766
27.17,0.11861764641392779
27.18,0.12037736445124729
27.19,0.12213708248856743
27.2,0.12389680052588693
27.21,0.12565651856320706
27.22,0.12741623660052656
27.23,0.1291759546378467
27.240000000000002,0.13092894451292625
27.25,0.13266625618816275
27.26,0.13440356786339988
27.27,0.13614087953863638
27.28,0.13787819121387349
27.29,0.13961550288910998
27.3,0.1413528145643471
27.310000000000002,0.14309012623958423
27.32,0.14482743791482072
27.330000000000002,0.14656474959005783
27.34,0.14830206126529433
27.35,0.15003937294053143
27.36,0.15177668461576793
27.37,0.15342691200322722
27.38,0.15506006014381232
27.39,0.156693208284398
27.400000000000002,0.1583263564249837
27.41,0.1599595045655688
27.42,0.16159265270615444
27.43,0.16322580084673954
27.44,0.16485894898732523
27.45,0.16649209712791033
27.46,0.168125245268496
27.47,0.1697583934090811
27.48,0.17139154154966676
27.490000000000002,0.17302468969025245
27.5,0.1746635815122893
27.51,0.1763025229340831
27.52,0.17794146435587635
27.53,0.17958040577767018
27.54,0.18121934719946342
27.55,0.18285828862125722
27.560000000000002,0.18449723004305105
27.57,0.1861361714648443
27.580000000000002,0.1877751128866381
27.59,0.18941405430843133
27.6,0.19105299573022516
27.61,0.19269193715201838
27.62,0.19435800467596057
27.63,0.19603941682138537
27.64,0.19772082896681079
27.650000000000002,0.19940224111223617
27.66,0.20108365325766098
27.67,0.2027650654030864
27.68,0.2044464775485112
27.69,0.2061278896939366
27.7,0.20780930183936142
27.71,0.2094907139847868
27.72,0.2111721261302116
27.73,0.21284165688411558
27.740000000000002,0.21441998555019193
27.75,0.21599831421626772
27.76,0.2175766428823441
27.77,0.2191549715484199
27.78,0.22073330021449625
27.79,0.22231162888057204
27.8,0.2238899575466484
27.810000000000002,0.22546828621272474
27.82,0.22704661487880054
27.830000000000002,0.2286249435448769
27.84,0.2302032722109527
27.85,0.2317157501077595
27.86,0.2331269493804723
27.87,0.23453814865318562
27.88,0.23594934792589844
27.89,0.23736054719861177
27.900000000000002,0.23877174647132507
27.91,0.2401829457440379
27.92,0.24159414501675122
27.93,0.24300534428946402
27.94,0.24441654356217735
27.95,0.24582774283489017
27.96,0.2472389421076035
27.97,0.2486501413803163
27.98,0.2500532994038949
27.990000000000002,0.25145629345347387
28.0,0.2528592875030523
28.01,0.2542622815526313
28.02,0.25566527560220975
28.03,0.2570682696517887
28.04,0.2584712637013672
28.05,0.25987425775094614
28.060000000000002,0.2612772518005251
28.07,0.2626802458501036
28.080000000000002,0.2640832398996825
28.09,0.2654631215665816
28.1,0.2667384231763682
28.11,0.2680137247861543
28.12,0.26928902639594093
28.13,0.27056432800572705
28.14,0.27183962961551367
28.150000000000002,0.2731149312253003
28.16,0.2743902328350864
28.17,0.275665534444873
28.18,0.27694083605465913
28.19,0.27821613766444575
28.2,0.27949143927423187
28.21,0.28076852823587517
28.22,0.2821231665076403
28.23,0.28347780477940593
28.240000000000002,0.28483244305117156
28.25,0.2861870813229367
28.26,0.28754171959470226
28.27,0.28889635786646745
28.28,0.290250996138233
28.29,0.29160563440999815
28.3,0.2929602726817638
28.310000000000002,0.2943149109535294
28.32,0.29558653922604894
28.330000000000002,0.29668931462200965
28.34,0.2977920900179699
28.35,0.29889486541393057
28.36,0.29999764080989083
28.37,0.30110041620585154
28.38,0.3022031916018118
28.39,0.30330596699777246
28.400000000000002,0.30440874239373317
28.41,0.30551151778969343
28.42,0.3066142931856541
28.43,0.3077170685816144
28.44,0.30878963932441184
28.45,0.3097301278534111
28.46,0.31067061638241067
28.47,0.31161110491141
28.48,0.31255159344040956
28.490000000000002,0.31349208196940914
28.5,0.3144325704984084
28.51,0.31537305902740803
28.52,0.3163135475564073
28.53,0.31725403608540687
28.54,0.31819452461440617
28.55,0.31913501314340575
28.560000000000002,0.32007550167240534
28.57,0.32101004277882456
28.580000000000002,0.3218608895992809
28.59,0.3227117364197369
28.6,0.32356258324019316
28.61,0.32441343006064915
28.62,0.32526427688110543
28.63,0.3261151237015614
28.64,0.3269659705220177
28.650000000000002,0.327816817342474
28.66,0.32866766416293
28.67,0.32951851098338625
28.68,0.33036935780384225
28.69,0.3312202046242986
28.7,0.3320710514447545
28.71,0.3329408846174305
28.72,0.3338134147396665
28.73,0.3346859448619029
28.740000000000002,0.33555847498413927
28.75,0.3364310051063753
28.76,0.3373035352286117
28.77,0.3381760653508477
28.78,0.3390485954730841
28.79,0.3399211255953202
28.8,0.3407936557175565
28.810000000000002,0.34166618583979286
28.82,0.3425117349431805
28.830000000000002,0.3432736278558607
28.84,0.34403552076854066
28.85,0.34479741368122085
28.86,0.3455593065939008
28.87,0.346321199506581
28.88,0.34708309241926094
28.89,0.34784498533194114
28.900000000000002,0.3486068782446214
28.91,0.3493687711573013
28.92,0.3501306640699815
28.93,0.3508925569826615
28.94,0.3515769861266791
28.95,0.3521459390907711
28.96,0.3527148920548633
28.97,0.35328384501895527
28.98,0.3538527979830475
28.990000000000002,0.3544217509471397
29.0,0.35499070391123166
29.01,0.35555965687532387
29.02,0.35612860983941586
29.03,0.35669756280350806
29.04,0.35726651576760005
29.05,0.35783546873169225
29.060000000000002,0.3584044216957844
29.07,0.35897337465987644
29.080000000000002,0.35950565478248653
29.09,0.35999287171260175
29.1,0.36048008864271713
29.11,0.36096730557283235
29.12,0.36145452250294774
29.13,0.36194173943306296
29.14,0.3624289563631784
29.150000000000002,0.3629161732932938
29.16,0.363403390223409
29.17,0.3638906071535244
29.18,0.3643778240836396
29.19,0.364865041013755
29.2,0.3653522579438703
29.21,0.36583947487398566
29.22,0.3662888119825796
29.23,0.3666971050872107
29.240000000000002,0.36710539819184174
29.25,0.36751369129647266
29.26,0.36792198440110374
29.27,0.36833027750573466
29.28,0.36873857061036575
29.29,0.36914686371499666
29.3,0.3695551568196277
29.310000000000002,0.3699634499242588
29.32,0.3703717430288897
29.330000000000002,0.3707800361335208
29.34,0.3711883292381517
29.35,0.37159662234278273
29.36,0.37197068707492353
29.37,0.37230643702038374
29.38,0.37264218696584384
29.39,0.372977936911304
29.400000000000002,0.3733136868567642
29.41,0.3736494368022243
29.42,0.3739851867476845
29.43,0.37432093669314453
29.44,0.37465668663860474
29.45,0.37499243658406484
29.46,0.37532818652952504
29.47,0.3756639364749851
29.48,0.3759996864204453
29.490000000000002,0.3763354363659055
29.5,0.3766238753782226
29.51,0.3768998678763568
29.52,0.37717586037449086
29.53,0.377451852872625
29.54,0.37772784537075904
29.55,0.37800383786889324
29.560000000000002,0.3782798303670274
29.57,0.37855582286516143
29.580000000000002,0.3788318153632956
29.59,0.37910780786142967
29.6,0.3793838003595638
29.61,0.37965979285769785
29.62,0.37992705360709345
29.63,0.3801003087714091
29.64,0.38027356393572476
29.650000000000002,0.38044681910004047
29.66,0.3806200742643561
29.67,0.3807933294286718
29.68,0.38096658459298743
29.69,0.3811398397573031
29.7,0.38131309492161874
29.71,0.3814863500859344
29.72,0.38165960525025006
29.73,0.3818328604145657
29.740000000000002,0.3820061155788814
29.75,0.3821793707431971
29.76,0.3823294867427719
29.77,0.38243499482555554
29.78,0.3825405029083392
29.79,0.38264601099112283
29.8,0.3827515190739065
29.810000000000002,0.3828570271566902
29.82,0.38296253523947377
29.830000000000002,0.38306804332225747
29.84,0.38317355140504106
29.85,0.38327905948782476
29.86,0.3833845675706084
29.87,0.38349007565339205
29.88,0.38359263320132786
29.89,0.38360747973307185
29.900000000000002,0.38362232626481585
29.91,0.38363717279655984
29.92,0.38365201932830384
29.93,0.38366686586004783
29.94,0.38368171239179183
29.95,0.38369655892353577
29.96,0.38371140545527976
29.97,0.38372625198702376
29.98,0.38374109851876775
29.990000000000002,0.38375594505051175
30.0,0.38377079158225574
30.01,0.38373673125743935
30.02,0.38366102806545016
30.03,0.383585324873461
30.04,0.38350962168147185
30.05,0.38343391848948266
30.060000000000002,0.3833582152974935
30.07,0.3832825121055043
30.080000000000002,0.3832068089135151
30.09,0.3831311057215259
30.1,0.38305540252953674
30.11,0.3829796993375476
30.12,0.3829039961455584
30.13,0.3827611742627499
30.14,0.38260186130723783
30.150000000000002,0.38244254835172575
30.16,0.3822832353962137
30.17,0.38212392244070165
30.18,0.38196460948518957
30.19,0.3818052965296775
30.2,0.38164598357416546
30.21,0.3814866706186534
30.22,0.38132735766314135
30.23,0.3811680447076292
30.240000000000002,0.38100873175211714
30.25,0.38082576920675715
30.26,0.380578618418489
30.27,0.3803314676302209
30.28,0.3800843168419528
30.29,0.3798371660536847
30.3,0.3795900152654166
30.310000000000002,0.37934286447714843
30.32,0.3790957136888804
30.330000000000002,0.37884856290061225
30.34,0.3786014121123442
30.35,0.37835426132407607
30.36,0.378107110535808
30.37,0.37785995974753983
30.38,0.3775399838934365
30.39,0.37720824024147126
30.400000000000002,0.37687649658950606
30.41,0.3765447529375409
30.42,0.3762130092855757
30.43,0.3758812656336106
30.44,0.3755495219816454
30.45,0.37521777832968023
30.46,0.37488603467771503
30.47,0.3745542910257499
30.48,0.3742225473737847
30.490000000000002,0.37389080372181943
30.5,0.37353794117852757
30.51,0.37314204242307253
30.52,0.37274614366761766
30.53,0.3723502449121627
30.54,0.37195434615670775
30.55,0.37155844740125277
30.560000000000002,0.37116254864579773
30.57,0.37076664989034286
30.580000000000002,0.3703707511348878
30.59,0.36997485237943295
30.6,0.36957895362397797
30.61,0.3691830548685231
30.62,0.36878715611306806
30.63,0.36837310323182704
30.64,0.36787556998411175
30.650000000000002,0.3673780367363965
30.66,0.36688050348868145
30.67,0.36638297024096617
30.68,0.3658854369932511
30.69,0.3653879037455358
30.7,0.36489037049782075
30.71,0.36439283725010546
30.72,0.3638953040023904
30.73,0.3633977707546751
30.740000000000002,0.3629002375069599
30.75,0.3624027042592448
30.76,0.3618593099905458
30.77,0.3612852980640251
30.78,0.3607112861375042
30.79,0.3601372742109835
30.8,0.3595632622844626
30.810000000000002,0.3589892503579417
30.82,0.35841523843142103
30.830000000000002,0.35784122650490013
30.84,0.35726721457837946
30.85,0.35669320265185855
30.86,0.3561191907253379
30.87,0.355545178798817
30.88,0.3549711668722963
30.89,0.3543205803309105
30.900000000000002,0.35366706744672416
30.91,0.353013554562538
30.92,0.35236004167835167
30.93,0.35170652879416553
30.94,0.35105301590997917
30.95,0.35039950302579304
30.96,0.3497459901416066
30.970000000000002,0.34909247725742026
30.98,0.34843896437323413
30.990000000000002,0.34778545148904777
31.0,0.34713193860486163
31.01,0.3464306943074562
31.02,0.34564549856948396
31.03,0.3448603028315114
31.04,0.34407510709353917
31.05,0.34328991135556663
31.060000000000002,0.3425047156175941
31.07,0.3417195198796218
31.080000000000002,0.34093432414164926
31.09,0.340149128403677
31.1,0.33936393266570447
31.11,0.3385787369277322
31.12,0.3377935411897597
31.13,0.33705138263887213
31.14,0.3363260532070904
31.150000000000002,0.33560072377530864
31.16,0.3348753943435271
31.17,0.33415006491174537
31.18,0.3334247354799638
31.19,0.33269940604818204
31.2,0.33197407661640055
31.21,0.3312487471846188
31.220000000000002,0.330523417752837
31.23,0.3297980883210555
31.240000000000002,0.32907275888927373
31.25,0.32834742945749223
31.26,0.32762210002571046
31.27,0.3268476657644433
31.28,0.3260676228698765
31.29,0.32528757997531
31.3,0.32450753708074326
31.310000000000002,0.32372749418617647
31.32,0.32294745129160995
31.330000000000002,0.3221674083970432
31.34,0.3213873655024767
31.35,0.3206073226079099
31.36,0.3198272797133434
31.37,0.31904723681877667
31.38,0.31826719392421016
31.39,0.31748715102964337
31.400000000000002,0.31670634392853136
31.41,0.31588010168413283
31.42,0.315053859439734
31.43,0.3142276171953355
31.44,0.3134013749509367
31.45,0.3125751327065382
31.46,0.3117488904621394
31.470000000000002,0.31092264821774057
31.48,0.31009640597334204
31.490000000000002,0.3092701637289432
31.5,0.30844392148454475
31.51,0.30761767924014594
31.52,0.3067914369957474
31.53,0.3059651947513486
31.54,0.3051389525069501
31.55,0.3041705734420949
31.560000000000002,0.3031996343720612
31.57,0.3022286953020279
31.580000000000002,0.3012577562319942
31.59,0.3002868171619609
31.6,0.29931587809192717
31.61,0.29834493902189385
31.62,0.29737399995186015
31.63,0.29640306088182683
31.64,0.2954321218117931
31.650000000000002,0.2944611827417594
31.66,0.2934902436717261
31.67,0.2925142549968716
31.68,0.2915280423363054
31.69,0.2905418296757389
31.7,0.2895556170151727
31.71,0.28856940435460615
31.720000000000002,0.2875831916940396
31.73,0.2865969790334734
31.740000000000002,0.2856107663729069
31.75,0.2846245537123407
31.76,0.28363834105177416
31.77,0.28265212839120796
31.78,0.2816659157306414
31.79,0.2806797030700752
31.8,0.2796733369631355
31.810000000000002,0.27860351801390726
31.82,0.27753369906467945
31.830000000000002,0.27646388011545125
31.84,0.2753940611662234
31.85,0.2743242422169952
31.86,0.27325442326776733
31.87,0.27218460431853914
31.88,0.27111478536931133
31.89,0.2700449664200831
31.900000000000002,0.2689751474708549
31.91,0.2679053285216271
31.92,0.2668355095723988
31.93,0.2657705114063032
31.94,0.2647079351929905
31.95,0.26364535897967817
31.96,0.2625827827663655
31.970000000000002,0.2615202065530528
31.98,0.26045763033974045
31.990000000000002,0.25939505412642777
32.0,0.2583324779131154
32.01,0.2572699016998031
32.02,0.25620732548649006
32.03,0.2551447492731777
32.04,0.2540821730598654
32.05,0.25301959684655306
32.06,0.2519177269259355
32.07,0.25078804247137726
32.08,0.24965835801681904
32.09,0.24852867356226002
32.1,0.24739898910770178
32.11,0.24626930465314356
32.12,0.24513962019858532
32.13,0.2440099357440263
32.14,0.24288025128946805
32.15,0.24175056683490984
32.160000000000004,0.2406208823803508
32.17,0.23949119792579257
32.18,0.23836151347123433
32.19,0.23733190018342432
32.2,0.23630451805826666
32.21,0.23527713593310973
32.22,0.2342497538079528
32.230000000000004,0.2332223716827951
32.24,0.23219498955763818
32.25,0.23116760743248124
32.26,0.2301402253073243
32.27,0.22911284318216665
32.28,0.22808546105700972
32.29,0.22705807893185279
32.3,0.22603069680669585
32.31,0.22500331468153817
32.32,0.22397593255638124
32.33,0.22284533427109157
32.34,0.22170659777401958
32.35,0.22056786127694836
32.36,0.21942912477987717
32.37,0.21829038828280597
32.38,0.21715165178573395
32.39,0.21601291528866276
32.4,0.21487417879159154
32.410000000000004,0.21373544229451955
32.42,0.21259670579744835
32.43,0.21145796930037714
32.44,0.21031923280330594
32.45,0.20918028164818378
32.46,0.20804048230228867
32.47,0.20690068295639352
32.480000000000004,0.2057608836104976
32.49,0.20462108426460246
32.5,0.20348128491870734
32.51,0.2023414855728122
32.52,0.20120168622691628
32.53,0.20006188688102117
32.54,0.19892208753512602
32.55,0.1977822881892309
32.56,0.19664248884333496
32.57,0.19550268949743985
32.58,0.1944157916258763
32.59,0.19335952674469511
32.6,0.19230326186351468
32.61,0.19124699698233424
32.62,0.19019073210115384
32.63,0.18913446721997265
32.64,0.18807820233879222
32.65,0.18702193745761178
32.660000000000004,0.18596567257643062
32.67,0.1849094076952502
32.68,0.18385314281406975
32.69,0.18279687793288932
32.7,0.18174061305170813
32.71,0.17982129768411365
32.72,0.17669343138930205
32.730000000000004,0.17356556509448823
32.74,0.1704376987996766
32.75,0.167309832504865
32.76,0.1641819662100534
32.77,0.16105409991523958
32.78,0.15792623362042796
32.79,0.15479836732561636
32.8,0.15167050103080476
32.81,0.14854263473599094
32.82,0.14541476844117934
32.83,0.14228690214636774
32.84,0.1391590358515539
32.85,0.16757299048598434
32.86,0.16458614980234573
32.87,0.16159930911870715
32.88,0.15861246843506643
32.89,0.15562562775142785
32.9,0.15263878706778927
32.910000000000004,0.14965194638414855
32.92,0.14666510570050997
32.93,0.1436782650168714
32.94,0.14069142433323278
32.95,0.1377045836495921
32.96,0.1347177429659535
32.97,0.1317309022823149
32.980000000000004,0.14659504164611983
32.99,0.15428839057664645
33.0,0.1520158788483017
33.01,0.14974336711995698
33.02,0.14747085539161062
33.03,0.1451983436632659
33.04,0.14292583193492114
33.05,0.14065332020657642
33.06,0.13838080847823006
33.07,0.13610829674988534
33.08,0.1338357850215406
33.09,0.13156327329319426
33.1,0.1292907615648495
33.11,0.13154216472057165
33.12,0.13858735701252103
33.13,0.1449466191867794
33.14,0.14344132709688354
33.15,0.1419360350069877
33.160000000000004,0.14043074291709076
33.17,0.13892545082719493
33.18,0.13742015873729907
33.19,0.1359148666474032
33.2,0.1344095745575063
33.21,0.13290428246761044
33.22,0.13139899037771458
33.230000000000004,0.12989369828781766
33.24,0.12894379970839887
33.25,0.12928918022115374
33.26,0.12963456073390858
33.27,0.1299799412466637
33.28,0.13032532175941858
33.29,0.13067070227217342
33.3,0.1310160827849283
33.31,0.1313614632976834
33.32,0.13170684381043826
33.33,0.1320522243231931
33.34,0.13239760483594823
33.35,0.1327429853487031
33.36,0.13325419542828656
33.37,0.13384629054556152
33.38,0.1344383856628369
33.39,0.13503048078011182
33.4,0.13562257589738677
33.410000000000004,0.13621467101466214
33.42,0.1368067661319371
33.43,0.13739886124921202
33.44,0.13799095636648698
33.45,0.13858305148376235
33.46,0.13917514660103728
33.47,0.13976724171831223
33.480000000000004,0.14048089209736425
33.49,0.14121006631434369
33.5,0.14193924053132312
33.51,0.14266841474830255
33.52,0.1433975889652825
33.53,0.14412676318226197
33.54,0.1448559373992414
33.55,0.14558511161622084
33.56,0.1463142858332008
33.57,0.14704346005018024
33.58,0.1477726342671597
33.59,0.14850180848413963
33.6,0.1492309827011191
33.61,0.15007901848829178
33.62,0.15093274320680752
33.63,0.15178646792532385
33.64,0.1526401926438396
33.65,0.15349391736235535
33.660000000000004,0.1543476420808717
33.67,0.15520136679938742
33.68,0.15605509151790317
33.69,0.15690881623641892
33.7,0.15776254095493528
33.71,0.158616265673451
33.72,0.15946999039196674
33.730000000000004,0.1603237151104831
33.74,0.16133816290296535
33.75,0.16242852804249977
33.76,0.16351889318203422
33.77,0.16460925832156942
33.78,0.16569962346110384
33.79,0.1667899886006383
33.8,0.1678803537401727
33.81,0.16897071887970794
33.82,0.17006108401924236
33.83,0.17115144915877678
33.84,0.172241814298312
33.85,0.17333503584885937
33.86,0.1746070175637952
33.87,0.17587899927873105
33.88,0.1771509809936678
33.89,0.17842296270860367
33.9,0.1796949444235395
33.910000000000004,0.18096692613847626
33.92,0.1822389078534121
33.93,0.18351088956834796
33.94,0.1847828712832838
33.95,0.18605485299822055
33.96,0.18731790481408536
33.97,0.18855684004926587
33.980000000000004,0.18979577528444727
33.99,0.1910347105196278
34.0,0.19227364575480832
34.01,0.19351258098998886
34.02,0.19475151622517026
34.03,0.1959904514603508
34.04,0.1972293866955313
34.05,0.19846832193071184
34.06,0.19970725716589324
34.07,0.20094619240107375
34.08,0.20220187737889325
34.09,0.20346233187216528
34.1,0.2047227863654364
34.11,0.20598324085870753
34.12,0.20724369535197867
34.13,0.20850414984525067
34.14,0.20976460433852182
34.15,0.21102505883179296
34.160000000000004,0.21228551332506498
34.17,0.2135459678183361
34.18,0.21480642231160724
34.19,0.21609327048140922
34.2,0.21746334487434205
34.21,0.2188334192672739
34.22,0.22020349366020575
34.230000000000004,0.22157356805313858
34.24,0.22294364244607043
34.25,0.2243137168390023
34.26,0.22568379123193416
34.27,0.22705386562486699
34.28,0.22842394001779884
34.29,0.2297940144107307
34.300000000000004,0.23112513879304045
34.31,0.2324307352417719
34.32,0.2337363316905034
34.33,0.23504192813923486
34.34,0.23634752458796726
34.35,0.23765312103669872
34.36,0.2389587174854302
34.37,0.24026431393416167
34.38,0.24156991038289408
34.39,0.24287550683162554
34.4,0.24418110328035703
34.410000000000004,0.2454713450792415
34.42,0.2467475943090119
34.43,0.2480238435387823
34.44,0.2493000927685527
34.45,0.250576341998324
34.46,0.2518525912280944
34.47,0.2531288404578648
34.480000000000004,0.2544050896876361
34.49,0.2556813389174065
34.5,0.2569575881471769
34.51,0.25823383737694733
34.52,0.25944476062171096
34.53,0.26057072603615966
34.54,0.26169669145060837
34.550000000000004,0.2628226568650579
34.56,0.2639486222795066
34.57,0.2650745876939553
34.58,0.26620055310840407
34.59,0.26732651852285355
34.6,0.2684524839373023
34.61,0.269578449351751
34.62,0.2707044147661997
34.63,0.27183038018064926
34.64,0.27296762671190955
34.65,0.274151475769237
34.660000000000004,0.27533532482656525
34.67,0.27651917388389274
34.68,0.2777030229412202
34.69,0.2788868719985476
34.7,0.28007072105587594
34.71,0.2812545701132034
34.72,0.2824384191705308
34.730000000000004,0.2836222682278591
34.74,0.28480611728518657
34.75,0.28598849280660527
34.76,0.2870902703875331
34.77,0.2881920479684617
34.78,0.28929382554938954
34.79,0.29039560313031737
34.800000000000004,0.291497380711246
34.81,0.2925991582921738
34.82,0.29370093587310164
34.83,0.2948027134540295
34.84,0.2959044910349581
34.85,0.2970062686158859
34.86,0.29810804619681375
34.87,0.29921363439081317
34.88,0.3003227925754432
34.89,0.30143195076007245
34.9,0.30254110894470165
34.910000000000004,0.3036502671293317
34.92,0.30475942531396094
34.93,0.30586858349859014
34.94,0.3069777416832194
34.95,0.3080868998678494
34.96,0.30919605805247863
34.97,0.3103052162371079
34.980000000000004,0.31126801097184276
34.99,0.3121782389047882
35.0,0.31308846683773367
35.01,0.31399869477067915
35.02,0.31490892270362525
35.03,0.31581915063657073
35.04,0.31672937856951616
35.050000000000004,0.3176396065024623
35.06,0.3185498344354078
35.07,0.3194600623683532
35.08,0.3203702903012987
35.09,0.3212805182342448
35.1,0.3221875830111857
35.11,0.323089089639875
35.12,0.32399059626856425
35.13,0.3248921028972542
35.14,0.32579360952594344
35.15,0.3266951161546327
35.160000000000004,0.32759662278332263
35.17,0.3284981294120119
35.18,0.32939963604070116
35.19,0.3303011426693905
35.2,0.33120264929808035
35.21,0.3321041559267697
35.22,0.33295652592880537
35.230000000000004,0.3337955617809844
35.24,0.33463459763316283
35.25,0.33547363348534126
35.26,0.3363126693375197
35.27,0.3371517051896987
35.28,0.33799074104187715
35.29,0.3388297768940556
35.300000000000004,0.3396688127462346
35.31,0.34050784859841304
35.32,0.34134688445059147
35.33,0.3421646992611083
35.34,0.34293550536438555
35.35,0.3437063114676622
35.36,0.34447711757093885
35.37,0.34524792367421553
35.38,0.34601872977749276
35.39,0.34678953588076944
35.4,0.3475603419840461
35.410000000000004,0.3483311480873233
35.42,0.3491019541906
35.43,0.34987276029387665
35.44,0.350640729781854
35.45,0.3512772633227038
35.46,0.35191379686355323
35.47,0.3525503304044026
35.480000000000004,0.35318686394525245
35.49,0.3538233974861018
35.5,0.35445993102695117
35.51,0.3550964645678006
35.52,0.3557329981086504
35.53,0.3563695316494998
35.54,0.35700606519034916
35.550000000000004,0.357642598731199
35.56,0.3582791322720484
35.57,0.3588573934793571
35.58,0.3594198441596258
35.59,0.3599822948398949
35.6,0.36054474552016363
35.61,0.36110719620043236
35.62,0.36166964688070113
35.63,0.36223209756097025
35.64,0.36279454824123897
35.65,0.3633569989215077
35.660000000000004,0.3639194496017768
35.67,0.3644819002820455
35.68,0.36504435096231425
35.69,0.36554239963079327
35.7,0.3660149686945867
35.71,0.3664875377583798
35.72,0.3669601068221729
35.730000000000004,0.36743267588596634
35.74,0.3679052449497594
35.75,0.3683778140135525
35.76,0.36885038307734563
35.77,0.3693229521411391
35.78,0.36979552120493214
35.79,0.37026809026872526
35.800000000000004,0.3707406593325187
35.81,0.3711818858768718
35.82,0.3715868508379821
35.83,0.3719918157990924
35.84,0.37239678076020305
35.85,0.37280174572131336
35.86,0.3732067106824237
35.87,0.37361167564353404
35.88,0.3740166406046447
35.89,0.374421605565755
35.9,0.37482657052686535
35.910000000000004,0.37523153548797594
35.92,0.3756365004490863
35.93,0.37595766452043305
35.94,0.37625265160187127
35.95,0.3765476386833097
35.96,0.3768426257647479
35.97,0.37713761284618613
35.980000000000004,0.37743259992762457
35.99,0.3777275870090628
36.0,0.378022574090501
36.01,0.37831756117193927
36.02,0.3786125482533777
36.03,0.3789075353348159
36.04,0.37920252241625413
36.050000000000004,0.379473744979588
36.06,0.37968993245844923
36.07,0.3799061199373105
36.08,0.3801223074161717
36.09,0.3803384948950331
36.1,0.38055468237389434
36.11,0.38077086985275554
36.12,0.3809870573316168
36.13,0.3812032448104782
36.14,0.3814194322893394
36.15,0.38163561976820065
36.160000000000004,0.381851807247062
36.17,0.38203969070303684
36.18,0.3821592080364441
36.19,0.38227872536985136
36.2,0.38239824270325873
36.21,0.382517760036666
36.22,0.38263727737007325
36.230000000000004,0.3827567947034806
36.24,0.3828763120368879
36.25,0.38299582937029514
36.26,0.3831153467037024
36.27,0.38323486403710977
36.28,0.38335438137051703
36.29,0.3834738987039243
36.300000000000004,0.38352230995558195
36.31,0.38355581999659416
36.32,0.3835893300376064
36.33,0.38362284007861863
36.34,0.3836563501196309
36.35,0.38368986016064316
36.36,0.38372337020165537
36.37,0.38375688024266763
36.38,0.3837903902836799
36.39,0.3838239003246921
36.4,0.38385741036570437
36.410000000000004,0.3838768211414411
36.42,0.38381901635347737
36.43,0.3837612115655136
36.44,0.3837034067775499
36.45,0.3836456019895861
36.46,0.38358779720162234
36.47,0.38352999241365854
36.480000000000004,0.3834721876256948
36.49,0.383414382837731
36.5,0.38335657804976725
36.51,0.3832987732618035
36.52,0.3832409684738397
36.53,0.38318316368587596
36.54,0.3830671214613114
36.550000000000004,0.38290961543652735
36.56,0.3827521094117434
36.57,0.3825946033869595
36.58,0.38243709736217557
36.59,0.38227959133739153
36.6,0.3821220853126076
36.61,0.3819645792878237
36.62,0.38180707326303975
36.63,0.3816495672382557
36.64,0.3814920612134718
36.65,0.3813322851815616
36.660000000000004,0.3810890871439927
36.67,0.380845889106424
36.68,0.38060269106885525
36.69,0.3803594930312865
36.7,0.38011629499371763
36.71,0.3798730969561489
36.72,0.3796298989185802
36.730000000000004,0.3793867008810113
36.74,0.37914350284344256
36.75,0.37890030480587383
36.76,0.3786571067683051
36.77,0.37839634652308757
36.78,0.3780745104555183
36.79,0.3777526743879491
36.800000000000004,0.3774308383203796
36.81,0.3771090022528103
36.82,0.37678716618524105
36.83,0.3764653301176718
36.84,0.37614349405010233
36.85,0.3758216579825331
36.86,0.37549982191496384
36.87,0.3751779858473946
36.88,0.37485614977982507
36.89,0.37451311027036643
36.9,0.3741062689012943
36.910000000000004,0.3736994275322218
36.92,0.37329258616314964
36.93,0.3728857447940775
36.94,0.37247890342500534
36.95,0.37207206205593285
36.96,0.3716652206868607
36.97,0.3712583793177885
36.980000000000004,0.37085153794871606
36.99,0.37044469657964385
37.0,0.3700378552105717
37.01,0.36961300220503374
37.02,0.3691528817910462
37.03,0.368692761377059
37.04,0.36823264096307173
37.050000000000004,0.36777252054908416
37.06,0.3673124001350969
37.07,0.3668522797211097
37.08,0.36639215930712243
37.09,0.36593203889313486
37.1,0.3654719184791476
37.11,0.36501179806516043
37.12,0.3645516776511732
37.13,0.3640915572371856
37.14,0.36361033051875585
37.15,0.36311874507993286
37.160000000000004,0.3626271596411095
37.17,0.3621355742022865
37.18,0.36164398876346343
37.19,0.36115240332464044
37.2,0.36066081788581705
37.21,0.36016923244699406
37.22,0.359677647008171
37.230000000000004,0.3591860615693477
37.24,0.35869447613052463
37.25,0.35820289069170164
37.26,0.3577113052528786
37.27,0.35721971981405526
37.28,0.3566284526667646
37.29,0.35602432885432617
37.300000000000004,0.35542020504188737
37.31,0.35481608122944897
37.32,0.35421195741701056
37.33,0.35360783360457215
37.34,0.35300370979213336
37.35,0.35239958597969495
37.36,0.35179546216725655
37.37,0.35119133835481814
37.38,0.3505872145423793
37.39,0.34998309072994094
37.4,0.3493769661906958
37.410000000000004,0.3487596673242805
37.42,0.34814236845786567
37.43,0.3475250695914508
37.44,0.3469077707250359
37.45,0.3462904718586206
37.46,0.3456731729922058
37.47,0.3450558741257909
37.480000000000004,0.3444385752593756
37.49,0.3438212763929608
37.5,0.3432039775265459
37.51,0.34258667866013104
37.52,0.3419693797937157
37.53,0.3413520809273009
37.54,0.34069449193041623
37.550000000000004,0.3399490938277299
37.56,0.33920369572504416
37.57,0.3384582976223584
37.58,0.33771289951967265
37.59,0.3369675014169864
37.6,0.33622210331430064
37.61,0.3354767052116149
37.62,0.3347313071089291
37.63,0.3339859090062428
37.64,0.33324051090355705
37.65,0.3324951128008713
37.660000000000004,0.331749714698185
37.67,0.3311599411945384
37.68,0.33062038367426166
37.69,0.33008082615398493
37.7,0.32954126863370786
37.71,0.32900171111343113
37.72,0.32846215359315445
37.730000000000004,0.3279225960728773
37.74,0.32738303855260065
37.75,0.3268434810323239
37.76,0.32630392351204723
37.77,0.3257643659917701
37.78,0.32522480847149343
37.79,0.3246852509512167
37.800000000000004,0.32414569343093963
37.81,0.3236061359106629
37.82,0.3230665783903862
37.83,0.3225270208701095
37.84,0.3219874633498324
37.85,0.32143257019991894
37.86,0.3206770954437661
37.87,0.31992162068761326
37.88,0.31916614593145987
37.89,0.318410671175307
37.9,0.3176551964191542
37.910000000000004,0.31689972166300084
37.92,0.316144246906848
37.93,0.31538877215069516
37.94,0.3146332973945423
37.95,0.3138778226383889
37.96,0.3131223478822361
37.97,0.31236687312608324
37.980000000000004,0.3116113983699299
37.99,0.31085592361377706
38.0,0.30995364319308916
38.01,0.3090241389581735
38.02,0.3080946347232572
38.03,0.3071651304883416
38.04,0.30623562625342593
38.050000000000004,0.30530612201850965
38.06,0.30437661778359404
38.07,0.30344711354867837
38.08,0.30251760931376276
38.09,0.3015881050788465
38.1,0.3006586008439308
38.11,0.2997290966090152
38.12,0.29880270631036454
38.13,0.297877810459512
38.14,0.29695291460866013
38.15,0.29602801875780826
38.160000000000004,0.29510312290695573
38.17,0.29417822705610386
38.18,0.293253331205252
38.19,0.2923284353544001
38.2,0.2914035395035476
38.21,0.2904786436526957
38.22,0.28955374780184384
38.230000000000004,0.2886288519509913
38.24,0.28770395610013944
38.25,0.2867026920164084
38.26,0.285695864106819
38.27,0.2846890361972289
38.28,0.28368220828763957
38.29,0.2826753803780502
38.300000000000004,0.2816685524684601
38.31,0.28066172455887073
38.32,0.2796548966492814
38.33,0.278648068739692
38.34,0.27764124083010194
38.35,0.27663441292051255
38.36,0.27562758501092316
38.37,0.27466474952332576
38.38,0.27370885478565093
38.39,0.2727529600479768
38.4,0.2717970653103026
38.410000000000004,0.27084117057262774
38.42,0.2698852758349536
38.43,0.2689293810972795
38.44,0.26797348635960533
38.45,0.26701759162193045
38.46,0.2660616968842563
38.47,0.26510580214658214
38.480000000000004,0.2641499074089073
38.49,0.26319401267123316
38.5,0.26219296743269915
38.51,0.26118874899418776
38.52,0.2601845305556757
38.53,0.25918031211716436
38.54,0.258176093678653
38.550000000000004,0.25717187524014096
38.56,0.25616765680162956
38.57,0.2551634383631182
38.58,0.2541592199246069
38.59,0.2531550014860948
38.6,0.2521507830475834
38.61,0.2511465646090721
38.62,0.2501913928918124
38.63,0.2492795199083609
38.64,0.24836764692490998
38.65,0.2474557739414591
38.660000000000004,0.24654390095800757
38.67,0.24563202797455666
38.68,0.24472015499110578
38.69,0.2438082820076549
38.7,0.24289640902420334
38.71,0.24198453604075246
38.72,0.24107266305730157
38.730000000000004,0.24016079007385002
38.74,0.23924891709039914
38.75,0.23833671984030166
38.76,0.23736865592204634
38.77,0.23640059200379035
38.78,0.23543252808553503
38.79,0.2344644641672797
38.800000000000004,0.2334964002490237
38.81,0.2325283363307684
38.82,0.23156027241251306
38.83,0.23059220849425777
38.84,0.22962414457600175
38.85,0.22865608065774642
38.86,0.22768801673949113
38.87,0.2267199528212358
38.88,0.22580421532040953
38.89,0.224935704774786
38.9,0.22406719422916246
38.910000000000004,0.22319868368353832
38.92,0.22233017313791475
38.93,0.22146166259229122
38.94,0.22059315204666768
38.95,0.21972464150104354
38.96,0.21885613095542
38.97,0.21798762040979644
38.980000000000004,0.2171191098641723
38.99,0.21625059931854876
39.0,0.21538208877292522
39.01,0.21456080698605798
39.02,0.2138927025195483
39.03,0.21322459805303912
39.04,0.21255649358652992
39.050000000000004,0.21188838912002025
39.06,0.21122028465351106
39.07,0.21055218018700186
39.08,0.20988407572049267
39.09,0.209215971253983
39.1,0.2085478667874738
39.11,0.2078797623209646
39.12,0.20721165785445542
39.13,0.20654355338794575
39.14,0.20587544892143655
39.15,0.2052073444549274
39.160000000000004,0.2045392399884177
39.17,0.2038766066681929
39.18,0.20341570648746304
39.19,0.20295480630673318
39.2,0.20249390612600301
39.21,0.20203300594527315
39.22,0.2015721057645433
39.230000000000004,0.20111120558381312
39.24,0.20065030540308326
39.25,0.2001894052223534
39.26,0.19972850504162354
39.27,0.19926760486089337
39.28,0.1988067046801635
39.29,0.19834580449943365
39.300000000000004,0.19788490431870345
39.31,0.19742400413797362
39.32,0.19696310395724376
39.33,0.1965022037765139
39.34,0.1960413035957837
39.35,0.19558040341505384
39.36,0.195119503234324
39.37,0.19465860305359414
39.38,0.19419770287286395
39.39,0.1935958311236507
39.4,0.19295554416162955
39.410000000000004,0.19231525719960793
39.42,0.1916749702375868
39.43,0.19103468327556566
39.44,0.19039439631354452
39.45,0.18975410935152293
39.46,0.18911382238950178
39.47,0.18847353542748063
39.480000000000004,0.18783324846545904
39.49,0.1871929615034379
39.5,0.18655267454141675
39.51,0.1859123875793956
39.52,0.1853163845594098
39.53,0.18476595440548688
39.54,0.18421552425156396
39.550000000000004,0.18366509409764065
39.56,0.18311466394371775
39.57,0.18256423378979483
39.58,0.1820138036358719
39.59,0.1814633734819486
39.6,0.18091294332802568
39.61,0.18036251317410276
39.62,0.17981208302017984
39.63,0.17926165286625653
39.64,0.1787112227123336
39.65,0.17827006327421852
39.660000000000004,0.17783781892204967
39.67,0.17740557456988115
39.68,0.1769733302177126
39.69,0.1765410858655441
39.7,0.17610884151337525
39.71,0.17567659716120673
39.72,0.1752443528090382
39.730000000000004,0.17481210845686937
39.74,0.17437986410470083
39.75,0.17394761975253228
39.76,0.17354528231329333
39.77,0.17331188539748094
39.78,0.1730784884816687
39.79,0.17284509156585648
39.800000000000004,0.1726116946500441
39.81,0.17237829773423188
39.82,0.17214490081841965
39.83,0.17191150390260743
39.84,0.17167810698679506
39.85,0.17144471007098283
39.86,0.1712113131551706
39.87,0.17097791623935837
39.88,0.170744519323546
39.89,0.17052854392475505
39.9,0.17046468760581876
39.910000000000004,0.1704008312868824
39.92,0.17033697496794611
39.93,0.17027311864900982
39.94,0.17020926233007355
39.95,0.1701454060111372
39.96,0.1700815496922009
39.97,0.1700176933732646
39.980000000000004,0.1699538370543283
39.99,0.169889980735392
40.0,0.1698261244164557
40.01,0.1697622680975194
40.02,0.16969841177858308
40.03,0.16967860558967063
40.04,0.1697875284859222
40.050000000000004,0.16989645138217388
40.06,0.17000537427842546
40.07,0.17011429717467705
40.08,0.17022322007092863
40.09,0.17033214296718027
40.1,0.17044106586343186
40.11,0.17054998875968344
40.12,0.17065891165593502
40.13,0.1707678345521867
40.14,0.17087675744843825
40.15,0.17103580491087397
40.160000000000004,0.1712609783366278
40.17,0.1714861517623814
40.18,0.17171132518813506
40.19,0.1719364986138887
40.2,0.1721616720396425
40.21,0.17238684546539612
40.22,0.17261201889114977
40.230000000000004,0.17283719231690356
40.24,0.1730623657426572
40.25,0.17328753916841086
40.26,0.17351271259416448
40.27,0.17373788601991827
40.28,0.17396305944567192
40.29,0.17418823287142557
40.300000000000004,0.17451162542920115
40.31,0.17490223640513308
40.32,0.17529284738106501
40.33,0.17568345835699695
40.34,0.17607406933292916
40.35,0.1764646803088611
40.36,0.17685529128479302
40.37,0.17724590226072495
40.38,0.17763651323665716
40.39,0.1780271242125891
40.4,0.17841773518852103
40.410000000000004,0.17880834616445324
40.42,0.17919895714038517
40.43,0.17962115809253804
40.44,0.1801384438869525
40.45,0.18065572968136734
40.46,0.18117301547578182
40.47,0.18169030127019628
40.480000000000004,0.18220758706461113
40.49,0.18272487285902558
40.5,0.18324215865344007
40.51,0.18375944444785453
40.52,0.18427673024226937
40.53,0.18479401603668386
40.54,0.1853113018310983
40.550000000000004,0.18582858762551316
40.56,0.18636492817352387
40.57,0.18700915273939872
40.58,0.18765337730527357
40.59,0.18829760187114886
40.6,0.1889418264370237
40.61,0.18958605100289855
40.62,0.1902302755687734
40.63,0.1908745001346487
40.64,0.19151872470052356
40.65,0.1921629492663984
40.660000000000004,0.1928071738322737
40.67,0.19345139839814854
40.68,0.19409562296402338
40.69,0.19474842098981127
40.7,0.19540719758895478
40.71,0.1960659741880978
40.72,0.1967247507872408
40.730000000000004,0.1973835273863843
40.74,0.19804230398552733
40.75,0.19870108058467034
40.76,0.19935985718381338
40.77,0.20001863378295687
40.78,0.20067741038209988
40.79,0.2013361869812429
40.800000000000004,0.2019949635803864
40.81,0.20265374017952942
40.82,0.20331251677867243
40.83,0.20408167752000972
40.84,0.2048721846702268
40.85,0.20566269182044333
40.86,0.20645319897065983
40.87,0.20724370612087636
40.88,0.20803421327109345
40.89,0.20882472042130998
40.9,0.20961522757152648
40.910000000000004,0.21040573472174356
40.92,0.2111962418719601
40.93,0.21198674902217662
40.94,0.21277725617239313
40.95,0.21355667607594447
40.96,0.21432199327386858
40.97,0.21508731047179272
40.980000000000004,0.21585262766971736
40.99,0.21661794486764147
41.0,0.21738326206556557
41.01,0.21814857926348968
41.02,0.21891389646141435
41.03,0.21967921365933846
41.04,0.22044453085726257
41.050000000000004,0.22120984805518723
41.06,0.22197516525311134
41.07,0.22274048245103545
41.08,0.22350580511950308
41.09,0.22427125827580235
41.1,0.22503671143210108
41.11,0.22580216458839983
41.12,0.22656761774469855
41.13,0.22733307090099783
41.14,0.22809852405729655
41.15,0.2288639772135953
41.160000000000004,0.22962943036989458
41.17,0.2303948835261933
41.18,0.23116033668249203
41.19,0.23192578983879078
41.2,0.23269124299509006
41.21,0.23345669615138878
41.22,0.23422930837264147
41.230000000000004,0.23501861602203145
41.24,0.23580792367142087
41.25,0.2365972313208103
41.26,0.2373865389701997
41.27,0.23817584661958968
41.28,0.23896515426897907
41.29,0.2397544619183685
41.300000000000004,0.24054376956775847
41.31,0.2413330772171479
41.32,0.2421223848665373
41.33,0.2429116925159267
41.34,0.24370100016531668
41.35,0.2444903078147061
41.36,0.24532267042762207
41.37,0.24616076740656648
41.38,0.24699886438551147
41.39,0.24783696136445588
41.4,0.24867505834340028
41.410000000000004,0.24951315532234528
41.42,0.2503512523012897
41.43,0.25118934928023406
41.44,0.2520274462591785
41.45,0.2528655432381235
41.46,0.25370364021706787
41.47,0.2545417371960123
41.480000000000004,0.25538280194169494
41.49,0.2562289156066452
41.5,0.2570750292715954
41.51,0.25792114293654567
41.52,0.25876725660149646
41.53,0.2596133702664467
41.54,0.26045948393139695
41.550000000000004,0.2613055975963478
41.56,0.262151711261298
41.57,0.26299782492624824
41.58,0.2638439385911985
41.59,0.26469005225614933
41.6,0.2655194203320472
41.61,0.2662857441969993
41.62,0.2670520680619514
41.63,0.26781839192690404
41.64,0.26858471579185617
41.65,0.2693510396568083
41.660000000000004,0.27011736352176097
41.67,0.27088368738671303
41.68,0.27165001125166516
41.69,0.2724163351166173
41.7,0.27318265898156996
41.71,0.273948982846522
41.72,0.27471530671147415
41.730000000000004,0.275475106927333
41.74,0.2762161566452703
41.75,0.2769572063632076
41.76,0.2776982560811449
41.77,0.2784393057990827
41.78,0.27918035551702
41.79,0.2799214052349573
41.800000000000004,0.2806624549528951
41.81,0.28140350467083236
41.82,0.2821445543887697
41.83,0.282885604106707
41.84,0.2836266538246448
41.85,0.28436770354258206
41.86,0.28508259252946927
41.87,0.2857580874312291
41.88,0.2864335823329894
41.89,0.28710907723474915
41.9,0.287784572136509
41.910000000000004,0.28846006703826926
41.92,0.28913556194002904
41.93,0.2898110568417888
41.94,0.29048655174354865
41.95,0.2911620466453089
41.96,0.2918375415470687
41.97,0.29251303644882853
41.980000000000004,0.2931885313505888
41.99,0.29385217416771414
42.0,0.29439536092011803
42.01,0.2949385476725219
42.02,0.2954817344249262
42.03,0.2960249211773301
42.04,0.2965681079297339
42.050000000000004,0.2971112946821382
42.06,0.2976544814345421
42.07,0.298197668186946
42.08,0.2987408549393499
42.09,0.29928404169175415
42.1,0.299827228444158
42.11,0.3003704151965619
42.12,0.30091360194896577
42.13,0.30145678870137005
42.14,0.30199997545377394
42.15,0.30252798170063827
42.160000000000004,0.3030430477872838
42.17,0.303558113873929
42.18,0.30407317996057415
42.19,0.30458824604721935
42.2,0.3051033121338649
42.21,0.30561837822051
42.22,0.3061334443071552
42.230000000000004,0.30664851039380076
42.24,0.3071635764804459
42.25,0.30767864256709104
42.26,0.30819370865373624
42.27,0.3087087747403818
42.28,0.3092238408270269
42.29,0.3097389069136721
42.300000000000004,0.3102740992744512
42.31,0.310839647435347
42.32,0.31140519559624275
42.33,0.3119707437571385
42.34,0.31253629191803467
42.35,0.31310184007893044
42.36,0.3136673882398262
42.37,0.314232936400722
42.38,0.3147984845616182
42.39,0.31536403272251395
42.4,0.3159295808834097
42.410000000000004,0.3164951290443059
42.42,0.31706067720520165
42.43,0.3176203511936599
42.44,0.31817825069750727
42.45,0.31873615020135504
42.46,0.3192940497052024
42.47,0.31985194920904975
42.480000000000004,0.3204098487128975
42.49,0.3209677482167449
42.5,0.3215256477205923
42.51,0.32208354722443966
42.52,0.3226414467282874
42.53,0.32319934623213475
42.54,0.3237525656102961
42.550000000000004,0.3242909961787995
42.56,0.3248294267473025
42.57,0.32536785731580553
42.58,0.32590628788430853
42.59,0.326444718452812
42.6,0.326983149021315
42.61,0.327521579589818
42.62,0.32806001015832104
42.63,0.3285984407268244
42.64,0.3291368712953275
42.65,0.3296160905491631
42.660000000000004,0.3300665092866962
42.67,0.33051692802422894
42.68,0.3309673467617617
42.69,0.33141776549929447
42.7,0.33186818423682757
42.71,0.33231860297436033
42.72,0.3327690217118931
42.730000000000004,0.33321944044942614
42.74,0.3336698591869589
42.75,0.3341202779244917
42.76,0.3345150680745653
42.77,0.3348877374831676
42.78,0.33526040689176956
42.79,0.33563307630037154
42.800000000000004,0.3360057457089738
42.81,0.33637841511757577
42.82,0.33675108452617775
42.83,0.3371237539347797
42.84,0.337496423343382
42.85,0.33786909275198396
42.86,0.33824176216058593
42.87,0.33858630280127466
42.88,0.3389125875397613
42.89,0.33923887227824767
42.9,0.33956515701673406
42.910000000000004,0.3398914417552207
42.92,0.3402177264937071
42.93,0.34054401123219347
42.94,0.34087029597067986
42.95,0.3411965807091665
42.96,0.34152286544765287
42.97,0.34181587175624367
42.980000000000004,0.3420337070434371
42.99,0.34225154233063043
43.0,0.34246937761782376
43.01,0.3426872129050171
43.02,0.34290504819221057
43.03,0.34312288347940384
43.04,0.34334071876659716
43.050000000000004,0.34355855405379065
43.06,0.343776389340984
43.07,0.3439942246281773
43.08,0.3442120599153706
43.09,0.34438217019905704
43.1,0.34452199901999786
43.11,0.34466182784093863
43.12,0.3448016566618794
43.13,0.3449414854828203
43.14,0.34508131430376104
43.15,0.3452211431247018
43.160000000000004,0.3453609719456427
43.17,0.34550080076658346
43.18,0.3456406295875243
43.19,0.34578045840846505
43.2,0.34592028722940593
43.21,0.3460598644126162
43.22,0.3461346133880928
43.230000000000004,0.3462093623635695
43.24,0.3462841113390461
43.25,0.3463588603145227
43.26,0.3464336092899993
43.27,0.34650835826547594
43.28,0.3465831072409525
43.29,0.3466578562164291
43.300000000000004,0.34673260519190574
43.31,0.34680735416738234
43.32,0.34688210314285894
43.33,0.34695685211833555
43.34,0.3470310544461158
43.35,0.34704801580939265
43.36,0.3470649771726695
43.37,0.3470819385359463
43.38,0.3470988998992232
43.39,0.34711586126250005
43.4,0.3471328226257769
43.410000000000004,0.3471497839890537
43.42,0.34716674535233055
43.43,0.3471837067156074
43.44,0.3472006680788842
43.45,0.3472176294421611
43.46,0.34723459080543795
43.47,0.34719088551010824
43.480000000000004,0.34714410066074436
43.49,0.3470973158113805
43.5,0.34705053096201666
43.51,0.3470037461126528
43.52,0.3469569612632889
43.53,0.346910176413925
43.54,0.34686339156456114
43.550000000000004,0.34681660671519726
43.56,0.3467698218658334
43.57,0.34672303701646956
43.58,0.3466420213082836
43.59,0.34652667748351296
43.6,0.3464113336587423
43.61,0.34629598983397175
43.62,0.3461806460092012
43.63,0.3460653021844305
43.64,0.3459499583596599
43.65,0.34583461453488934
43.660000000000004,0.34571927071011865
43.67,0.3456039268853481
43.68,0.34548858306057745
43.69,0.34533268417588503
43.7,0.34515662725674395
43.71,0.344980570337603
43.72,0.344804513418462
43.730000000000004,0.34462845649932095
43.74,0.3444523995801799
43.75,0.34427634266103896
43.76,0.344100285741898
43.77,0.3439242288227569
43.78,0.34374817190361595
43.79,0.343572114984475
43.800000000000004,0.3433574745138077
43.81,0.34312736804578614
43.82,0.34289726157776457
43.83,0.34266715510974294
43.84,0.3424370486417212
43.85,0.34220694217369957
43.86,0.341976835705678
43.87,0.3417467292376564
43.88,0.3415166227696346
43.89,0.34128651630161305
43.9,0.3410564098335914
43.910000000000004,0.34079883275583345
43.92,0.34051589713558217
43.93,0.3402329615153309
43.94,0.3399500258950796
43.95,0.33966709027482817
43.96,0.3393841546545769
43.97,0.3391012190343256
43.980000000000004,0.3388182834140741
43.99,0.3385353477938229
44.0,0.3382524121735716
44.01,0.3379694765533203
44.02,0.3376763280262494
44.03,0.33735117120748315
44.04,0.3370260143887169
44.050000000000004,0.33670085756995033
44.06,0.33637570075118406
44.07,0.3360505439324178
44.08,0.3357253871136515
44.09,0.33540023029488497
44.1,0.3350750734761187
44.11,0.33474991665735243
44.12,0.33442475983858616
44.13,0.3340996030198196
44.14,0.3337396177556188
44.15,0.33336401851339564
44.160000000000004,0.33298841927117223
44.17,0.3326128200289491
44.18,0.3322372207867259
44.19,0.33186162154450277
44.2,0.33148602230227936
44.21,0.3311104230600562
44.22,0.3307348238178331
44.230000000000004,0.3303592245756097
44.24,0.3299836253333865
44.25,0.3296041391118774
44.26,0.32921253820943336
44.27,0.32882093730698897
44.28,0.32842933640454486
44.29,0.3280377355021008
44.300000000000004,0.3276461345996564
44.31,0.3272545336972123
44.32,0.32686293279476825
44.33,0.32647133189232413
44.34,0.3260797309898798
44.35,0.3256881300874357
44.36,0.3252965291849916
44.37,0.324899775329937
44.38,0.3244432167126625
44.39,0.3239866580953883
44.4,0.32353009947811406
44.410000000000004,0.32307354086083956
44.42,0.32261698224356533
44.43,0.3221604236262911
44.44,0.3217038650090169
44.45,0.32124730639174237
44.46,0.32079074777446814
44.47,0.3203341891571939
44.480000000000004,0.3198776305399194
44.49,0.3194583511194379
44.5,0.3190594677122467
44.51,0.31866058430505545
44.52,0.318261700897864
44.53,0.3178628174906728
44.54,0.3174639340834816
44.550000000000004,0.3170650506762901
44.56,0.3166661672690989
44.57,0.3162672838619077
44.58,0.31586840045471654
44.59,0.315469517047525
44.6,0.31507063364033383
44.61,0.31467175023314264
44.62,0.31427286682595146
44.63,0.31380948608140263
44.64,0.31330659896708046
44.65,0.3128037118527583
44.660000000000004,0.3123008247384358
44.67,0.3117979376241136
44.68,0.31129505050979145
44.69,0.3107921633954693
44.7,0.3102892762811468
44.71,0.3097863891668246
44.72,0.30928350205250243
44.730000000000004,0.30878061493817993
44.74,0.30827772782385776
44.75,0.30770961150138076
44.76,0.3071267256721619
44.77,0.3065438398429427
44.78,0.30596095401372386
44.79,0.30537806818450497
44.800000000000004,0.30479518235528574
44.81,0.3042122965260669
44.82,0.303629410696848
44.83,0.3030465248676292
44.84,0.30246363903840995
44.85,0.3018711586899954
44.86,0.30121794820629244
44.87,0.3005647377225894
44.88,0.2999115272388859
44.89,0.29925831675518294
44.9,0.2986051062714799
44.910000000000004,0.2979518957877764
44.92,0.29729868530407344
44.93,0.2966454748203704
44.94,0.2959922643366674
44.95,0.29531241210506803
44.96,0.29456370008696725
44.97,0.29381498806886647
44.980000000000004,0.2930662760507652
44.99,0.2923175640326644
45.0,0.2915688520145636
45.01,0.29082013999646283
45.02,0.29007142797836155
45.03,0.28932271596026077
45.04,0.288560639151508
45.050000000000004,0.2877791541159123
45.06,0.28699766908031715
45.07,0.286216184044722
45.08,0.2854346990091268
45.09,0.2846532139735311
45.1,0.28387172893793594
45.11,0.28309024390234083
45.12,0.28230875886674567
45.13,0.2815986122225742
45.14,0.280906183712588
45.15,0.28021375520260183
45.160000000000004,0.27952132669261515
45.17,0.27882889818262896
45.18,0.27813646967264277
45.19,0.2774440411626566
45.2,0.2767516126526699
45.21,0.27605918414268366
45.22,0.27536675563269747
45.230000000000004,0.2747355502218867
45.24,0.2741130043615356
45.25,0.2734904585011844
45.26,0.2728679126408332
45.27,0.2722453667804816
45.28,0.27162282092013046
45.29,0.2710002750597793
45.300000000000004,0.2703777291994277
45.31,0.2697551833390765
45.32,0.26913263747872535
45.33,0.2685100916183742
45.34,0.26781074158267276
45.35,0.26709518517534175
45.36,0.2663796287680108
45.37,0.2656640723606798
45.38,0.26494851595334834
45.39,0.26423295954601733
45.4,0.2635174031386864
45.410000000000004,0.26280184673135487
45.42,0.26208629032402386
45.43,0.2613973608131894
45.44,0.2607683374344108
45.45,0.2601393140556318
45.46,0.25951029067685316
45.47,0.2588812672980746
45.480000000000004,0.2582522439192955
45.49,0.25762322054051695
45.5,0.2569941971617383
45.51,0.25636517378295975
45.52,0.2557361504041807
45.53,0.25510712702540206
45.54,0.25448699770001626
45.550000000000004,0.2538685424961226
45.56,0.2532500872922295
45.57,0.25263163208833633
45.58,0.25201317688444314
45.59,0.25139472168054955
45.6,0.2507762664766564
45.61,0.2501578112727632
45.62,0.24953935606887004
45.63,0.24892090086497645
45.64,0.2483359546736927
45.65,0.2477566244097816
45.660000000000004,0.24717729414587006
45.67,0.24659796388195895
45.68,0.24601863361804785
45.69,0.24543930335413675
45.7,0.2448599730902252
45.71,0.2442806428263141
45.72,0.243701312562403
45.730000000000004,0.24312233372360453
45.74,0.24254565384442486
45.75,0.2419689739652452
45.76,0.24139229408606552
45.77,0.24081561420688544
45.78,0.24023893432770577
45.79,0.2396622544485261
45.800000000000004,0.239085574569346
45.81,0.2385088946901663
45.82,0.23801033166658386
45.83,0.2375455088171357
45.84,0.2370806859676872
45.85,0.23661586311823904
45.86,0.23615104026879086
45.87,0.2356862174193427
45.88,0.2352213945698942
45.89,0.23475657172044603
45.9,0.23429500271204348
45.910000000000004,0.23392183219332638
45.92,0.23354866167460953
45.93,0.2331754911558927
45.94,0.23280232063717585
45.95,0.23242915011845874
45.96,0.2320559795997419
45.97,0.23168280908102507
45.980000000000004,0.23130963856230793
45.99,0.23105069791749538
46.0,0.23080186593337632
46.01,0.23055303394925725
46.02,0.230304201965138
46.03,0.23005536998101894
46.04,0.22980653799689987
46.050000000000004,0.22955770601278064
46.06,0.22930887402866157
46.07,0.2291769796351447
46.08,0.2290723726557982
46.09,0.2289677656764516
46.1,0.2288631586971051
46.11,0.22875855171775863
46.12,0.22865394473841213
46.13,0.22854933775906555
46.14,0.22844473077971905
46.15,0.22834012380037255
46.160000000000004,0.22828796681564142
46.17,0.22829218617085018
46.18,0.22829640552605895
46.19,0.2283006248812677
46.2,0.22830484423647646
46.21,0.2283090635916852
46.22,0.22831328294689396
46.230000000000004,0.2283175023021027
46.24,0.22832172165731146
46.25,0.22834186695550082
46.26,0.22844428730703215
46.27,0.22854670765856355
46.28,0.22864912801009488
46.29,0.2287515483616262
46.300000000000004,0.2288539687131576
46.31,0.22895638906468893
46.32,0.22905880941622025
46.33,0.22916122976775158
46.34,0.22926365011928299
46.35,0.22942200313014088
46.36,0.22962984648493437
46.37,0.22983768983972785
46.38,0.23004553319452148
46.39,0.23025337654931496
46.4,0.23046121990410842
46.410000000000004,0.23066906325890207
46.42,0.23087690661369553
46.43,0.23108474996848902
46.44,0.2313572945760705
46.45,0.23168012781175162
46.46,0.2320029610474325
46.47,0.23232579428311342
46.480000000000004,0.23264862751879453
46.49,0.23297146075447542
46.5,0.23329429399015633
46.51,0.23361712722583722
46.52,0.23397463946433364
46.53,0.2343939839270454
46.54,0.23481332838975721
46.550000000000004,0.2352326728524693
46.56,0.2356520173151811
46.57,0.23607136177789287
46.58,0.23649070624060464
46.59,0.23691005070331675
46.6,0.2373514923264879
46.61,0.2378204284146772
46.62,0.23828936450286653
46.63,0.2387583005910562
46.64,0.23922723667924553
46.65,0.23969617276743485
46.660000000000004,0.2401651088556245
46.67,0.24063404494381385
46.68,0.2411097905489593
46.69,0.24163742314567546
46.7,0.242165055742392
46.71,0.24269268833910815
46.72,0.2432203209358243
46.730000000000004,0.24374795353254083
46.74,0.24427558612925698
46.75,0.24480321872597313
46.76,0.24533085132268928
46.77,0.2458833701414568
46.78,0.24644075120064807
46.79,0.2469981322598393
46.800000000000004,0.24755551331903095
46.81,0.24811289437822218
46.82,0.2486702754374134
46.83,0.24922765649660467
46.84,0.24978503755579629
46.85,0.2503431427777032
46.86,0.25090274770188237
46.87,0.2514623526260615
46.88,0.25202195755024104
46.89,0.25258156247442015
46.9,0.2531411673985993
46.910000000000004,0.2537007723227788
46.92,0.254260377246958
46.93,0.2548199821711371
46.94,0.255406209871124
46.95,0.25605088123513237
46.96,0.25669555259914023
46.97,0.25734022396314815
46.980000000000004,0.25798489532715646
46.99,0.2586295666911644
47.0,0.25927423805517225
47.01,0.25991890941918017
47.02,0.26056063408256364
47.03,0.26118969194296354
47.04,0.2618187498033635
47.050000000000004,0.26244780766376385
47.06,0.2630768655241638
47.07,0.2637059233845637
47.08,0.2643349812449637
47.09,0.26496403910536404
47.1,0.26559309696576394
47.11,0.26622407401897086
47.12,0.2668567392829345
47.13,0.26748940454689857
47.14,0.26812206981086223
47.15,0.2687547350748259
47.160000000000004,0.26938740033879
47.17,0.2700200656027536
47.18,0.27065273086671726
47.19,0.2712853961306809
47.2,0.27189755175243363
47.21,0.2725041630811283
47.22,0.27311077440982295
47.230000000000004,0.27371738573851806
47.24,0.2743239970672128
47.25,0.27493060839590744
47.26,0.2755372197246021
47.27,0.2761438310532972
47.28,0.2767504423819919
47.29,0.277353934293498
47.300000000000004,0.27795406728229416
47.31,0.27855420027108996
47.32,0.2791543332598857
47.33,0.2797544662486815
47.34,0.2803545992374777
47.35,0.28095473222627343
47.36,0.2815548652150692
47.37,0.28215499820386497
47.38,0.2827566537059593
47.39,0.2834093119669727
47.4,0.2840619702279862
47.410000000000004,0.28471462848900003
47.42,0.2853672867500135
47.43,0.2860199450110269
47.44,0.28667260327204036
47.45,0.28732526153305427
47.46,0.28797791979406767
47.47,0.28861240997802307
47.480000000000004,0.28921469818076545
47.49,0.2898169863835074
47.5,0.29041927458624933
47.51,0.2910215627889913
47.52,0.29162385099173366
47.53,0.2922261391944756
47.54,0.29282842739721754
47.550000000000004,0.2934307155999599
47.56,0.29403087646650283
47.57,0.2945804087193521
47.58,0.29512994097220135
47.59,0.295679473225051
47.6,0.29622900547790026
47.61,0.2967785377307495
47.62,0.29732806998359884
47.63,0.2978776022364485
47.64,0.29842713448929775
47.65,0.298976666742147
47.660000000000004,0.2995281495790614
47.67,0.30011315938161387
47.68,0.30069816918416636
47.69,0.30128317898671886
47.7,0.3018681887892718
47.71,0.3024531985918243
47.72,0.3030382083943768
47.730000000000004,0.30362321819692967
47.74,0.30420822799948216
47.75,0.30479323780203466
47.76,0.30537226619461805
47.77,0.3059502631642861
47.78,0.3065282601339536
47.79,0.3071062571036212
47.800000000000004,0.30768425407328925
47.81,0.30826225104295685
47.82,0.30884024801262444
47.83,0.30941824498229203
47.84,0.30999624195196
47.85,0.3106204578529368
47.86,0.31126299448624356
47.870000000000005,0.31190553111955077
47.88,0.31254806775285754
47.89,0.3131906043861643
47.9,0.3138331410194711
47.910000000000004,0.3144756776527783
47.92,0.31511821428608505
47.93,0.3157357233182247
47.94,0.31631708672287856
47.95,0.3168984501275328
47.96,0.3174798135321867
47.97,0.31806117693684055
47.980000000000004,0.3186425403414948
47.99,0.3192239037461487
48.0,0.31980526715080254
48.01,0.32038663055545635
48.02,0.32095950858660455
48.03,0.3215164081227984
48.04,0.32207330765899234
48.050000000000004,0.32263020719518665
48.06,0.32318710673138057
48.07,0.32374400626757444
48.08,0.32430090580376836
48.09,0.32485780533996267
48.1,0.32541470487615654
48.11,0.32596442233473594
48.120000000000005,0.3264873197981874
48.13,0.3270102172616385
48.14,0.3275331147250895
48.15,0.3280560121885406
48.160000000000004,0.32857890965199205
48.17,0.32910180711544307
48.18,0.32962470457889415
48.19,0.3301476020423452
48.2,0.3306687691688617
48.21,0.3311034489486217
48.22,0.3315381287283817
48.230000000000004,0.33197280850814204
48.24,0.33240748828790206
48.25,0.3328421680676621
48.26,0.3332768478474221
48.27,0.3337115276271824
48.28,0.33414620740694245
48.29,0.3345808871867025
48.300000000000004,0.33501556696646284
48.31,0.3354393744082462
48.32,0.3358612376988458
48.33,0.33628310098944536
48.34,0.3367049642800452
48.35,0.33712682757064477
48.36,0.33754869086124434
48.370000000000005,0.3379705541518442
48.38,0.33839241744244375
48.39,0.3388142807330433
48.4,0.33922872173032986
48.410000000000004,0.33963423087464323
48.42,0.3400397400189563
48.43,0.3404452491632694
48.44,0.3408507583075825
48.45,0.34125626745189586
48.46,0.34166177659620894
48.47,0.34206728574052203
48.480000000000004,0.3424727948848354
48.49,0.3428200398746934
48.5,0.3431645170015267
48.51,0.3435089941283601
48.52,0.34385347125519367
48.53,0.344197948382027
48.54,0.34454242550886033
48.550000000000004,0.34488690263569394
48.56,0.34523137976252727
48.57,0.34552858426432503
48.58,0.3457986632593408
48.59,0.3460687422543567
48.6,0.34633882124937243
48.61,0.3466089002443882
48.620000000000005,0.34687897923940414
48.63,0.3471490582344199
48.64,0.3474191372294356
48.65,0.34766388857385505
48.660000000000004,0.34784849814331936
48.67,0.34803310771278356
48.68,0.34821771728224776
48.69,0.34840232685171196
48.7,0.34858693642117633
48.71,0.34877154599064053
48.72,0.34895615556010473
48.730000000000004,0.34914076512956904
48.74,0.3492768091219751
48.75,0.3493808511051235
48.76,0.34948489308827185
48.77,0.34958893507142025
48.78,0.3496929770545686
48.79,0.349797019037717
48.800000000000004,0.3499010610208654
48.81,0.3500051030040137
48.82,0.3501091449871621
48.83,0.3501570879254548
48.84,0.35018718086648276
48.85,0.3502172738075107
48.86,0.3502473667485387
48.870000000000005,0.35027745968956664
48.88,0.3503075526305946
48.89,0.35033764557162256
48.9,0.3503677385126505
48.910000000000004,0.3503802466716011
48.92,0.35032942940370304
48.93,0.35027861213580497
48.94,0.3502277948679069
48.95,0.35017697760000877
48.96,0.3501261603321107
48.97,0.3500753430642126
48.980000000000004,0.3500245257963145
48.99,0.3499737085284164
49.0,0.3499114682217192
49.01,0.3497862200405052
49.02,0.3496609718592912
49.03,0.34953572367807717
49.04,0.3494104754968632
49.050000000000004,0.34928522731564915
49.06,0.3491599791344352
49.07,0.3490347309532212
49.08,0.34890948277200723
49.09,0.348771231261773
49.1,0.3485657061527231
49.11,0.34836018104367317
49.120000000000005,0.34815465593462314
49.13,0.3479491308255732
49.14,0.3477436057165233
49.15,0.3475380806074734
49.160000000000004,0.3473325554984233
49.17,0.34712703038937337
49.18,0.3469102244091801
49.19,0.3466635031439923
49.2,0.3464167818788043
49.21,0.34617006061361644
49.22,0.3459233393484286
49.230000000000004,0.3456766180832406
49.24,0.3454298968180528
49.25,0.345183175552865
49.26,0.3449364542876771
49.27,0.3446897330224891
49.28,0.3444363668562032
49.29,0.34412826433896604
49.300000000000004,0.3438201618217287
49.31,0.3435120593044915
49.32,0.34320395678725435
49.33,0.34289585427001723
49.34,0.34258775175277983
49.35,0.3422796492355427
49.36,0.34197154671830554
49.370000000000005,0.3416634442010682
49.38,0.341355341683831
49.39,0.34097003266219683
49.4,0.34057505817872774
49.410000000000004,0.3401800836952583
49.42,0.3397851092117892
49.43,0.3393901347283201
49.44,0.33899516024485093
49.45,0.33860018576138157
49.46,0.3382052112779124
49.47,0.3378102367944433
49.480000000000004,0.3374109704433359
49.49,0.33699415262680316
49.5,0.33657733481027036
49.51,0.3361605169937376
49.52,0.3357436991772046
49.53,0.33532688136067185
49.54,0.3349100635441391
49.550000000000004,0.334493245727606
49.56,0.3340764279110733
49.57,0.33365961009454054
49.58,0.3332427922780078
49.59,0.33279050814805533
49.6,0.3323168476520654
49.61,0.33184318715607547
49.620000000000005,0.33136952666008523
49.63,0.33089586616409533
49.64,0.3304222056681054
49.65,0.32994854517211547
49.660000000000004,0.32947488467612523
49.67,0.3290012241801353
49.68,0.3285275636841454
49.69,0.32805390318815547
49.7,0.3276274135432294
49.71,0.32720120735713293
49.72,0.3267750011710364
49.730000000000004,0.3263487949849397
49.74,0.32592258879884317
49.75,0.3254963826127467
49.76,0.3250701764266502
49.77,0.32464397024055347
49.78,0.32421776405445696
49.79,0.3237915578683605
49.800000000000004,0.3233653516822637
49.81,0.32293914549616726
49.82,0.32251293931007075
49.83,0.32204807870104174
49.84,0.32157994683223373
49.85,0.3211118149634261
49.86,0.32064368309461844
49.870000000000005,0.32017555122581043
49.88,0.31970741935700275
49.89,0.3192392874881951
49.9,0.3187711556193874
49.910000000000004,0.3183030237505794
49.92,0.3178348918817717
49.93,0.31736676001296404
49.94,0.31689862814415637
49.95,0.31643049627534836
49.96,0.3158239618572728
49.97,0.31520529114845447
49.980000000000004,0.3145866204396357
49.99,0.3139679497308174
50.0,0.31334927902199905
50.01,0.3127306083131807
50.02,0.3121119376043619
50.03,0.3114932668955436
50.04,0.31087459618672525
50.050000000000004,0.3102559254779065
50.06,0.30959745504253117
50.07,0.3088468794061454
50.08,0.3080963037697596
50.09,0.3073457281333733
50.1,0.3065951524969875
50.11,0.30584457686060174
50.120000000000005,0.3050940012242154
50.13,0.3043434255878296
50.14,0.30359284995144387
50.15,0.30284061063472933
50.160000000000004,0.3020662488697399
50.17,0.3012918871047509
50.18,0.300517525339762
50.19,0.2997431635747731
50.2,0.29896880180978364
50.21,0.2981944400447947
50.22,0.29742007827980577
50.230000000000004,0.2966457165148163
50.24,0.29587135474982734
50.25,0.29511578139223704
50.26,0.2943707985204355
50.27,0.29362581564863355
50.28,0.2928808327768321
50.29,0.29213584990503055
50.300000000000004,0.2913908670332286
50.31,0.2906458841614271
50.32,0.2899009012896256
50.33,0.2891559184178241
50.34,0.28841093554602215
50.35,0.2876658496812801
50.36,0.2869206727296206
50.370000000000005,0.2861754957779605
50.38,0.28543031882630093
50.39,0.2846851418746414
50.4,0.28393996492298185
50.410000000000004,0.28319478797132175
50.42,0.2824496110196622
50.43,0.28170443406800266
50.44,0.2809592571163431
50.45,0.28022714745363164
50.46,0.27956121888073415
50.47,0.2788952903078367
50.480000000000004,0.2782293617349388
50.49,0.27756343316204135
50.5,0.27689750458914386
50.51,0.2762315760162464
50.52,0.2755656474433485
50.53,0.274899718870451
50.54,0.27423379029755357
50.550000000000004,0.27356786172465564
50.56,0.2729019331517582
50.57,0.272245201353583
50.58,0.27160173466750165
50.59,0.2709582679814198
50.6,0.2703148012953384
50.61,0.269671334609257
50.620000000000005,0.26902786792317523
50.63,0.26838440123709384
50.64,0.26774093455101244
50.65,0.2670974678649311
50.660000000000004,0.26645400117884926
50.67,0.26581053449276787
50.68,0.2651670678066865
50.69,0.26449873424334336
50.7,0.26376658982286866
50.71,0.2630344454023945
50.72,0.2623023009819203
50.730000000000004,0.26157015656144567
50.74,0.26083801214097146
50.75,0.2601058677204973
50.76,0.2593737233000232
50.77,0.2586415788795485
50.78,0.2579094344590743
50.79,0.2571772900386001
50.800000000000004,0.25642747451407805
50.81,0.2556707961040066
50.82,0.2549141176939352
50.83,0.25415743928386375
50.84,0.25340076087379176
50.85,0.2526440824637204
50.86,0.25188740405364896
50.870000000000005,0.25113072564357697
50.88,0.25037404723350554
50.89,0.24961736882343413
50.9,0.24884874772113555
50.910000000000004,0.24807742392035748
50.92,0.24730610011957996
50.93,0.24653477631880247
50.94,0.24576345251802495
50.95,0.2449921287172469
50.96,0.2442208049164694
50.97,0.24344948111569187
50.980000000000004,0.24267815731491382
50.99,0.24193518492257463
51.0,0.24122089770535338
51.01,0.24050661048813213
51.02,0.23979232327091038
51.03,0.23907803605368913
51.04,0.23836374883646788
51.050000000000004,0.23764946161924613
51.06,0.23693517440202488
51.07,0.23622088718480364
51.08,0.2355089178532102
51.09,0.23483385082350083
51.1,0.23415878379379196
51.11,0.23348371676408305
51.120000000000005,0.2328086497343737
51.13,0.2321335827046648
51.14,0.23145851567495593
51.15,0.23078344864524702
51.160000000000004,0.23010838161553765
51.17,0.22943331458582877
51.18,0.2288681283880762
51.19,0.2283128153696618
51.2,0.227757502351247
51.21,0.22720218933283262
51.22,0.2266468763144182
51.230000000000004,0.22609156329600344
51.24,0.22553625027758903
51.25,0.22498093725917465
51.26,0.22442562424076024
51.27,0.22387340808092598
51.28,0.2234113219866801
51.29,0.2229492358924342
51.300000000000004,0.222487149798188
51.31,0.22202506370394212
51.32,0.22156297760969623
51.33,0.22110089151545034
51.34,0.22063880542120412
51.35,0.22017671932695823
51.36,0.21971463323271234
51.370000000000005,0.21925254713846612
51.38,0.21884819522617602
51.39,0.21844938362190022
51.4,0.21805057201762443
51.410000000000004,0.21765176041334836
51.42,0.21725294880907256
51.43,0.2168541372047968
51.44,0.216455325600521
51.45,0.2160565139962449
51.46,0.21565770239196913
51.47,0.2153010549244345
51.480000000000004,0.21498471078135295
51.49,0.2146683666382716
51.5,0.21435202249519028
51.51,0.21403567835210896
51.52,0.21371933420902742
51.53,0.21340299006594607
51.54,0.21308664592286475
51.550000000000004,0.2127703017797832
51.56,0.2125704161973632
51.57,0.21238695172522232
51.58,0.21220348725308147
51.59,0.21202002278094048
51.6,0.21183655830879963
51.61,0.21165309383665878
51.620000000000005,0.2114696293645178
51.63,0.21128616489237692
51.64,0.21110270042023607
51.65,0.21104131573637985
51.660000000000004,0.2109896226964113
51.67,0.2109379296564428
51.68,0.2108862366164743
51.69,0.2108345435765058
51.7,0.21078285053653725
51.71,0.21073115749656873
51.72,0.21067946445660024
51.730000000000004,0.2106277714166317
51.74,0.21061861948828456
51.75,0.21068543302484496
51.76,0.21075224656140537
51.77,0.21081906009796583
51.78,0.21088587363452627
51.79,0.21095268717108667
51.800000000000004,0.21101950070764713
51.81,0.21108631424420754
51.82,0.21115312778076797
51.83,0.21125647686963564
51.84,0.2114552209515368
51.85,0.2116539650334378
51.86,0.21185270911533882
51.870000000000005,0.21205145319723998
51.88,0.212250197279141
51.89,0.212448941361042
51.9,0.21264768544294302
51.910000000000004,0.21284642952484417
51.92,0.2131129629200418
51.93,0.21342051151456956
51.94,0.21372806010909728
51.95,0.21403560870362526
51.96,0.214343157298153
51.97,0.21465070589268076
51.980000000000004,0.21495825448720873
51.99,0.21526580308173646
52.0,0.2155733516762642
52.01,0.21596060146125468
52.02,0.21636733468871944
52.03,0.21677406791618392
52.04,0.21718080114364838
52.050000000000004,0.21758753437111314
52.06,0.21799426759857762
52.07,0.21840100082604208
52.08,0.21880773405350656
52.09,0.21921446728097133
52.1,0.21966316324566668
52.11,0.22011618861844331
52.120000000000005,0.2205692139912203
52.13,0.22102223936399693
52.14,0.22147526473677356
52.15,0.22192829010955023
52.160000000000004,0.22238131548232717
52.17,0.22283434085510384
52.18,0.22328736622788048
52.19,0.22374757782327134
52.2,0.2242461241375935
52.21,0.2247446704519153
52.22,0.2252432167662371
52.230000000000004,0.22574176308055924
52.24,0.22624030939488102
52.25,0.22673885570920282
52.26,0.2272374020235246
52.27,0.22773594833784677
52.28,0.22823449465216855
