Time,Speed
0.0,0.1519000000000048
0.01,0.21246485066361362
0.02,0.27302970132722243
0.03,0.3335945519908312
0.04,0.3962105604762259
0.05,0.4594608774458297
0.06,0.5227111944154335
0.07,0.5928181730200984
0.08,0.6663792469618158
0.09,0.7368634230195337
0.1,0.7582301605994122
0.11,0.7795968981792907
0.12,0.8009636357591692
0.13,0.8223303733390477
0.14,0.8436960520566342
0.15,0.8599696569191967
0.16,0.8762432617817593
0.17,0.8925168666443217
0.18,0.9076054070191928
0.19,0.922659945311184
0.2,0.9376158719813705
0.21,0.9511731050776756
0.22,0.9647303381739807
0.23,0.9750087056749527
0.24,0.9803763869713231
0.25,0.9857440682676936
0.26,0.983859764616048
0.27,0.9813249160100571
0.28,0.9786187525102139
0.29,0.9742339149853492
0.3,0.9698490774604844
0.31,0.9651963126317107
0.32,0.9600142117004561
0.33,0.9548321107692014
0.34,0.9489903110961693
0.35000000000000003,0.9427866795635694
0.36,0.9365642774145267
0.37,0.930083435375111
0.38,0.9236025933356952
0.39,0.9166201228093594
0.4,0.9081773620202134
0.41000000000000003,0.8997346012310673
0.42,0.89194813570338
0.43,0.8843113461214124
0.44,0.8766745565394447
0.45,0.8664242464572125
0.46,0.8554623011847953
0.47000000000000003,0.8449695775110175
0.48,0.8350780143776362
0.49,0.8251864512442547
0.5,0.8130157251892023
0.51,0.7991023059657367
0.52,0.7861260787291479
0.53,0.7750122222625665
0.54,0.763898365795985
0.55,0.7540176225999498
0.56,0.7448075333944912
0.5700000000000001,0.7355974441890327
0.58,0.7316519282656703
0.59,0.7279147746628084
0.6,0.7255628450166804
0.61,0.7272497869373875
0.62,0.7289367288580947
0.63,0.7320667209572735
0.64,0.7373428131730162
0.65,0.7426189053887589
0.66,0.7473872810953194
0.67,0.7521010705282442
0.68,0.7567187175116487
0.6900000000000001,0.7601415363979279
0.7000000000000001,0.7635643552842072
0.71,0.7631658578207022
0.72,0.762684247155784
0.73,0.762097751321252
0.74,0.759418557091017
0.75,0.756739362860782
0.76,0.754060168630547
0.77,0.7507065770163945
0.78,0.7469887329992847
0.79,0.7432708889821749
0.8,0.739553044965065
0.81,0.7352551524255159
0.8200000000000001,0.7308444569474667
0.8300000000000001,0.7264337614694174
0.84,0.7222478192219284
0.85,0.718898311646087
0.86,0.7155488040702456
0.87,0.7121992964944043
0.88,0.7088497889185629
0.89,0.705218176043752
0.9,0.701483307669925
0.91,0.6977484392960979
0.92,0.6940135709222708
0.93,0.6897674191307807
0.9400000000000001,0.6854596646049191
0.9500000000000001,0.6811519100790577
0.96,0.6763639091196888
0.97,0.6714218591800747
0.98,0.6664865730690657
0.99,0.6619874574541377
1.0,0.6574883418392097
1.01,0.6529892262242817
1.02,0.6514870262571838
1.03,0.6508380093098556
1.04,0.6501889923625273
1.05,0.649539975415199
1.06,0.6488909584678708
1.07,0.6482419415205426
1.08,0.6475929245732144
1.09,0.6469439076258862
1.1,0.6462948906785579
1.11,0.6456458737312296
1.12,0.6449968567839014
1.1300000000000001,0.6443478398365732
1.1400000000000001,0.643698822889245
1.1500000000000001,0.6430498059419167
1.16,0.6424007889945885
1.17,0.6417517720472603
1.18,0.641102755099932
1.19,0.6404537381526038
1.2,0.6398047212052755
1.21,0.6391557042579473
1.22,0.6385066873106191
1.23,0.6378576703632909
1.24,0.6372086534159626
1.25,0.6334088745908194
1.26,0.6268429872644542
1.27,0.6205131793202394
1.28,0.6150302050695535
1.29,0.6095472308188675
1.3,0.6039452130225871
1.31,0.5982674933940714
1.32,0.5929168099914225
1.33,0.5884703898644807
1.34,0.584023969737539
1.35,0.5798048078974676
1.36,0.5756911522696633
1.37,0.5717981920904689
1.3800000000000001,0.5684481940830485
1.3900000000000001,0.5650981960756281
1.4000000000000001,0.5630970526131555
1.41,0.561794074898686
1.42,0.5606948682611851
1.43,0.5631309946301932
1.44,0.5655671209992013
1.45,0.5697543334124215
1.46,0.5750818275395775
1.47,0.5804751163438119
1.48,0.5861528075503567
1.49,0.5918304987569015
1.5,0.5975606930580508
1.51,0.6033462659095938
1.52,0.6091318387611369
1.53,0.6149502786181714
1.54,0.6207705549889122
1.55,0.6258336715372266
1.56,0.6300649417979306
1.57,0.6342962120586345
1.58,0.6361273055961655
1.59,0.6374964462658772
1.6,0.6388655869355888
1.61,0.6399815494011544
1.62,0.6401396292244279
1.6300000000000001,0.6402977090477014
1.6400000000000001,0.640455788870975
1.6500000000000001,0.6406138686942486
1.6600000000000001,0.6407719485175222
1.67,0.6409300283407957
1.68,0.6409813693508999
1.69,0.6407341777271082
1.7,0.6404869861033166
1.71,0.640239794479525
1.72,0.6399926028557333
1.73,0.6397454112319417
1.74,0.6394982196081501
1.75,0.6391600992299336
1.76,0.6385021186373525
1.77,0.6378441380447716
1.78,0.6371861574521905
1.79,0.6365281768596096
1.8,0.6358701962670286
1.81,0.6352122156744475
1.82,0.6345542350818666
1.83,0.6335574708713706
1.84,0.6323557706200865
1.85,0.6311540703688024
1.86,0.6299523701175184
1.87,0.6287506698662343
1.8800000000000001,0.6275489696149501
1.8900000000000001,0.626347269363666
1.9000000000000001,0.6252490143904964
1.9100000000000001,0.624323209782461
1.92,0.6233974051744258
1.93,0.6224716005663904
1.94,0.621545795958355
1.95,0.6206199913503196
1.96,0.6196941867422843
1.97,0.618768382134249
1.98,0.6178425775262136
1.99,0.6169167729181783
2.0,0.6159909683101429
2.0100000000000002,0.6150651637021075
2.02,0.6141393590940722
2.0300000000000002,0.6124999463304661
2.04,0.6099994891127967
2.05,0.6074990318951273
2.06,0.6049985746774579
2.07,0.6024981174597884
2.08,0.6001749302977241
2.09,0.5981827198103122
2.1,0.5961905093229004
2.11,0.5941982988354887
2.12,0.5922060883480769
2.13,0.590213877860665
2.14,0.5879494232519586
2.15,0.5842108916879396
2.16,0.5804723601239203
2.17,0.5767338285599012
2.18,0.5728799557121362
2.19,0.5689822736060666
2.2,0.5650845914999967
2.21,0.5612638293756415
2.22,0.5585083439899047
2.23,0.5557528586041681
2.24,0.5529973732184315
2.25,0.5502418878326949
2.2600000000000002,0.5474864024469582
2.27,0.5452642298977346
2.2800000000000002,0.543214923177008
2.29,0.5411656164562816
2.3000000000000003,0.539116309735555
2.31,0.5370670030148286
2.32,0.535017696294102
2.33,0.5329683895733754
2.34,0.5310284855828427
2.35,0.529211994665347
2.36,0.5273955037478514
2.37,0.5255790128303558
2.38,0.5237625219128602
2.39,0.5219460309953645
2.4,0.5201295400778689
2.41,0.5183130491603734
2.42,0.5164784294704253
2.43,0.5146238012509184
2.44,0.5127691730314118
2.45,0.510914544811905
2.46,0.5090599165923982
2.47,0.5072052883728915
2.48,0.5053506601533848
2.49,0.503638868623069
2.5,0.5021636738307406
2.5100000000000002,0.5006884790384121
2.52,0.4992132842460836
2.5300000000000002,0.4977380894537551
2.54,0.49626289466142665
2.5500000000000003,0.4947876998690981
2.56,0.49331250507676966
2.57,0.49185301055634384
2.58,0.4906332289145166
2.59,0.48941344727268943
2.6,0.4881936656308622
2.61,0.48697388398903496
2.62,0.48575410234720773
2.63,0.48453432070538055
2.64,0.4833145390635533
2.65,0.4820947574217261
2.66,0.48087497577989885
2.67,0.4795673446080483
2.68,0.4782483901968234
2.69,0.4769294357855986
2.7,0.47561048137437373
2.71,0.4742915269631489
2.72,0.47297257255192404
2.73,0.4716536181406992
2.74,0.47033466372947436
2.75,0.4693146197309067
2.7600000000000002,0.4683422892031456
2.77,0.4673699586753845
2.7800000000000002,0.4663976281476234
2.79,0.46542529761986234
2.8000000000000003,0.4644529670921012
2.81,0.46348063656434013
2.82,0.46250830603657905
2.83,0.461535975508818
2.84,0.4607388091585357
2.85,0.460100001629011
2.86,0.45946119409948627
2.87,0.45882238656996155
2.88,0.45818357904043683
2.89,0.45754477151091205
2.9,0.45690596398138733
2.91,0.4562671564518626
2.92,0.4556283489223379
2.93,0.45495210083088655
2.94,0.45410926743707625
2.95,0.45326643404326594
2.96,0.45242360064945564
2.97,0.4515807672556453
2.98,0.45058929182214424
2.99,0.4493732141334751
3.0,0.4481571364448059
3.0100000000000002,0.44694105875613677
3.02,0.44571645328353643
3.0300000000000002,0.44448928880167965
3.04,0.4432621243198229
3.0500000000000003,0.44203495983796615
3.06,0.44098912679828717
3.0700000000000003,0.43999290688810794
3.08,0.43899668697792876
3.09,0.4380004670677496
3.1,0.43700424715757036
3.11,0.4360080272473912
3.12,0.435227324242942
3.13,0.43452236760089935
3.14,0.4338174109588566
3.15,0.433112454316814
3.16,0.43240749767477127
3.17,0.4317025410327286
3.18,0.4309975843906859
3.19,0.4303069872124204
3.2,0.42988310094388954
3.21,0.42945921467535875
3.22,0.4290353284068279
3.23,0.42861144213829705
3.24,0.4281875558697662
3.25,0.4277636696012354
3.2600000000000002,0.42733978333270456
3.27,0.4269158970641737
3.2800000000000002,0.4265764223869453
3.29,0.4263124565922113
3.3000000000000003,0.4260484907974773
3.31,0.4257845250027433
3.3200000000000003,0.42552055920800924
3.33,0.42525659341327526
3.34,0.42499262761854123
3.35,0.4247286618238072
3.36,0.42444803765091854
3.37,0.42412991573954106
3.38,0.42381179382816353
3.39,0.423493671916786
3.4,0.4231755500054085
3.41,0.422857428094031
3.42,0.42253930618265345
3.43,0.422221184271276
3.44,0.42190306235989844
3.45,0.4215915352731996
3.46,0.4212838251386973
3.47,0.420976115004195
3.48,0.4206684048696927
3.49,0.42036069473519044
3.5,0.42005298460068813
3.5100000000000002,0.41974527446618587
3.52,0.41943756433168355
3.5300000000000002,0.4191341593789282
3.54,0.4188480043603424
3.5500000000000003,0.41856184934175666
3.56,0.4182756943231709
3.5700000000000003,0.41798953930458516
3.58,0.4177033842859994
3.59,0.41741722926741365
3.6,0.4171310742488279
3.61,0.41684375950960684
3.62,0.41654105218690884
3.63,0.4162383448642109
3.64,0.4159356375415129
3.65,0.415632930218815
3.66,0.415330222896117
3.67,0.41502751557341905
3.68,0.4147248082507211
3.69,0.4144716143885141
3.7,0.41432926826458694
3.71,0.4141869221406597
3.72,0.4140445760167325
3.73,0.41390222989280534
3.74,0.4137598837688781
3.75,0.4136175376449509
3.7600000000000002,0.41347519152102374
3.77,0.4133966814673216
3.7800000000000002,0.4133409654608097
3.79,0.4132852494542978
3.8000000000000003,0.41322953344778585
3.81,0.41317381744127396
3.8200000000000003,0.4131181014347621
3.83,0.41306238542825013
3.84,0.41300666942173825
3.85,0.4129509534152263
3.86,0.4128994371590979
3.87,0.4128541658791243
3.88,0.41280889459915077
3.89,0.41276362331917715
3.9,0.4127183520392036
3.91,0.41267308075923
3.92,0.41265269417487455
3.93,0.4126387127251582
3.94,0.4126247312754418
3.95,0.41261074982572543
3.96,0.4125215261947877
3.97,0.4124008467753493
3.98,0.41228016735591083
3.99,0.4120382362530313
4.0,0.41177190662894536
4.01,0.41150557700485946
4.0200000000000005,0.4116497171891296
4.03,0.4119054822642875
4.04,0.4121612473394455
4.05,0.4122921273448518
4.0600000000000005,0.4123317070646027
4.07,0.4123167982950902
4.08,0.41200858210716795
4.09,0.4117003659192457
4.1,0.41172690522112687
4.11,0.41190071614580004
4.12,0.4120475380998746
4.13,0.41210427194811344
4.14,0.41216100579635223
4.15,0.412217739644591
4.16,0.41199988141391597
4.17,0.4117560775194861
4.18,0.41151227362505627
4.19,0.4112684697306264
4.2,0.4110749462940637
4.21,0.4109489869097354
4.22,0.4108230275254071
4.23,0.41069706814107887
4.24,0.41057110875675057
4.25,0.41044514937242227
4.26,0.4103395047165891
4.2700000000000005,0.4102961332846056
4.28,0.4102527618526221
4.29,0.41020939042063864
4.3,0.4101660189886551
4.3100000000000005,0.4101226475566716
4.32,0.41007927612468814
4.33,0.41004213750782625
4.34,0.41001205610804775
4.3500000000000005,0.40998197470826925
4.36,0.4099518933084907
4.37,0.4099218119087122
4.38,0.4098917305089337
4.39,0.4098616491091551
4.4,0.4098238740249513
4.41,0.409774355053374
4.42,0.40972483608179666
4.43,0.4096753171102193
4.44,0.40962579813864197
4.45,0.4095762791670647
4.46,0.40952676019548734
4.47,0.40947722822755434
4.48,0.40942640834551525
4.49,0.40937558846347616
4.5,0.40932476858143707
4.51,0.409273948699398
4.5200000000000005,0.4092231288173589
4.53,0.4091723089353198
4.54,0.4091214890532807
4.55,0.40907066917124163
4.5600000000000005,0.40912450842524356
4.57,0.4091787605491858
4.58,0.40923301267312806
4.59,0.4092872647970703
4.6000000000000005,0.40934151692101256
4.61,0.4093957690449548
4.62,0.409450021168897
4.63,0.4095042732928393
4.64,0.40956102750172446
4.65,0.40962308077404586
4.66,0.40968513404636725
4.67,0.40974718731868864
4.68,0.40980924059101004
4.69,0.4098712938633314
4.7,0.40993334713565277
4.71,0.40999540040797416
4.72,0.41006356788410764
4.73,0.4101475623364048
4.74,0.41023155678870205
4.75,0.4103155512409992
4.76,0.41039954569329645
4.7700000000000005,0.41048354014559363
4.78,0.41056753459789086
4.79,0.41065152905018804
4.8,0.4107355235024852
4.8100000000000005,0.41081951795478244
4.82,0.4109616424114143
4.83,0.41111845292910976
4.84,0.41127526344680526
4.8500000000000005,0.4114320739645007
4.86,0.41158888448219616
4.87,0.41174569499989166
4.88,0.4119025055175871
4.89,0.41205931603528256
4.9,0.41221612655297807
4.91,0.4123729370706735
4.92,0.4125586735470261
4.93,0.41279217154742504
4.94,0.413025669547824
4.95,0.4132591675482229
4.96,0.41349266554862185
4.97,0.4137261635490208
4.98,0.41395966154941977
4.99,0.41419315954981867
5.0,0.4144266575502176
5.01,0.4146601555506165
5.0200000000000005,0.41490520356307986
5.03,0.41519542988991304
5.04,0.4154856562167462
5.05,0.4157758825435794
5.0600000000000005,0.4160661088704126
5.07,0.4163563351972458
5.08,0.416646561524079
5.09,0.41693678785091215
5.1000000000000005,0.4172270141777454
5.11,0.41753865001079754
5.12,0.4178518418466513
5.13,0.41816503368250507
5.14,0.41847822551835884
5.15,0.41879141735421266
5.16,0.4191046091900664
5.17,0.4194178010259202
5.18,0.419730992861774
5.19,0.4200959871071104
5.2,0.42048895997958974
5.21,0.4208819328520691
5.22,0.42127490572454845
5.23,0.42166787859702787
5.24,0.4220608514695073
5.25,0.42245382434198664
5.26,0.42284660857014483
5.2700000000000005,0.42322486361208483
5.28,0.42360311865402483
5.29,0.4239813736959648
5.3,0.4243596287379048
5.3100000000000005,0.4247378837798448
5.32,0.42511613882178473
5.33,0.42549439386372473
5.34,0.42585983826303975
5.3500000000000005,0.426185134903454
5.36,0.42651043154386814
5.37,0.42683572818428234
5.38,0.42716102482469653
5.39,0.42748632146511073
5.4,0.4278116181055249
5.41,0.4281369147459391
5.42,0.4284588123193427
5.43,0.4287434742748619
5.44,0.4290281362303812
5.45,0.42931279818590046
5.46,0.4295974601414197
5.47,0.42988212209693893
5.48,0.43016678405245823
5.49,0.43045144600797747
5.5,0.430713123289748
5.51,0.4308940234779524
5.5200000000000005,0.4310749236661569
5.53,0.43125582385436134
5.54,0.43143672404256583
5.55,0.43161762423077027
5.5600000000000005,0.43179852441897476
5.57,0.4319794246071792
5.58,0.4321155156700825
5.59,0.4322064803511897
5.6000000000000005,0.4322974450322969
5.61,0.4323884097134041
5.62,0.43247937439451134
5.63,0.43257033907561854
5.64,0.43266130375672573
5.65,0.43275226843783293
5.66,0.43280861069053067
5.67,0.4327689843267584
5.68,0.4327293579629861
5.69,0.43268973159921387
5.7,0.43265010523544156
5.71,0.4326104788716693
5.72,0.43257085250789706
5.73,0.43253122614412476
5.74,0.4324131251798263
5.75,0.4322666740858347
5.76,0.43212022299184305
5.7700000000000005,0.43197377189785147
5.78,0.4318273208038598
5.79,0.43168086970986824
5.8,0.43153441861587666
5.8100000000000005,0.431387967521885
5.82,0.43124151642789343
5.83,0.4310386347673649
5.84,0.4307625104898612
5.8500000000000005,0.43048638621235735
5.86,0.4302102619348536
5.87,0.42993413765734984
5.88,0.42965801337984605
5.89,0.4293818891023423
5.9,0.4291057648248385
5.91,0.42879869872838994
5.92,0.42836994094292025
5.93,0.4279411831574506
5.94,0.42751242537198086
5.95,0.42708366758651123
5.96,0.42665490980104154
5.97,0.42622615201557185
5.98,0.42579739423010216
5.99,0.42533087034151384
6.0,0.424812250453714
6.01,0.4242936305659141
6.0200000000000005,0.42377501067811424
6.03,0.4232563907903144
6.04,0.4227377709025146
6.05,0.4222191510147147
6.0600000000000005,0.4217005311269148
6.07,0.4211759160178002
6.08,0.42065084874382186
6.09,0.4201257814698435
6.1000000000000005,0.41960071419586503
6.11,0.4190756469218867
6.12,0.4185505796479083
6.13,0.41802551237392993
6.140000000000001,0.41750044509995154
6.15,0.41697412836385317
6.16,0.4164458027893798
6.17,0.41591747721490646
6.18,0.41538915164043305
6.19,0.41486082606595964
6.2,0.4143325004914863
6.21,0.4138041749170129
6.22,0.4132758493425395
6.23,0.4127475237680661
6.24,0.4121854881085312
6.25,0.411486191067295
6.26,0.4107868940260588
6.2700000000000005,0.41008759698482256
6.28,0.4093882999435864
6.29,0.40868900290235016
6.3,0.407989705861114
6.3100000000000005,0.4073113881016783
6.32,0.4067615069922334
6.33,0.40621162588278853
6.34,0.4056617447733437
6.3500000000000005,0.4051118636638988
6.36,0.4045619825544539
6.37,0.40401210144500904
6.38,0.40346222033556417
6.390000000000001,0.40291233922611924
6.4,0.40233545779501395
6.41,0.4017114282518936
6.42,0.40108739870877325
6.43,0.4004633691656529
6.44,0.3998393396225325
6.45,0.39921531007941213
6.46,0.39859128053629184
6.47,0.3979672509931715
6.48,0.39736159041326885
6.49,0.39676677335168736
6.5,0.3961719562901058
6.51,0.39557713922852433
6.5200000000000005,0.39498232216694273
6.53,0.39438750510536125
6.54,0.39379268804377976
6.55,0.3931978709821982
6.5600000000000005,0.3926595835854595
6.57,0.39213314697989815
6.58,0.39160671037433675
6.59,0.3910802737687754
6.6000000000000005,0.390553837163214
6.61,0.39002740055765267
6.62,0.38950096395209133
6.63,0.38897452734652993
6.640000000000001,0.3885019040119446
6.65,0.3880423865425833
6.66,0.3875828690732219
6.67,0.38712335160386063
6.68,0.3866638341344993
6.69,0.38620431666513794
6.7,0.3857447991957766
6.71,0.3852852817264153
6.72,0.38484064616092034
6.73,0.38439794663503335
6.74,0.3839552471091463
6.75,0.3835125475832593
6.76,0.3830698480573723
6.7700000000000005,0.3826271485314853
6.78,0.3821844490055983
6.79,0.38179988783637947
6.8,0.3814847950193364
6.8100000000000005,0.3811697022022933
6.82,0.38085460938525023
6.83,0.3805395165682071
6.84,0.38022442375116405
6.8500000000000005,0.37990933093412094
6.86,0.3795942381170779
6.87,0.3792791453000348
6.88,0.37896444511176547
6.890000000000001,0.37865042688772543
6.9,0.37833640866368545
6.91,0.3780223904396455
6.92,0.3777083722156055
6.93,0.37739435399156546
6.94,0.3770803357675254
6.95,0.37676631754348544
6.96,0.37645229931944546
6.97,0.3760818215328269
6.98,0.37569966413268285
6.99,0.3753175067325388
7.0,0.37493534933239475
7.01,0.37455319193225073
7.0200000000000005,0.37417103453210665
7.03,0.3737888771319626
7.04,0.3733951334504152
7.05,0.3729974652284982
7.0600000000000005,0.37259979700658113
7.07,0.3722021287846641
7.08,0.3718044605627471
7.09,0.37140679234083007
7.1000000000000005,0.371009124118913
7.11,0.3705390609307466
7.12,0.3700198838494804
7.13,0.3695007067682143
7.140000000000001,0.36898152968694803
7.15,0.3684623526056819
7.16,0.3679431755244157
7.17,0.3674239984431495
7.18,0.3668576388729793
7.19,0.3662741676654115
7.2,0.3656906964578438
7.21,0.3651072252502761
7.22,0.36452375404270837
7.23,0.3639402828351406
7.24,0.36336340042911647
7.25,0.3628410638372128
7.26,0.36231872724530917
7.2700000000000005,0.36179639065340546
7.28,0.36127405406150176
7.29,0.3607517174695981
7.3,0.36022938087769446
7.3100000000000005,0.35970704428579076
7.32,0.3591813314352109
7.33,0.35860586231524927
7.34,0.3580303931952876
7.3500000000000005,0.3574549240753259
7.36,0.3568794549553643
7.37,0.3563039858354027
7.38,0.35572851671544103
7.390000000000001,0.35515304759547933
7.4,0.3545691730414264
7.41,0.35378784580092715
7.42,0.3530065185604279
7.43,0.3522251913199287
7.44,0.3514438640794294
7.45,0.35066253683893017
7.46,0.34988120959843094
7.47,0.34908283745309504
7.48,0.348191840678205
7.49,0.34730084390331517
7.5,0.34640984712842526
7.51,0.34551885035353536
7.5200000000000005,0.34462785357864534
7.53,0.3437368568037555
7.54,0.34284224662421836
7.55,0.3419468000386956
7.5600000000000005,0.34105135345317267
7.57,0.3401559068676499
7.58,0.3392604602821271
7.59,0.33836501369660427
7.6000000000000005,0.3374709809390953
7.61,0.33657942075463754
7.62,0.33568786057017985
7.63,0.33479630038572217
7.640000000000001,0.33390474020126437
7.65,0.33301318001680663
7.66,0.33212161983234895
7.67,0.3312246117879741
7.68,0.3303208512676017
7.69,0.32941709074722925
7.7,0.3285133302268569
7.71,0.3276095697064845
7.72,0.32670580918611214
7.73,0.3258020486657397
7.74,0.3249968760704542
7.75,0.32424654883023635
7.76,0.32349622159001845
7.7700000000000005,0.32274589434980056
7.78,0.32199556710958266
7.79,0.3212452398693648
7.8,0.320494912629147
7.8100000000000005,0.319744585388929
7.82,0.318953245280533
7.83,0.3181361473936111
7.84,0.3173190495066893
7.8500000000000005,0.3165019516197674
7.86,0.31568485373284555
7.87,0.31486775584592375
7.88,0.3140506579590019
7.890000000000001,0.31306297659777765
7.9,0.311858774491664
7.91,0.3106545723855503
7.92,0.30945037027943656
7.930000000000001,0.3082461681733228
7.94,0.3071659136112262
7.95,0.30624468978787883
7.96,0.30532346596453147
7.97,0.3044022421411841
7.98,0.3034810183178367
7.99,0.30255979449448933
8.0,0.30164573246878584
8.01,0.3008181233664994
8.02,0.29999051426421297
8.03,0.29916290516192656
8.040000000000001,0.29833529605964
8.05,0.2975076869573535
8.06,0.2966800778550671
8.07,0.29585246875278065
8.08,0.29510402438419503
8.09,0.294361359729245
8.1,0.293618695074295
8.11,0.29287603041934496
8.120000000000001,0.2921333657643948
8.13,0.2913907011094448
8.14,0.2906480364544948
8.15,0.28989850998549194
8.16,0.2891240806728855
8.17,0.28834965136027896
8.18,0.28757522204767244
8.19,0.2868007927350659
8.2,0.28602636342245946
8.21,0.2852519341098528
8.22,0.28447459941178876
8.23,0.2836786784952742
8.24,0.2828827575787596
8.25,0.282086836662245
8.26,0.2812909157457304
8.27,0.2804949948292158
8.28,0.2796990739127012
8.290000000000001,0.27892718857982035
8.3,0.27817684967875744
8.31,0.2774265107776945
8.32,0.27667617187663157
8.33,0.2759258329755686
8.34,0.2751754940745057
8.35,0.27442515517344274
8.36,0.2736894495986455
8.370000000000001,0.27297198942706163
8.38,0.2722545292554779
8.39,0.27153706908389413
8.4,0.2708196089123104
8.41,0.2701021487407267
8.42,0.26938468856914294
8.43,0.26865484339291257
8.44,0.2678633376398388
8.45,0.26707183188676503
8.46,0.2662803261336911
8.47,0.26548882038061733
8.48,0.26469731462754353
8.49,0.26390580887446974
8.5,0.2631566656493418
8.51,0.2624154797431341
8.52,0.26167429383692636
8.53,0.26093310793071867
8.540000000000001,0.2601919220245108
8.55,0.25945073611830305
8.56,0.25870955021209535
8.57,0.2580445835626627
8.58,0.257385161578234
8.59,0.2567257395938053
8.6,0.2560663176093766
8.61,0.25540689562494795
8.620000000000001,0.25474747364051914
8.63,0.25408805165609044
8.64,0.25341098183183486
8.65,0.25270603004178704
8.66,0.25200107825173923
8.67,0.2512961264616914
8.68,0.2505911746716436
8.69,0.2498862228815958
8.700000000000001,0.24918127109154786
8.71,0.2485200922785411
8.72,0.24788827698720764
8.73,0.24725646169587417
8.74,0.2466246464045407
8.75,0.24599283111320724
8.76,0.24536101582187378
8.77,0.2447292005305403
8.78,0.24409738523920682
8.790000000000001,0.24346794742683525
8.8,0.24283904922747096
8.81,0.24221015102810667
8.82,0.24158125282874235
8.83,0.24095235462937806
8.84,0.24032345643001374
8.85,0.23969455823064945
8.86,0.23907212329326527
8.870000000000001,0.2384725352248734
8.88,0.23787294715648166
8.89,0.2372733590880899
8.9,0.2366737710196982
8.91,0.23607418295130644
8.92,0.2354745948829147
8.93,0.23487500681452295
8.94,0.23426859202837727
8.950000000000001,0.23365184988136004
8.96,0.2330351077343429
8.97,0.23241836558732581
8.98,0.2318016234403087
8.99,0.23118488129329157
9.0,0.23056813914627444
9.01,0.22995139699925732
9.02,0.22935914224175857
9.03,0.228778207077772
9.040000000000001,0.2281972719137853
9.05,0.22761633674979873
9.06,0.22703540158581215
9.07,0.22645446642182557
9.08,0.225873531257839
9.09,0.22528918240562607
9.1,0.22464851171489253
9.11,0.22400784102415902
9.120000000000001,0.2233671703334254
9.13,0.2227264996426919
9.14,0.2220858289519584
9.15,0.22144515826122488
9.16,0.2207977802458295
9.17,0.22013290774965769
9.18,0.21946803525348588
9.19,0.21880316275731407
9.200000000000001,0.21813829026114215
9.21,0.21747341776497034
9.22,0.21680872703805976
9.23,0.216241869781147
9.24,0.21567501252423427
9.25,0.21510815526732152
9.26,0.21454129801040878
9.27,0.21397444075349603
9.28,0.2134075834965833
9.290000000000001,0.21284075247389025
9.3,0.2122894220989662
9.31,0.21173809172404218
9.32,0.21118676134911812
9.33,0.21063543097419407
9.34,0.21008410059927005
9.35,0.209532770224346
9.36,0.20898143984942194
9.370000000000001,0.2083920753258745
9.38,0.2077894324720411
9.39,0.2071867896182077
9.4,0.20658414676437428
9.41,0.20598150391054088
9.42,0.2053788610567075
9.43,0.2047981330049522
9.44,0.20427201355173605
9.450000000000001,0.2037458940985198
9.46,0.2032197746453036
9.47,0.20269365519208743
9.48,0.20216753573887125
9.49,0.2016414162856551
9.5,0.20110829579567033
9.51,0.20055402594845284
9.52,0.19999975610123538
9.53,0.1994454862540179
9.540000000000001,0.19889121640680033
9.55,0.19833694655958284
9.56,0.19778267671236535
9.57,0.19724201586674403
9.58,0.196712545285801
9.59,0.19618307470485802
9.6,0.195653604123915
9.61,0.19512413354297198
9.620000000000001,0.19459466296202887
9.63,0.19406519238108588
9.64,0.19354639311807628
9.65,0.1930298998021597
9.66,0.1925134064862431
9.67,0.19199691317032652
9.68,0.19148041985440992
9.69,0.1909639265384933
9.700000000000001,0.19047462830904652
9.71,0.1900532157930923
9.72,0.18963180327713808
9.73,0.18921039076118384
9.74,0.18878897824522964
9.75,0.1883675657292754
9.76,0.18794615321332117
9.77,0.18752474069736697
9.78,0.18710495219496656
9.790000000000001,0.18668978318347224
9.8,0.18627461417197796
9.81,0.1858594451604837
9.82,0.18544427614898942
9.83,0.18502910713749515
9.84,0.1846139381260009
9.85,0.18419876911450664
9.86,0.18375058329994673
9.870000000000001,0.1832651806548444
9.88,0.18277977800974216
9.89,0.1822943753646399
9.9,0.18180897271953766
9.91,0.18132357007443542
9.92,0.18085133377413928
9.93,0.18043450687734836
9.94,0.18001767998055745
9.950000000000001,0.17960085308376644
9.96,0.17918402618697554
9.97,0.17876719929018461
9.98,0.1783503723933937
9.99,0.17790921126150333
10.0,0.17741204233462335
10.01,0.1769148734077434
10.02,0.1764177044808634
10.03,0.17592053555398346
10.040000000000001,0.1754233666271034
10.05,0.17492619770022344
10.06,0.17443833362485286
10.07,0.17396014169701268
10.08,0.17348194976917253
10.09,0.17300375784133237
10.1,0.1725255659134922
10.11,0.17204737398565204
10.120000000000001,0.17156918205781177
10.13,0.1711012548702035
10.14,0.1706852719057223
10.15,0.1702692889412411
10.16,0.1698533059767599
10.17,0.1694373230122787
10.18,0.1690213400477975
10.19,0.16860535708331634
10.200000000000001,0.16818937411883506
10.21,0.1677616744907855
10.22,0.16729548281986217
10.23,0.16682929114893888
10.24,0.16636309947801556
10.25,0.16589690780709226
10.26,0.16543071613616894
10.27,0.16496452446524562
10.28,0.1645414682863075
10.290000000000001,0.16413204247606658
10.3,0.16372261666582572
10.31,0.16331319085558488
10.32,0.16290376504534404
10.33,0.16249433923510317
10.34,0.16209340805069908
10.35,0.16176619166487724
10.36,0.16143897527905543
10.370000000000001,0.16111175889323354
10.38,0.1607845425074117
10.39,0.1604573261215899
10.4,0.16013010973576805
10.41,0.1598028933499462
10.42,0.15947043112903186
10.43,0.15913336394617825
10.44,0.15879629676332466
10.450000000000001,0.15845922958047098
10.46,0.1581221623976174
10.47,0.1577850952147638
10.48,0.1574480280319102
10.49,0.15718589999251195
10.5,0.15692718727540197
10.51,0.156668474558292
10.52,0.15640976184118202
10.53,0.15615104912407207
10.540000000000001,0.15589233640696204
10.55,0.15563362368985206
10.56,0.15541455320961017
10.57,0.15520583577811
10.58,0.1549971183466098
10.59,0.15478840091510965
10.6,0.15457968348360945
10.61,0.1543709660521093
10.620000000000001,0.15416415305322723
10.63,0.15401807483793337
10.64,0.1538719966226395
10.65,0.15372591840734565
10.66,0.1535798401920518
10.67,0.15343376197675793
10.68,0.15328768376146404
10.69,0.15314160554617018
10.700000000000001,0.1529955273308763
10.71,0.15285945628852324
10.72,0.1527268901798931
10.73,0.15259432407126297
10.74,0.15246175796263284
10.75,0.1523291918540027
10.76,0.15219662574537257
10.77,0.15206405963674244
10.78,0.1519314935281123
10.790000000000001,0.15179892741948214
10.8,0.15165379935420575
10.81,0.15149677295465208
10.82,0.1513397465550984
10.83,0.15118272015554474
10.84,0.15102569375599106
10.85,0.1508686673564374
10.86,0.15071164095688372
10.870000000000001,0.15055461455733002
10.88,0.15036986811702863
10.89,0.15017844417460285
10.9,0.1499870202321771
10.91,0.14979559628975134
10.92,0.14960417234732556
10.93,0.14941274840489982
10.94,0.14916451706102699
10.950000000000001,0.14889834484607833
10.96,0.14863217263112974
10.97,0.14836600041618114
10.98,0.14813857574065134
10.99,0.14793199940066618
11.0,0.147725423060681
11.01,0.14751884672069585
11.02,0.14731227038071068
11.03,0.14711951340848978
11.040000000000001,0.14694370751550975
11.05,0.14676790162252978
11.06,0.1465920957295498
11.07,0.14641628983656982
11.08,0.14624048394358982
11.09,0.14607397023561883
11.1,0.1459219227162223
11.11,0.1457698751968258
11.120000000000001,0.14561782767742926
11.13,0.14546578015803271
11.14,0.1453137326386362
11.15,0.1451616851192397
11.16,0.14501301113414877
11.17,0.14486816174866674
11.18,0.14472331236318467
11.19,0.1445784629777026
11.200000000000001,0.1444336135922205
11.21,0.14428876420673845
11.22,0.14414391482125638
11.23,0.1440008023278432
11.24,0.1438593366884005
11.25,0.14371787104895783
11.26,0.14357640540951513
11.27,0.14343493977007246
11.28,0.14329347413062976
11.290000000000001,0.14315200849118706
11.3,0.14300761716037733
11.31,0.14286298272767034
11.32,0.14271834829496335
11.33,0.14257371386225637
11.34,0.14242907942954938
11.35,0.1422844449968424
11.36,0.1421509343097201
11.370000000000001,0.14202271467986893
11.38,0.14189449505001778
11.39,0.14176627542016662
11.4,0.14163805579031546
11.41,0.1415098361604643
11.42,0.14138534853688078
11.43,0.14126908377928096
11.44,0.14115281902168111
11.450000000000001,0.14103655426408127
11.46,0.14092028950648144
11.47,0.1408040247488816
11.48,0.14069084409137766
11.49,0.1405953555053864
11.5,0.14049986691939514
11.51,0.14040437833340388
11.52,0.14030888974741262
11.53,0.14021340116142136
11.540000000000001,0.14011791257543008
11.55,0.14003055243151838
11.56,0.13995462021832414
11.57,0.1398786880051299
11.58,0.13980275579193566
11.59,0.13972682357874142
11.6,0.13965089136554718
11.61,0.13957495915235293
11.620000000000001,0.13949902693915867
11.63,0.13942847330261277
11.64,0.13935807436995062
11.65,0.13928767543728846
11.66,0.13921727650462629
11.67,0.13914687757196414
11.68,0.13907647863930198
11.69,0.1390075893870577
11.700000000000001,0.13894503548493467
11.71,0.13888248158281163
11.72,0.13881992768068863
11.73,0.1387573737785656
11.74,0.13869481987644255
11.75,0.13863226597431955
11.76,0.13857727204204934
11.77,0.13853280996600867
11.78,0.138488347889968
11.790000000000001,0.13844388581392733
11.8,0.13839942373788666
11.81,0.138354961661846
11.82,0.13831049958580532
11.83,0.13826603750976466
11.84,0.13822510177253294
11.85,0.13818985420700855
11.86,0.13815460664148418
11.870000000000001,0.13811935907595976
11.88,0.1380841115104354
11.89,0.138048863944911
11.9,0.1380136163793866
11.91,0.13797836881386222
11.92,0.13794312124833785
11.93,0.13790322273796496
11.94,0.13786325504611657
11.950000000000001,0.1378232873542682
11.96,0.1377833196624198
11.97,0.13774335197057141
11.98,0.13770338427872303
11.99,0.1376669648552736
12.0,0.13763942157701825
12.01,0.1376118782987629
12.02,0.13758433502050754
12.030000000000001,0.1375567917422522
12.040000000000001,0.1375292484639968
12.05,0.13750170518574145
12.06,0.1374741619074861
12.07,0.13745012471890783
12.08,0.13742801123888487
12.09,0.13740589775886192
12.1,0.13738378427883896
12.11,0.137361670798816
12.120000000000001,0.13733955731879305
12.13,0.1373174438387701
12.14,0.1372981460812566
12.15,0.13728106425231115
12.16,0.1372639824233657
12.17,0.13724690059442027
12.18,0.13722981876547485
12.19,0.1372127369365294
12.200000000000001,0.13719565510758397
12.21,0.1371798318043502
12.22,0.13716432791112543
12.23,0.13714882401790063
12.24,0.13713332012467586
12.25,0.13711781623145108
12.26,0.1371023123382263
12.27,0.13708690785936115
12.280000000000001,0.13707473613839297
12.290000000000001,0.13706256441742476
12.3,0.13705039269645655
12.31,0.13703822097548835
12.32,0.13702604925452017
12.33,0.13701387753355196
12.34,0.13700375089831635
12.35,0.1369959079324812
12.36,0.1369880649666461
12.370000000000001,0.13698022200081097
12.38,0.13697237903497586
12.39,0.13696453606914072
12.4,0.1369566931033056
12.41,0.1369492919701307
12.42,0.13694210245201308
12.43,0.13693491293389545
12.44,0.1369277234157778
12.450000000000001,0.13692053389766018
12.46,0.13691334437954256
12.47,0.13690615486142493
12.48,0.13690090917154782
12.49,0.13689615184021123
12.5,0.13689139450887464
12.51,0.13688663717753807
12.52,0.13688187984620148
12.530000000000001,0.1368771225148649
12.540000000000001,0.13687534049687639
12.55,0.1368747360558537
12.56,0.13687413161483103
12.57,0.13687352717380835
12.58,0.13687292273278567
12.59,0.13687231829176302
12.6,0.13687210671037872
12.61,0.1368725556459327
12.620000000000001,0.1368730045814867
12.63,0.1368734535170407
12.64,0.13687390245259468
12.65,0.13687435138814866
12.66,0.13687480032370267
12.67,0.13687823549969222
12.68,0.1368821641808602
12.69,0.13688609286202816
12.700000000000001,0.13689002154319613
12.71,0.1368939502243641
12.72,0.13689787890553207
12.73,0.13690470588707906
12.74,0.13691154274566905
12.75,0.136918379604259
12.76,0.13692521646284897
12.77,0.13693205332143896
12.780000000000001,0.13693889018002892
12.790000000000001,0.13694644306908788
12.8,0.1369556274731186
12.81,0.1369648118771493
12.82,0.13697399628118
12.83,0.1369831806852107
12.84,0.13699236508924142
12.85,0.13700154949390914
12.86,0.13701073468877306
12.870000000000001,0.13701991988363696
12.88,0.13702910507850086
12.89,0.13703829027336475
12.9,0.13704747546822865
12.91,0.13705666066309255
12.92,0.13706584585795645
12.93,0.13707503105282037
12.94,0.13708777897782617
12.950000000000001,0.1371006888055454
12.96,0.13711359863326464
12.97,0.13712650846098384
12.98,0.13713941828870307
12.99,0.1371523281164223
13.0,0.13716523794414154
13.01,0.13718017206524277
13.02,0.1371964590017551
13.030000000000001,0.1372127459382674
13.040000000000001,0.13722903287477972
13.05,0.137245319811292
13.06,0.13726160674780433
13.07,0.13727789368431664
13.08,0.13729430792071068
13.09,0.13731082335696865
13.1,0.13732733879322662
13.11,0.13734385422948459
13.120000000000001,0.13736036966574253
13.13,0.1373768851020005
13.14,0.13739340053825846
13.15,0.1374099159745164
13.16,0.13743005876755598
13.17,0.13745128467321027
13.18,0.1374725105788646
13.19,0.13749373648451887
13.200000000000001,0.13751496239017316
13.21,0.13753618829582745
13.22,0.137557806119568
13.23,0.13758121978719456
13.24,0.13760463345482113
13.25,0.13762804712244767
13.26,0.13765146079007423
13.27,0.1376748744577008
13.280000000000001,0.13769828812532736
13.290000000000001,0.13772245384236043
13.3,0.1377475605729069
13.31,0.13777266730345342
13.32,0.13779777403399993
13.33,0.13782288076454643
13.34,0.13784798749509294
13.35,0.13787309422563943
13.36,0.13789787766449527
13.370000000000001,0.13792245216649818
13.38,0.1379470266685011
13.39,0.13797160117050403
13.4,0.13799617567250694
13.41,0.13802075017450985
13.42,0.13804532467651276
13.43,0.1380698991785157
13.44,0.13809927687949589
13.450000000000001,0.13812882340967028
13.46,0.13815836993984468
13.47,0.13818791647001907
13.48,0.13821746300019347
13.49,0.13824700953036786
13.5,0.13827708827572846
13.51,0.1383148405446098
13.52,0.1383525928134911
13.530000000000001,0.13839034508237244
13.540000000000001,0.13842809735125375
13.55,0.13846584962013508
13.56,0.1385028798443919
13.57,0.13853898268995435
13.58,0.1385750855355168
13.59,0.13861118838107925
13.6,0.13864729122664168
13.61,0.13868339407220412
13.620000000000001,0.13871966781846945
13.63,0.138756800731157
13.64,0.13879393364384457
13.65,0.13883106655653213
13.66,0.1388681994692197
13.67,0.13890533238190725
13.68,0.1389424652945948
13.69,0.1389792312374837
13.700000000000001,0.1390158743641204
13.71,0.13905251749075712
13.72,0.13908916061739382
13.73,0.1391258037440305
13.74,0.1391624468706672
13.75,0.13919879701439206
13.76,0.13923124479381352
13.77,0.139263692573235
13.780000000000001,0.1392961403526565
13.790000000000001,0.139328588132078
13.8,0.13936103591149945
13.81,0.13939348369092094
13.82,0.13942593147034243
13.83,0.1394588249112304
13.84,0.13949228044441603
13.85,0.13952573597760165
13.86,0.13955919151078727
13.870000000000001,0.1395926470439729
13.88,0.13962610257715852
13.89,0.13965955811034414
13.9,0.13969301364352976
13.91,0.13972823671049528
13.92,0.13976365463202658
13.93,0.13979907255355792
13.94,0.13983449047508922
13.950000000000001,0.13986990839662056
13.96,0.1399053263181519
13.97,0.1399407442396832
13.98,0.13997668106966435
13.99,0.1400128665066512
14.0,0.14004905194363806
14.01,0.14008523738062492
14.02,0.1401214228176118
14.030000000000001,0.14015760825459866
14.040000000000001,0.14019379369158552
14.05,0.1402319481897105
14.06,0.14027245972468935
14.07,0.1403129712596682
14.08,0.14035348279464704
14.09,0.1403939943296259
14.1,0.14043450586460476
14.11,0.14047501739958362
14.120000000000001,0.1405136981041335
14.13,0.14055205544420996
14.14,0.14059041278428638
14.15,0.1406287701243628
14.16,0.14066712746443924
14.17,0.1407054848045157
14.18,0.14074384214459212
14.19,0.1407838177730867
14.200000000000001,0.14082418640923627
14.21,0.1408645550453858
14.22,0.14090492368153534
14.23,0.14094529231768488
14.24,0.14098566095383444
14.25,0.1410266022951985
14.26,0.14107629238114067
14.27,0.14112598246708283
14.280000000000001,0.141175672553025
14.290000000000001,0.14122536263896715
14.3,0.14127505272490934
14.31,0.14132024746137217
14.32,0.1413616114923457
14.33,0.14140297552331924
14.34,0.14144433955429275
14.35,0.14148570358526627
14.36,0.1415270676162398
14.370000000000001,0.14156843164721333
14.38,0.14161016755079256
14.39,0.14165195887105836
14.4,0.14169375019132416
14.41,0.14173554151158993
14.42,0.14177733283185573
14.43,0.14181912415212153
14.44,0.1418615573428371
14.450000000000001,0.14190654676124445
14.46,0.1419515361796518
14.47,0.14199652559805917
14.48,0.14204151501646653
14.49,0.1420865044348739
14.5,0.14213149385328122
14.51,0.14218052548925517
14.52,0.14222991066691468
14.530000000000001,0.14227929584457416
14.540000000000001,0.14232868102223367
14.55,0.14237806619989316
14.56,0.14242573644339257
14.57,0.14246239967080185
14.58,0.1424990628982111
14.59,0.14253572612562038
14.6,0.14257238935302965
14.61,0.1426090525804389
14.620000000000001,0.14264571580784818
14.63,0.14268237903525743
14.64,0.14272066153513688
14.65,0.14276359558500928
14.66,0.14280652963488172
14.67,0.14284946368475415
14.68,0.14289239773462656
14.69,0.142935331784499
14.700000000000001,0.14297826583437143
14.71,0.14302314600577312
14.72,0.14307095052460103
14.73,0.14311875504342894
14.74,0.14316655956225685
14.75,0.14321436408108476
14.76,0.14326216859991267
14.77,0.1433097631090754
14.780000000000001,0.14335588012150366
14.790000000000001,0.1434019971339319
14.8,0.14344811414636016
14.81,0.1434942311587884
14.82,0.14354034817121664
14.83,0.1435864651836449
14.84,0.14363421885868993
14.85,0.14368402953283949
14.86,0.143733840206989
14.870000000000001,0.14378365088113854
14.88,0.14383346155528806
14.89,0.14388327222943761
14.9,0.1439327412839633
14.91,0.1439765795035362
14.92,0.14402041772310908
14.93,0.14406425594268196
14.94,0.14410809416225484
14.950000000000001,0.14415193238182775
14.96,0.14419577060140062
14.97,0.14423960882097353
14.98,0.14429070210393882
14.99,0.144351738688964
15.0,0.14441277527398919
15.01,0.14447381185901434
15.02,0.14453484844403952
15.030000000000001,0.1445958850290647
15.040000000000001,0.14464814721620156
15.05,0.14469716687326242
15.06,0.14474618653032326
15.07,0.14479520618738412
15.08,0.14484422584444498
15.09,0.1448932455015058
15.1,0.14494226515856667
15.11,0.14499170505255143
15.120000000000001,0.14504161352882583
15.13,0.14509152200510023
15.14,0.1451414304813746
15.15,0.145191338957649
15.16,0.14524124743392336
15.17,0.14529115591019776
15.18,0.1453412631263733
15.19,0.14539778420903351
15.200000000000001,0.14545430529169373
15.21,0.14551082637435395
15.22,0.14556734745701416
15.23,0.1456238685396744
15.24,0.14568038962233462
15.25,0.14573581451796605
15.26,0.14578861999830553
15.27,0.14584142547864498
15.280000000000001,0.14589423095898446
15.290000000000001,0.14594703643932394
15.3,0.14599984191966342
15.31,0.1460526474000029
15.32,0.14610573601563837
15.33,0.1461642657027757
15.34,0.14622279538991298
15.35,0.1462813250770503
15.36,0.14633985476418762
15.370000000000001,0.14639838445132494
15.38,0.14645691413846224
15.39,0.146511509179447
15.4,0.14656306385205234
15.41,0.14661461852465768
15.42,0.14666617319726302
15.43,0.1467177278698684
15.44,0.14676928254247373
15.450000000000001,0.14682083721507908
15.46,0.14687248530294994
15.47,0.14692598254530723
15.48,0.1469794797876645
15.49,0.1470329770300218
15.5,0.1470864742723791
15.51,0.14713997151473637
15.52,0.14719346875709366
15.530000000000001,0.14724696599945095
15.540000000000001,0.14730261637545033
15.55,0.14735948437994723
15.56,0.14741635238444414
15.57,0.14747322038894106
15.58,0.14753008839343795
15.59,0.14758695639793487
15.6,0.1476438244024318
15.610000000000001,0.14769875342022265
15.620000000000001,0.14775269832022256
15.63,0.14780664322022244
15.64,0.14786058812022232
15.65,0.1479145330202222
15.66,0.1479684779202221
15.67,0.148022422820222
15.68,0.148076408356825
15.69,0.14813312360690584
15.700000000000001,0.14818983885698667
15.71,0.14824655410706752
15.72,0.14830326935714835
15.73,0.14835998460722918
15.74,0.14841669985731
15.75,0.14847341510739084
15.76,0.14853350456352324
15.77,0.14859634763990326
15.780000000000001,0.1486591907162833
15.790000000000001,0.14872203379266333
15.8,0.14878487686904335
15.81,0.14884771994542337
15.82,0.1489105630218034
15.83,0.14897803638678137
15.84,0.1490525679847337
15.85,0.14912709958268605
15.860000000000001,0.14920163118063842
15.870000000000001,0.14927616277859077
15.88,0.1493506943765431
15.89,0.14942522597449545
15.9,0.1494997575724478
15.91,0.1495754023103964
15.92,0.14965140155018614
15.93,0.14972740078997587
15.94,0.14980340002976564
15.950000000000001,0.1498793992695554
15.96,0.14995539850934514
15.97,0.15003139774913488
15.98,0.1500841727133141
15.99,0.1501349354417357
16.0,0.1501856981701573
16.01,0.15023646089857892
16.02,0.15028722362700053
16.03,0.15033798635542214
16.04,0.15038874908384375
16.05,0.15043254295563646
16.06,0.1504632953567224
16.07,0.1504940477578083
16.080000000000002,0.15052480015889425
16.09,0.15055555255998018
16.1,0.15058630496106612
16.11,0.15061705736215203
16.12,0.15064780976323797
16.13,0.15067067961272038
16.14,0.150687421475527
16.15,0.15070416333833359
16.16,0.1507209052011402
16.17,0.1507376470639468
16.18,0.15075438892675339
16.19,0.15077113078956
16.2,0.15078638498744165
16.21,0.15079713604013908
16.22,0.15080788709283652
16.23,0.15081863814553395
16.240000000000002,0.1508293891982314
16.25,0.15084014025092884
16.26,0.15085089130362628
16.27,0.1508616423563237
16.28,0.15087093693684872
16.29,0.15087989934760582
16.3,0.1508888617583629
16.31,0.15089782416911998
16.32,0.15090678657987708
16.330000000000002,0.15091574899063417
16.34,0.15092576079492387
16.35,0.15093753409125357
16.36,0.1509493073875833
16.37,0.15096108068391303
16.38,0.15097285398024274
16.39,0.15098462727657247
16.4,0.1509964005729022
16.41,0.15100817386923193
16.42,0.151030720069781
16.43,0.15105381732354092
16.44,0.15107691457730082
16.45,0.15110001183106075
16.46,0.15112310908482066
16.47,0.15114620633858059
16.48,0.15116930359234051
16.490000000000002,0.15120356528169193
16.5,0.15125141768344474
16.51,0.15129927008519756
16.52,0.15134712248695037
16.53,0.1513949748887032
16.54,0.15144282729045602
16.55,0.15149067969220886
16.56,0.1515531114900872
16.57,0.1516220580438382
16.580000000000002,0.15169100459758914
16.59,0.15175995115134008
16.6,0.15182889770509103
16.61,0.15189784425884198
16.62,0.15196679081259296
16.63,0.15204582312833212
16.64,0.15214988772686175
16.65,0.15225395232539132
16.66,0.15235801692392092
16.67,0.15246208152245053
16.68,0.1525661461209801
16.69,0.1526702107195097
16.7,0.15277427531803928
16.71,0.1529055165274654
16.72,0.15304567240089234
16.73,0.1531858282743193
16.740000000000002,0.1533259841477463
16.75,0.15346614002117323
16.76,0.15360629589460023
16.77,0.15374660949255092
16.78,0.15389649670216374
16.79,0.15404638391177652
16.8,0.15419627112138934
16.81,0.15434615833100213
16.82,0.15449604554061494
16.830000000000002,0.15464593275022778
16.84,0.15479501055009323
16.85,0.15493921795436852
16.86,0.15508342535864372
16.87,0.155227632762919
16.88,0.15537184016719424
16.89,0.1555160475714695
16.9,0.15566025497574473
16.91,0.15580446238002
16.92,0.1559951286781079
16.93,0.15620304808440372
16.94,0.15641096749069958
16.95,0.15661888689699538
16.96,0.15682680630329127
16.97,0.1570426899772924
16.98,0.15726471341575612
16.990000000000002,0.15748673685421985
17.0,0.1577087602926835
17.01,0.1578788938752333
17.02,0.15797134628037224
17.03,0.15806379868551124
17.04,0.15815625109065018
17.05,0.15824870349578918
17.06,0.1583129866752198
17.07,0.15831065655047277
17.080000000000002,0.15830832642572573
17.09,0.1583059963009787
17.1,0.15830366617623165
17.11,0.1583013360514846
17.12,0.1582950489002023
17.13,0.1582052896101641
17.14,0.1581155303201259
17.150000000000002,0.15802577103008766
17.16,0.15793601174004948
17.17,0.15784625245001127
17.18,0.1577564931599731
17.19,0.15762393974115782
17.2,0.15743531001878167
17.21,0.15724668029640546
17.22,0.1570580505740293
17.23,0.1568694208516531
17.240000000000002,0.15668079112927685
17.25,0.1564435054820649
17.26,0.15613897461874146
17.27,0.1558344437554181
17.28,0.15552991289209464
17.29,0.15522538202877129
17.3,0.15492124621958536
17.31,0.15462080059194303
17.32,0.15432035496430058
17.330000000000002,0.1540199093366581
17.34,0.15371946370901576
17.35,0.1534190180813733
17.36,0.15311857245373095
17.37,0.1527990726248891
17.38,0.15247080543011007
17.39,0.15214253823533097
17.400000000000002,0.15181427104055184
17.41,0.15148600384577282
17.42,0.1511577366509937
17.43,0.15086205285218315
17.44,0.15059812317731186
17.45,0.15033419350244065
17.46,0.15007026382756936
17.47,0.14980633415269815
17.48,0.14954240447782685
17.490000000000002,0.14927847480295556
17.5,0.14901825396475976
17.51,0.1487739669705382
17.52,0.14852967997631672
17.53,0.14828539298209517
17.54,0.14804110598787368
17.55,0.14779681899365213
17.56,0.14755253199943066
17.57,0.1473226219554328
17.580000000000002,0.14712515411731622
17.59,0.14692768627919972
17.6,0.14673021844108317
17.61,0.14653275060296667
17.62,0.14633528276485008
17.63,0.14613781492673358
17.64,0.14595141029240535
17.650000000000002,0.1457964704365489
17.66,0.14564153058069246
17.67,0.145486590724836
17.68,0.14533165086897956
17.69,0.14517671101312307
17.7,0.14502177115726667
17.71,0.14488009409637462
17.72,0.14476959431958356
17.73,0.14465909454279247
17.740000000000002,0.14454859476600138
17.75,0.1444380949892103
17.76,0.1443275952124192
17.77,0.14421709543562813
17.78,0.14410807249393393
17.79,0.1440366061833389
17.8,0.14396513987274387
17.81,0.14389367356214885
17.82,0.1438222072515538
17.830000000000002,0.14375074094095877
17.84,0.14367927463036373
17.85,0.1436078083197687
17.86,0.14353918457395176
17.87,0.1434850597730622
17.88,0.14343093497217266
17.89,0.1433768101712831
17.900000000000002,0.1433226853703935
17.91,0.14326856056950396
17.92,0.1432144357686144
17.93,0.14316031096772483
17.94,0.14310618616683526
17.95,0.1430470629550927
17.96,0.14298603023964826
17.97,0.14292499752420387
17.98,0.14286396480875946
17.990000000000002,0.14280293209331502
18.0,0.14274189937787063
18.01,0.14268086666242621
18.02,0.1426181989680793
18.03,0.14254006133271
18.04,0.1424619236973407
18.05,0.14238378606197138
18.06,0.14230564842660207
18.07,0.14222751079123275
18.080000000000002,0.14214937315586343
18.09,0.14207123552049414
18.1,0.1419712831132212
18.11,0.14186764986029973
18.12,0.14176401660737825
18.13,0.1416603833544568
18.14,0.1415567501015353
18.150000000000002,0.1414531168486138
18.16,0.14134578899874695
18.17,0.14122310750420144
18.18,0.141100426009656
18.19,0.1409777445151105
18.2,0.14085506302056505
18.21,0.14073238152601955
18.22,0.1406097000314741
18.23,0.1404870185369286
18.240000000000002,0.1403338191849597
18.25,0.14017377392875136
18.26,0.14001372867254294
18.27,0.13985368341633456
18.28,0.13969363816012614
18.29,0.13953359290391779
18.3,0.13937354764770934
18.31,0.13917745922417785
18.32,0.13897157695798507
18.330000000000002,0.13876569469179229
18.34,0.13855981242559956
18.35,0.13835393015940678
18.36,0.13814804789321405
18.37,0.13797459974989304
18.38,0.13781260310234766
18.39,0.1376506064548022
18.400000000000002,0.13748860980725677
18.41,0.1373266131597114
18.42,0.13716461651216597
18.43,0.13700261986462056
18.44,0.13684062321707513
18.45,0.13665183796973424
18.46,0.13643173951400786
18.47,0.13621164105828154
18.48,0.13599154260255514
18.490000000000002,0.13577144414682873
18.5,0.13555134569110242
18.51,0.13534633455747766
18.52,0.13516778805229007
18.53,0.1349892415471024
18.54,0.13481069504191479
18.55,0.13463214853672711
18.56,0.13445360203153953
18.57,0.13427505552635186
18.580000000000002,0.13410968930599557
18.59,0.13395775170068971
18.6,0.1338058140953838
18.61,0.13365387649007796
18.62,0.13350193888477205
18.63,0.1333500012794662
18.64,0.1331980636741603
18.650000000000002,0.13310237645772982
18.66,0.13301064100060947
18.67,0.1329189055434891
18.68,0.13282717008636877
18.69,0.1327354346292484
18.7,0.13264369917212804
18.71,0.1325519637150077
18.72,0.13248793553481
18.73,0.13243881123888585
18.740000000000002,0.13238968694296172
18.75,0.1323405626470376
18.76,0.13229143835111346
18.77,0.13224231405518935
18.78,0.13219318975926522
18.79,0.1321440654633411
18.8,0.13211952337854999
18.81,0.1320985631264412
18.82,0.1320776028743324
18.830000000000002,0.1320566426222236
18.84,0.13203568237011484
18.85,0.13201472211800605
18.86,0.13199548254750404
18.87,0.13199668100748954
18.88,0.13199787946747507
18.89,0.13199907792746057
18.900000000000002,0.13200027638744607
18.91,0.1320014748474316
18.92,0.1320026733074171
18.93,0.13200683377766792
18.94,0.13201194888691908
18.95,0.13201706399617025
18.96,0.1320221791054214
18.97,0.1320272942146726
18.98,0.13203240932392377
18.990000000000002,0.13203752443317493
19.0,0.13204211229533205
19.01,0.1320462640412875
19.02,0.13205041578724294
19.03,0.13205456753319836
19.04,0.1320587192791538
19.05,0.13206287102510925
19.06,0.13206702277106466
19.07,0.1320640732604906
19.080000000000002,0.13205956785137934
19.09,0.13205506244226808
19.1,0.13205055703315682
19.11,0.13204605162404556
19.12,0.1320415462149343
19.13,0.13203704080582304
19.14,0.132029026937611
19.150000000000002,0.1320066247424054
19.16,0.13198422254719977
19.17,0.13196182035199416
19.18,0.13193941815678853
19.19,0.1319170159615829
19.2,0.1318946137663773
19.21,0.13187221157117165
19.22,0.13183136269641982
19.23,0.13178999235898592
19.240000000000002,0.131748622021552
19.25,0.1317072516841181
19.26,0.13166588134668417
19.27,0.13162451100925027
19.28,0.13158124884858494
19.29,0.13152189615270013
19.3,0.13146254345681532
19.31,0.13140319076093054
19.32,0.1313438380650457
19.330000000000002,0.1312844853691609
19.34,0.13122513267327612
19.35,0.13117355347190204
19.36,0.13112321723962717
19.37,0.13107288100735226
19.38,0.13102254477507738
19.39,0.1309722085428025
19.400000000000002,0.1309218723105276
19.41,0.13087153607825272
19.42,0.1308239779919158
19.43,0.13077651261942133
19.44,0.13072904724692685
19.45,0.1306815818744324
19.46,0.1306341165019379
19.47,0.13058665112944345
19.48,0.13054077261960417
19.490000000000002,0.13049980642759826
19.5,0.13045884023559234
19.51,0.13041787404358643
19.52,0.13037690785158051
19.53,0.13033594165957457
19.54,0.13029497546756866
19.55,0.13026228370463802
19.56,0.1302415458484238
19.57,0.13022080799220956
19.580000000000002,0.13020007013599533
19.59,0.13017933227978112
19.6,0.1301585944235669
19.61,0.13013785656735266
19.62,0.1301180817624757
19.63,0.13011087545764563
19.64,0.13010366915281557
19.650000000000002,0.1300964628479855
19.66,0.13008925654315545
19.67,0.1300820502383254
19.68,0.13007484393349533
19.69,0.13007502929941958
19.7,0.13007875794288337
19.71,0.13008248658634713
19.72,0.13008621522981093
19.73,0.13008994387327472
19.740000000000002,0.1300936725167385
19.75,0.13009740116020227
19.76,0.13010674169799444
19.77,0.1301218180608277
19.78,0.130136894423661
19.79,0.1301519707864943
19.8,0.13016704714932759
19.81,0.13018212351216088
19.82,0.13019719987499417
19.830000000000002,0.13021227623782747
19.84,0.1302309525272266
19.85,0.1302552859342764
19.86,0.1302796193413262
19.87,0.130303952748376
19.88,0.1303282861554258
19.89,0.1303526195624756
19.900000000000002,0.1303769529695254
19.91,0.13040467831710537
19.92,0.1304342085792216
19.93,0.13046373884133788
19.94,0.13049326910345413
19.95,0.13052279936557037
19.96,0.13055232962768662
19.97,0.13057886076113623
19.98,0.13060306776941136
19.990000000000002,0.13062727477768651
20.0,0.13065148178596164
20.01,0.13067568879423677
20.02,0.1306998958025119
20.03,0.13072410281078703
20.04,0.1307434668548695
20.05,0.1307607856588406
20.06,0.1307781044628117
20.07,0.1307954232667828
20.080000000000002,0.1308127420707539
20.09,0.130830060874725
20.1,0.13084310341869962
20.11,0.13084963961319454
20.12,0.13085617580768946
20.13,0.13086271200218438
20.14,0.13086924819667933
20.150000000000002,0.13087578439117425
20.16,0.13088232058566918
20.17,0.1308888567801641
20.18,0.1308933941238694
20.19,0.13089665732387867
20.2,0.13089992052388794
20.21,0.1309031837238972
20.22,0.1309064469239065
20.23,0.13090971012391575
20.240000000000002,0.130912973323925
20.25,0.13091623652393428
20.26,0.13091636044402996
20.27,0.13091325222847594
20.28,0.1309101440129219
20.29,0.13090703579736784
20.3,0.1309039275818138
20.31,0.13090081936625977
20.32,0.13089485105712262
20.330000000000002,0.13088652523512542
20.34,0.1308781994131282
20.35,0.130869873591131
20.36,0.13086154776913378
20.37,0.13085322194713658
20.38,0.13084100781280097
20.39,0.13082210240694855
20.400000000000002,0.1308031970010961
20.41,0.13078429159524368
20.42,0.13076538618939126
20.43,0.1307571600595249
20.44,0.130750178895643
20.45,0.1307431977317611
20.46,0.1307362165678792
20.47,0.1307292354039973
20.48,0.1307253667311285
20.490000000000002,0.13072493471781796
20.5,0.13072450270450742
20.51,0.13072407069119688
20.52,0.1307236386778863
20.53,0.13072320666457576
20.54,0.13072277465126522
20.55,0.1307232666870313
20.56,0.13073152576579256
20.57,0.1307397848445538
20.580000000000002,0.13074804392331507
20.59,0.13075630300207633
20.6,0.13076456208083762
20.61,0.13077282115959887
20.62,0.13078108023836013
20.63,0.1307947631475457
20.64,0.13080845926329412
20.650000000000002,0.13082215537904254
20.66,0.13083585149479093
20.67,0.13084954761053935
20.68,0.13086324372628777
20.69,0.1308769398420362
20.7,0.1308922831131191
20.71,0.13090834780960095
20.72,0.1309244125060828
20.73,0.13094047720256466
20.740000000000002,0.1309565418990465
20.75,0.13097260659552837
20.76,0.13098848780268815
20.77,0.13100250720443463
20.78,0.1310165266061811
20.79,0.13103054600792755
20.8,0.13104456540967402
20.81,0.1310585848114205
20.82,0.13107260421316697
20.830000000000002,0.13108662361491344
20.84,0.1311006430166599
20.85,0.13111464390282832
20.86,0.1311285919584111
20.87,0.13114254001399384
20.88,0.13115648806957658
20.89,0.13117043612515933
20.900000000000002,0.1311843841807421
20.91,0.13119833223632485
20.92,0.1312122802919076
20.93,0.13122583582283073
20.94,0.13123786320079392
20.95,0.13124989057875708
20.96,0.13126191795672026
20.97,0.13127394533468342
20.98,0.1312859727126466
20.990000000000002,0.13129800009060977
21.0,0.13130943778357113
21.01,0.1313160300963909
21.02,0.13132262240921067
21.03,0.13132921472203046
21.04,0.13133580703485023
21.05,0.13134239934767
21.06,0.13134899166048977
21.07,0.13135516462855973
21.080000000000002,0.1313604560622868
21.09,0.13136574749601387
21.1,0.13137103892974095
21.11,0.13137633036346802
21.12,0.1313816217971951
21.13,0.13138691323092216
21.14,0.13139163613256058
21.150000000000002,0.13139347728971265
21.16,0.13139531844686475
21.17,0.13139715960401685
21.18,0.13139900076116895
21.19,0.13140084191832105
21.2,0.13140268307547315
21.21,0.13140452423262525
21.22,0.13140598679617624
21.23,0.1314054885080378
21.240000000000002,0.13140499021989932
21.25,0.13140449193176088
21.26,0.1314039936436224
21.27,0.13140349535548396
21.28,0.13140299706734548
21.29,0.1313987056492632
21.3,0.1313939886478029
21.31,0.1313892716463426
21.32,0.13138455464488227
21.330000000000002,0.13137983764342198
21.34,0.13137512064196166
21.35,0.13137191591276406
21.36,0.1313700600369175
21.37,0.13136820416107095
21.38,0.13136634828522437
21.39,0.1313644924093778
21.400000000000002,0.13136263653353125
21.41,0.1313607806576847
21.42,0.131358996435252
21.43,0.13136003048583503
21.44,0.13136106453641805
21.45,0.13136209858700104
21.46,0.13136313263758406
21.47,0.13136416668816708
21.48,0.1313652007387501
21.490000000000002,0.13136594012981342
21.5,0.13136648019003602
21.51,0.1313670202502586
21.52,0.1313675603104812
21.53,0.1313681003707038
21.54,0.1313686404309264
21.55,0.13136924487853133
21.56,0.13137278496122753
21.57,0.13137632504392374
21.580000000000002,0.13137986512661998
21.59,0.13138340520931618
21.6,0.1313869452920124
21.61,0.1313904853747086
21.62,0.13139402545740483
21.63,0.13139948159563267
21.64,0.13140568612014678
21.650000000000002,0.13141189064466086
21.66,0.13141809516917496
21.67,0.13142429969368905
21.68,0.13143050421820315
21.69,0.13143670874271723
21.7,0.131441284925998
21.71,0.13144546909055224
21.72,0.1314496532551065
21.73,0.13145383741966077
21.740000000000002,0.13145802158421502
21.75,0.13146220574876927
21.76,0.13146638991332352
21.77,0.13147087531660417
21.78,0.13147598520143072
21.79,0.13148109508625727
21.8,0.13148620497108385
21.81,0.1314913148559104
21.82,0.13149642474073697
21.830000000000002,0.13150153462556352
21.84,0.13150664451039007
21.85,0.1315118699537221
21.86,0.1315174377907178
21.87,0.13152300562771352
21.88,0.13152857346470923
21.89,0.1315341413017049
21.900000000000002,0.1315397091387006
21.91,0.13154527697569632
21.92,0.13155084481269202
21.93,0.13155585167871714
21.94,0.13156079712829913
21.95,0.13156574257788112
21.96,0.1315706880274631
21.97,0.13157563347704512
21.98,0.1315805789266271
21.990000000000002,0.1315855243762091
22.0,0.13158608559666074
22.01,0.13158663843513185
22.02,0.13158719127360294
22.03,0.13158774411207405
22.04,0.13158829695054516
22.05,0.13158884978901628
22.06,0.13158954696415373
22.07,0.1315902665589832
22.080000000000002,0.13159098615381265
22.09,0.13159170574864212
22.1,0.1315924253434716
22.11,0.13159314493830104
22.12,0.13159385013729877
22.13,0.13159450551728274
22.14,0.13159516089726675
22.150000000000002,0.13159581627725073
22.16,0.1315964716572347
22.17,0.1315971270372187
22.18,0.13159778241720269
22.19,0.13159843779718666
22.2,0.13159749332940243
22.21,0.1315955011383201
22.22,0.13159350894723781
22.23,0.1315915167561555
22.240000000000002,0.1315895245650732
22.25,0.13158753237399087
22.26,0.13158554018290858
22.27,0.13158354799182626
22.28,0.13158075138238307
22.29,0.1315778570488051
22.3,0.13157496271522712
22.31,0.13157206838164917
22.32,0.1315691740480712
22.330000000000002,0.13156627971449322
22.34,0.13156403559976773
22.35,0.13156308400995184
22.36,0.13156213242013595
22.37,0.13156118083032006
22.38,0.13156022924050417
22.39,0.13155927765068828
22.400000000000002,0.13155832606087242
22.41,0.13155774268377332
22.42,0.1315574532760631
22.43,0.13155716386835287
22.44,0.13155687446064265
22.45,0.13155658505293244
22.46,0.1315562956452222
22.47,0.13155600623751199
22.48,0.13155571682980177
22.490000000000002,0.13155542742209153
22.5,0.13155513801438132
22.51,0.13155484860667108
22.52,0.13155406335423364
22.53,0.13155326547773652
22.54,0.1315524676012394
22.55,0.1315516697247423
22.56,0.13155087184824518
22.57,0.13155007397174806
22.580000000000002,0.13154927609525097
22.59,0.13154847821875384
22.6,0.13154768034225672
22.61,0.1315470924978342
22.62,0.13154670159304369
22.63,0.13154631068825315
22.64,0.13154591978346264
22.650000000000002,0.1315455288786721
22.66,0.1315451379738816
22.67,0.13154474706909106
22.68,0.13154435616430055
22.69,0.13154446033918618
22.7,0.1315445909985795
22.71,0.13154472165797285
22.72,0.13154485231736615
22.73,0.13154527188156806
22.740000000000002,0.13154671469908527
22.75,0.13154815751660248
22.76,0.1315496003341197
22.77,0.13155104315163688
22.78,0.1315509878831075
22.79,0.13154987032714172
22.8,0.13154875277117595
22.81,0.13154763521521015
22.82,0.13154651765924436
22.830000000000002,0.1315454001032786
22.84,0.13154428787869968
22.85,0.1315433425908104
22.86,0.13154239730292114
22.87,0.13154145201503187
22.88,0.1315405067271426
22.89,0.1315376963295288
22.900000000000002,0.13152981063879782
22.91,0.13152192494806683
22.92,0.13151403925733585
22.93,0.13150684242967525
22.94,0.1315030187070046
22.95,0.13149919498433393
22.96,0.1314953712616633
22.97,0.13149209938000367
22.98,0.13148948477674413
22.990000000000002,0.1314868701734846
23.0,0.13148425557022508
23.01,0.13148164096696555
23.02,0.13148201269017967
23.03,0.13148266387611984
23.04,0.13148331506206
23.05,0.13148396624800018
23.06,0.13148461743394035
23.07,0.13148519920603277
23.080000000000002,0.13148557567060606
23.09,0.13148595213517938
23.1,0.1314863285997527
23.11,0.131486705064326
23.12,0.13148708152889932
23.13,0.13148690945223915
23.14,0.13148673374760642
23.150000000000002,0.13148655804297368
23.16,0.13148638233834098
23.17,0.13148620663370825
23.18,0.13148603092907551
23.19,0.1314858552244428
23.2,0.13148567951981008
23.21,0.13148215080559267
23.22,0.13147815139422306
23.23,0.13147415198285345
23.240000000000002,0.13147015257148384
23.25,0.13146615316011423
23.26,0.13146215374874462
23.27,0.13146021185095955
23.28,0.13145976591587627
23.29,0.13145931998079302
23.3,0.13145887404570977
23.31,0.1314584281106265
23.32,0.13145798217554325
23.330000000000002,0.13145753624046
23.34,0.13145845992661223
23.35,0.1314597637237082
23.36,0.13146106752080422
23.37,0.1314623713179002
23.38,0.1314636751149962
23.39,0.1314649789120922
23.400000000000002,0.1314662827091882
23.41,0.13146407123754156
23.42,0.1314618283103519
23.43,0.13145958538316227
23.44,0.13145734245597263
23.45,0.13145509952878298
23.46,0.13145285660159334
23.47,0.13145061367440372
23.48,0.131452056369637
23.490000000000002,0.1314545869074779
23.5,0.13145711744531882
23.51,0.13145964798315973
23.52,0.13146217852100067
23.53,0.13146470905884158
23.54,0.1314672395966825
23.55,0.1314697701345234
23.56,0.13147230067236435
23.57,0.13147623729001442
23.580000000000002,0.13148041238603253
23.59,0.13148458748205064
23.6,0.1314887625780687
23.61,0.13149293767408682
23.62,0.13149711277010492
23.63,0.13150128786612303
23.64,0.13150546296214113
23.650000000000002,0.13150963574073823
23.66,0.13151380753865002
23.67,0.13151797933656179
23.68,0.13152215113447357
23.69,0.13152632293238536
23.7,0.13153049473029715
23.71,0.13153466652820894
23.72,0.13153850914526252
23.73,0.131541071752567
23.740000000000002,0.13154363435987146
23.75,0.13154619696717593
23.76,0.1315487595744804
23.77,0.13155132218178486
23.78,0.13155388478908933
23.79,0.1315564473963938
23.8,0.1315580809581968
23.81,0.1315514063354064
23.82,0.13154473171261602
23.830000000000002,0.13153805708982563
23.84,0.13153138246703527
23.85,0.1315247078442449
23.86,0.1315180332214545
23.87,0.1315113585986641
23.88,0.131505526647586
23.89,0.1315003321188424
23.900000000000002,0.1314951375900988
23.91,0.1314899430613552
23.92,0.13148650137986717
23.93,0.1314848650872612
23.94,0.13148322879465524
23.95,0.13148159250204927
23.96,0.13148432267279725
23.97,0.1314886148098793
23.98,0.1314929069469614
23.990000000000002,0.13149719908404348
24.0,0.13149255158488043
24.01,0.131486827892897
24.02,0.13148110420091355
24.03,0.13147538050893012
24.04,0.13146965681694667
24.05,0.13146393312496324
24.060000000000002,0.13146030512745396
24.07,0.13146573967920813
24.080000000000002,0.13147117423096233
24.09,0.1314766087827165
24.1,0.13148204333447067
24.11,0.13148747788622484
24.12,0.13149291243797903
24.13,0.1314983469897332
24.14,0.13150378154148737
24.150000000000002,0.1315099104889711
24.16,0.13152018590760778
24.17,0.13153046132624446
24.18,0.13154073674488118
24.19,0.13155101216351786
24.2,0.13156128758215457
24.21,0.13157156300079126
24.22,0.13158183841942794
24.23,0.13159223763164649
24.240000000000002,0.13160289334700934
24.25,0.13161354906237221
24.26,0.1316242047777351
24.27,0.13163486049309794
24.28,0.13164551620846082
24.29,0.13165617192382367
24.3,0.1316619517812587
24.310000000000002,0.13166551634632107
24.32,0.1316690809113834
24.330000000000002,0.13167264547644578
24.34,0.13167621004150815
24.35,0.13167977460657052
24.36,0.13168333917163288
24.37,0.13168840846738106
24.38,0.13169390978728465
24.39,0.13169941110718825
24.400000000000002,0.13170491242709184
24.41,0.13171041374699544
24.42,0.13171591506689903
24.43,0.13172141638680263
24.44,0.13172667037961583
24.45,0.13173185428253786
24.46,0.1317370381854599
24.47,0.13174222208838193
24.48,0.13174740599130397
24.490000000000002,0.131752589894226
24.5,0.13175777379714804
24.51,0.13176239319859923
24.52,0.1317654148057673
24.53,0.1317684364129354
24.54,0.13177145802010348
24.55,0.13177447962727157
24.560000000000002,0.13177750123443965
24.57,0.13178052284160774
24.580000000000002,0.13178354444877582
24.59,0.13178261621115236
24.6,0.13177847231092443
24.61,0.13177432841069653
24.62,0.1317701845104686
24.63,0.1317660406102407
24.64,0.13176189671001276
24.650000000000002,0.13175775280978486
24.66,0.13175563776049676
24.67,0.13175372085396408
24.68,0.1317518039474314
24.69,0.13174988704089877
24.7,0.1317479701343661
24.71,0.13174605322783345
24.72,0.13174413632130078
24.73,0.13174540140270707
24.740000000000002,0.13174705718155388
24.75,0.1317487129604007
24.76,0.13175036873924753
24.77,0.13175202451809434
24.78,0.13175368029694115
24.79,0.13175508299960828
24.8,0.13175589475032554
24.810000000000002,0.1317567065010428
24.82,0.13175751825176005
24.830000000000002,0.1317583300024773
24.84,0.13175914175319456
24.85,0.13175995350391181
24.86,0.13176076525462907
24.87,0.13176538189059153
24.88,0.13177246730572442
24.89,0.1317795527208573
24.900000000000002,0.1317866381359902
24.91,0.1317937235511231
24.92,0.13180080896625598
24.93,0.13180789438138887
24.94,0.1318156849603395
24.95,0.1318287908455892
24.96,0.1318418967308389
24.97,0.13185500261608862
24.98,0.13186810850133834
24.990000000000002,0.13188121438658806
25.0,0.13189432027183778
25.01,0.13190893390230227
25.02,0.1319249677540362
25.03,0.13194100160577013
25.04,0.13195703545750406
25.05,0.13197306930923797
25.060000000000002,0.1319891031609719
25.07,0.13200513701270583
25.080000000000002,0.13201917643157238
25.09,0.132031641228372
25.1,0.13204410602517164
25.11,0.13205657082197125
25.12,0.1320690356187709
25.13,0.13208150041557054
25.14,0.13209396521237016
25.150000000000002,0.1321064300091698
25.16,0.1321181255343637
25.17,0.13212809851463317
25.18,0.13213807149490267
25.19,0.13214804447517217
25.2,0.13215801745544165
25.21,0.13216799043571115
25.22,0.13217796341598062
25.23,0.13218793639625012
25.240000000000002,0.1321979093765196
25.25,0.1322078823567891
25.26,0.1322178553370586
25.27,0.13222656125245538
25.28,0.1322349511739688
25.29,0.13224334109548222
25.3,0.13225173101699564
25.310000000000002,0.13226012093850906
25.32,0.13226851086002248
25.330000000000002,0.1322769007815359
25.34,0.1322852907030493
25.35,0.13229368062456273
25.36,0.13230207054607615
25.37,0.13231046046758957
25.38,0.13231836942575778
25.39,0.13232585343904646
25.400000000000002,0.13233333745233516
25.41,0.13234082146562384
25.42,0.13234830547891255
25.43,0.13235578949220123
25.44,0.13236327350548993
25.45,0.13237075751877864
25.46,0.13237824153206731
25.47,0.13238487892585973
25.48,0.13239116306066942
25.490000000000002,0.1323974471954791
25.5,0.1324037313302888
25.51,0.13241001546509848
25.52,0.13241629959990817
25.53,0.13242258373471788
25.54,0.13242886786952757
25.55,0.13243509420416652
25.560000000000002,0.13244131986675503
25.57,0.13244754552934354
25.580000000000002,0.13245377119193202
25.59,0.13245999685452053
25.6,0.13246622251710904
25.61,0.13247244817969753
25.62,0.13247760647447565
25.63,0.13248265118217856
25.64,0.1324876958898815
25.650000000000002,0.1324927405975844
25.66,0.1324977853052873
25.67,0.13250283001299024
25.68,0.13250787472069314
25.69,0.13251291942839608
25.7,0.1325186967639976
25.71,0.13252488729992262
25.72,0.13253107783584767
25.73,0.13253726837177268
25.740000000000002,0.1325434589076977
25.75,0.13255371152052078
25.76,0.13256771836342818
25.77,0.13258172520633557
25.78,0.13259573204924296
25.79,0.13260934773166003
25.8,0.1326209558573832
25.810000000000002,0.13263256398310638
25.82,0.13264417210882956
25.830000000000002,0.13265578023455274
25.84,0.13266738836027592
25.85,0.1326789964859991
25.86,0.13268928712477415
25.87,0.13269940416445294
25.88,0.1327095212041317
25.89,0.13271963824381047
25.900000000000002,0.13272975528348926
25.91,0.13273987232316803
25.92,0.1327499893628468
25.93,0.13276010640252559
25.94,0.13277723934516394
25.95,0.132799094696118
25.96,0.1328209500470721
25.97,0.13284280539802618
25.98,0.13286572144094075
25.990000000000002,0.13288971265569086
26.0,0.13291370387044094
26.01,0.13293769508519104
26.02,0.1329613739454988
26.03,0.13298455423967231
26.04,0.13300773453384582
26.05,0.13303091482801932
26.060000000000002,0.13305381078624304
26.07,0.1330724865130525
26.080000000000002,0.133091162239862
26.09,0.13310983796667147
26.1,0.13312851369348097
26.11,0.13314500814428437
26.12,0.13315776075432093
26.13,0.13317051336435748
26.14,0.13318326597439403
26.150000000000002,0.1331960185844306
26.16,0.13320877119446714
26.17,0.1332156570156132
26.18,0.13322246693673642
26.19,0.13322927685785965
26.2,0.13323608677898288
26.21,0.1332428967001061
26.22,0.13324970662122934
26.23,0.13325651654235257
26.240000000000002,0.1332606901457184
26.25,0.13326379218128082
26.26,0.1332668942168432
26.27,0.13326999625240563
26.28,0.13327309828796802
26.29,0.13327620032353044
26.3,0.13327930235909283
26.310000000000002,0.13328240439465525
26.32,0.13328550643021764
26.330000000000002,0.13328769666398388
26.34,0.1332898144589195
26.35,0.1332919322538551
26.36,0.13329405004879072
26.37,0.13329616784372636
26.38,0.13329828563866197
26.39,0.1333004034335976
26.400000000000002,0.1333026216140509
26.41,0.13330505735674214
26.42,0.13330749309943335
26.43,0.1333099288421246
26.44,0.1333123645848158
26.45,0.13331480032750703
26.46,0.13331723607019827
26.47,0.13331967181288948
26.48,0.13332585657590393
26.490000000000002,0.13333227416927496
26.5,0.133338691762646
26.51,0.13334510935601707
26.52,0.13335152694938812
26.53,0.13336104728261544
26.54,0.13337308615933052
26.55,0.1333851250360456
26.560000000000002,0.13339716391276066
26.57,0.1334110076906837
26.580000000000002,0.13342689722457016
26.59,0.1334427867584566
26.6,0.13345867629234306
26.61,0.13347620882851066
26.62,0.13350012267207131
26.63,0.13352403651563197
26.64,0.13354795035919265
26.650000000000002,0.13357285096330374
26.66,0.13359925328082117
26.67,0.13362565559833864
26.68,0.1336453673652814
26.69,0.1336557125823653
26.7,0.1336660577994492
26.71,0.1336764030165331
26.72,0.133686748233617
26.73,0.1336970934507009
26.740000000000002,0.13370393212984594
26.75,0.13370994225233102
26.76,0.1337159523748161
26.77,0.13372196249730117
26.78,0.13372797261978625
26.79,0.13373398274227133
26.8,0.1337399928647564
26.810000000000002,0.1337467071045355
26.82,0.1337564078806555
26.830000000000002,0.1337661086567755
26.84,0.1337758094328955
26.85,0.13378853749369835
26.86,0.13380242372238038
26.87,0.13381630995106242
26.88,0.13382995817478915
26.89,0.13384324339087372
26.900000000000002,0.13385652860695826
26.91,0.1338698138230428
26.92,0.13388184241740203
26.93,0.13388758035132395
26.94,0.1338933182852459
26.95,0.1338990562191678
26.96,0.13390479415308973
26.97,0.13391053208701167
26.98,0.1339162700209336
26.990000000000002,0.13392200795485554
27.0,0.1339295222215573
27.01,0.13393709958644337
27.02,0.13394467695132944
27.03,0.13395225431621552
27.04,0.13395831559901797
27.05,0.13396054867201562
27.060000000000002,0.13396278174501325
27.07,0.1339650148180109
27.080000000000002,0.13396724789100856
27.09,0.1339694809640062
27.1,0.13397171403700386
27.11,0.13397240774502558
27.12,0.1339713397399998
27.13,0.13397027173497403
27.14,0.13396920372994825
27.150000000000002,0.1339681357249225
27.16,0.13396706771989672
27.17,0.13396599971487094
27.18,0.13396493170984516
27.19,0.13396290692840768
27.2,0.1339590230423048
27.21,0.1339551391562019
27.22,0.13395125527009905
27.23,0.13394737138399618
27.240000000000002,0.1339434874978933
27.25,0.13393960361179044
27.26,0.133936390887825
27.27,0.13393347591706825
27.28,0.13393056094631148
27.29,0.13392764597555473
27.3,0.13392473100479796
27.310000000000002,0.1339218160340412
27.32,0.13391890106328444
27.330000000000002,0.1339159860925277
27.34,0.13391315124854922
27.35,0.13391074215134033
27.36,0.13390833305413144
27.37,0.13390592395692255
27.38,0.13390351485971366
27.39,0.13390110576250475
27.400000000000002,0.13389869666529586
27.41,0.13389628756808697
27.42,0.1338953953651129
27.43,0.13389720251572335
27.44,0.13389900966633378
27.45,0.1339008168169442
27.46,0.13390714596855152
27.47,0.13391577291447593
27.48,0.13392439986040033
27.490000000000002,0.13393302680632474
27.5,0.1339431389438951
27.51,0.13395375590677866
27.52,0.1339643728696622
27.53,0.13397498983254574
27.54,0.13398560679542929
27.55,0.13399704151898761
27.560000000000002,0.13400914996529695
27.57,0.13402125841160625
27.580000000000002,0.1340333668579156
27.59,0.13404547530422492
27.6,0.13405705867673193
27.61,0.13406804858178403
27.62,0.13407903848683617
27.63,0.13409002839188827
27.64,0.13410101829694038
27.650000000000002,0.13411200820199248
27.66,0.1341229981070446
27.67,0.13413398801209672
27.68,0.13414616904492868
27.69,0.1341590409006288
27.7,0.13417191275632895
27.71,0.13418478461202907
27.72,0.13419765646772921
27.73,0.13421052832342936
27.740000000000002,0.13422340017912948
27.75,0.13423612361566734
27.76,0.13424856024382975
27.77,0.13426099687199217
27.78,0.13427343350015458
27.79,0.13428587012831703
27.8,0.13429830675647944
27.810000000000002,0.13431074338464186
27.82,0.1343225216002659
27.830000000000002,0.13433199178082406
27.84,0.13434146196138222
27.85,0.13435093214194038
27.86,0.13436040232249855
27.87,0.1343698725030567
27.88,0.13437934268361487
27.89,0.13438881286417304
27.900000000000002,0.1343965923785754
27.91,0.13440326215451726
27.92,0.1344099319304591
27.93,0.13441660170640096
27.94,0.13442327148234282
27.95,0.1344299412582847
27.96,0.13443661103422655
27.97,0.13444317006355666
27.98,0.1344456179616202
27.990000000000002,0.13444806585968372
28.0,0.13445051375774725
28.01,0.1344529616558108
28.02,0.13445540955387433
28.03,0.13445785745193786
28.04,0.1344603053500014
28.05,0.13445857280845805
28.060000000000002,0.13445589344407052
28.07,0.13445321407968297
28.080000000000002,0.13445053471529544
28.09,0.13444785535090792
28.1,0.1344451759865204
28.11,0.1344424723876458
28.12,0.13443622072269124
28.13,0.13442996905773666
28.14,0.13442371739278208
28.150000000000002,0.1344174657278275
28.16,0.13441121406287293
28.17,0.13440496239791835
28.18,0.13439871073296378
28.19,0.1343911089664999
28.2,0.1343834057541462
28.21,0.1343757025417925
28.22,0.13436799932943885
28.23,0.13436029611708517
28.240000000000002,0.13435259290473148
28.25,0.13434712915731833
28.26,0.1343421800614655
28.27,0.13433723096561265
28.28,0.1343322818697598
28.29,0.13432733277390696
28.3,0.1343223836780541
28.310000000000002,0.13431743458220124
28.32,0.13431427791443418
28.330000000000002,0.1343115136646922
28.34,0.13430874941495027
28.35,0.1343059851652083
28.36,0.13430322091546634
28.37,0.1343004566657244
28.38,0.13429769241598244
28.39,0.13429876634113289
28.400000000000002,0.13430043727427657
28.41,0.13430210820742028
28.42,0.13430377914056396
28.43,0.13430545007370764
28.44,0.13430712100685133
28.45,0.134308791939995
28.46,0.13431321519922726
28.47,0.13431957340405068
28.48,0.13432593160887413
28.490000000000002,0.13433228981369758
28.5,0.13433864801852102
28.51,0.13434500622334447
28.52,0.13435136442816792
28.53,0.13436080647430343
28.54,0.13437051394471272
28.55,0.13438022141512204
28.560000000000002,0.13438992888553133
28.57,0.13439963635594063
28.580000000000002,0.13440934382634995
28.59,0.13441905129675924
28.6,0.1344312897659228
28.61,0.13444367903532556
28.62,0.13445606830472834
28.63,0.1344684575741311
28.64,0.13448084684353387
28.650000000000002,0.13449323611293662
28.66,0.1345056253823394
28.67,0.1345189520552473
28.68,0.13453424636905506
28.69,0.13454954068286282
28.7,0.13456483499667057
28.71,0.13458012931047833
28.72,0.1345954236242861
28.73,0.13461071793809384
28.740000000000002,0.13462346824899737
28.75,0.13463547361695472
28.76,0.13464747898491206
28.77,0.1346594843528694
28.78,0.13467148972082674
28.79,0.13468349508878408
28.8,0.13469550045674145
28.810000000000002,0.1347064090006414
28.82,0.13471477229944748
28.830000000000002,0.13472313559825355
28.84,0.13473149889705963
28.85,0.1347398621958657
28.86,0.13474822549467178
28.87,0.13475658879347785
28.88,0.13476495209228392
28.89,0.134773892882803
28.900000000000002,0.13478391550752236
28.91,0.1347939381322417
28.92,0.13480396075696102
28.93,0.13481398338168038
28.94,0.13482133035046792
28.95,0.13482767538778068
28.96,0.13483402042509346
28.97,0.13484036546240621
28.98,0.1348448115465764
28.990000000000002,0.13484751656837302
29.0,0.13485022159016963
29.01,0.13485292661196624
29.02,0.13485458652217353
29.03,0.13485436097152262
29.04,0.1348541354208717
29.05,0.1348539098702208
29.060000000000002,0.13485373753462954
29.07,0.134854212005284
29.080000000000002,0.13485468647593846
29.09,0.13485516094659292
29.1,0.1348556354172474
29.11,0.13485610988790186
29.12,0.13485763368174808
29.13,0.13485916418446034
29.14,0.13486069468717263
29.150000000000002,0.13486222518988492
29.16,0.13486375569259718
29.17,0.13486528619530946
29.18,0.13486681669802172
29.19,0.13487013933209657
29.2,0.13487369731965337
29.21,0.1348772553072102
29.22,0.134880813294767
29.23,0.13488437128232383
29.240000000000002,0.13488792926988064
29.25,0.13489183426511256
29.26,0.13489805796427265
29.27,0.13490428166343274
29.28,0.1349105053625928
29.29,0.1349167290617529
29.3,0.13492295276091298
29.310000000000002,0.13492917646007307
29.32,0.13493670357827478
29.330000000000002,0.134944574803561
29.34,0.13495244602884723
29.35,0.13496031725413346
29.36,0.1349681884794197
29.37,0.13497605970470591
29.38,0.13498393092999214
29.39,0.13499424733532775
29.400000000000002,0.13500500716616923
29.41,0.1350157669970107
29.42,0.13502652682785218
29.43,0.13503728665869366
29.44,0.13504804648953514
29.45,0.13505880632037662
29.46,0.1350710325161504
29.47,0.1350843202355103
29.48,0.13509760795487022
29.490000000000002,0.13511089567423012
29.5,0.13512418339359003
29.51,0.13513747111294994
29.52,0.13515020035759875
29.53,0.1351614272823856
29.54,0.13517265420717242
29.55,0.13518388113195925
29.560000000000002,0.1351951080567461
29.57,0.13520633498153292
29.580000000000002,0.13521756190631976
29.59,0.13522840861755422
29.6,0.13523906258417037
29.61,0.13524971655078652
29.62,0.13526037051740267
29.63,0.13527102448401881
29.64,0.13528167845063496
29.650000000000002,0.1352923324172511
29.66,0.13530084704988452
29.67,0.1353090222366732
29.68,0.13531719742346188
29.69,0.13532537261025057
29.7,0.13533354779703927
29.71,0.13534172298382793
29.72,0.13534989817061663
29.73,0.1353576979087591
29.740000000000002,0.13536401978321216
29.75,0.1353703416576652
29.76,0.13537666353211827
29.77,0.13538298540657134
29.78,0.1353893072810244
29.79,0.13539562915547745
29.8,0.1354017614890991
29.810000000000002,0.13540656199447518
29.82,0.13541136249985125
29.830000000000002,0.13541616300522732
29.84,0.1354209635106034
29.85,0.13542576401597947
29.86,0.13543056452135555
29.87,0.13543536502673162
29.88,0.1354397694671106
29.89,0.13544367596174334
29.900000000000002,0.1354475824563761
29.91,0.13545148895100884
29.92,0.13545539544564156
29.93,0.1354593019402743
29.94,0.13546320843490706
29.95,0.1354671149295398
29.96,0.13547250440288253
29.97,0.1354783118369107
29.98,0.13548411927093887
29.990000000000002,0.13548992670496704
30.0,0.1354957341389952
30.01,0.13550154157302335
30.02,0.13550712677177018
30.03,0.13551244254526432
30.04,0.13551775831875842
30.05,0.13552307409225253
30.060000000000002,0.13552838986574664
30.07,0.13553370563924075
30.080000000000002,0.13553902141273488
30.09,0.135544337186229
30.1,0.13555354790246127
30.11,0.13556277455984736
30.12,0.13557200121723348
30.13,0.1355812278746196
30.14,0.13559045453200572
30.150000000000002,0.1355996811893918
30.16,0.13560950484540837
30.17,0.13562055284997962
30.18,0.13563160085455087
30.19,0.1356426488591221
30.2,0.13565369686369333
30.21,0.13566474486826458
30.22,0.13567579287283582
30.23,0.13568717368041805
30.240000000000002,0.13569876381300655
30.25,0.13571035394559508
30.26,0.13572194407818358
30.27,0.1357335342107721
30.28,0.1357451243433606
30.29,0.13575671447594911
30.3,0.13576972020630917
30.310000000000002,0.1357833237028016
30.32,0.135796927199294
30.330000000000002,0.13581053069578644
30.34,0.13582413419227884
30.35,0.13583773768877128
30.36,0.1358513411852637
30.37,0.13586472935894034
30.38,0.13587803959566702
30.39,0.1358913498323937
30.400000000000002,0.1359046600691204
30.41,0.13591797030584707
30.42,0.13593128054257378
30.43,0.13594459077930046
30.44,0.13595873125709712
30.45,0.1359733069321777
30.46,0.13598788260725828
30.47,0.13600245828233887
30.48,0.13601703395741946
30.490000000000002,0.13603160963250005
30.5,0.1360461853075806
30.51,0.13605969089693576
30.52,0.13607308128583812
30.53,0.13608647167474047
30.54,0.13609986206364283
30.55,0.13611325245254519
30.560000000000002,0.13612664284144754
30.57,0.1361400332303499
30.580000000000002,0.13615342361925226
30.59,0.13616738233241016
30.6,0.1361815588145372
30.61,0.13619573529666423
30.62,0.13620991177879127
30.63,0.1362240882609183
30.64,0.13623826474304535
30.650000000000002,0.13625244122517238
30.66,0.13626579946399708
30.67,0.13627912595170527
30.68,0.13629245243941343
30.69,0.13630577892712162
30.7,0.1363191054148298
30.71,0.136332431902538
30.72,0.13634575839024615
30.73,0.13635667817955757
30.740000000000002,0.13636746140805714
30.75,0.1363782446365567
30.76,0.13638902786505627
30.77,0.1363998110935558
30.78,0.13641059432205538
30.79,0.13642137755055495
30.8,0.13643262800633052
30.810000000000002,0.13644707277581639
30.82,0.13646151754530225
30.830000000000002,0.13647596231478815
30.84,0.136490407084274
30.85,0.13650485185375988
30.86,0.13651929662324574
30.87,0.13653320840756406
30.88,0.13654631177367746
30.89,0.1365594151397909
30.900000000000002,0.13657251850590432
30.91,0.13658562187201775
30.92,0.13659872523813119
30.93,0.1366118286042446
30.94,0.13662350930765552
30.95,0.1366343298762433
30.96,0.13664515044483105
30.970000000000002,0.13665597101341884
30.98,0.13666679158200662
30.990000000000002,0.1366776121505944
31.0,0.13668843271918218
31.01,0.13669925328776997
31.02,0.13671103603135257
31.03,0.13672342474870233
31.04,0.13673581346605207
31.05,0.13674820218340183
31.060000000000002,0.13676059090075157
31.07,0.1367729796181013
31.080000000000002,0.13678536833545107
31.09,0.13679911309259093
31.1,0.13681320524697643
31.11,0.13682729740136193
31.12,0.13684138955574743
31.13,0.1368554817101329
31.14,0.1368695738645184
31.150000000000002,0.1368836660189039
31.16,0.13689856079380605
31.17,0.13691478091149337
31.18,0.13693100102918065
31.19,0.13694722114686797
31.2,0.13696344126455526
31.21,0.13697966138224257
31.220000000000002,0.1369958814999299
31.23,0.13701284252090573
31.240000000000002,0.13703069588176342
31.25,0.1370485492426211
31.26,0.13706640260347883
31.27,0.13708425596433652
31.28,0.1371021093251942
31.29,0.13712011048496667
31.3,0.13714012343627
31.310000000000002,0.13716013638757332
31.32,0.13718014933887665
31.330000000000002,0.13720016229017998
31.34,0.1372201752414833
31.35,0.13724018819278663
31.36,0.13726093537081155
31.37,0.13728692936400663
31.38,0.1373129233572017
31.39,0.13733891735039677
31.400000000000002,0.13736491134359186
31.41,0.1373909053367869
31.42,0.137416899329982
31.43,0.13744651064083716
31.44,0.13750062592558623
31.45,0.13755474121033529
31.46,0.13760885649508436
31.470000000000002,0.13766297177983344
31.48,0.13771708706458252
31.490000000000002,0.1377712023493316
31.5,0.1378973385571892
31.51,0.13802839766139305
31.52,0.13815945676559688
31.53,0.13829051586980073
31.54,0.13842157497400456
31.55,0.13855263407820842
31.560000000000002,0.13868369318241228
31.57,0.1388215554622189
31.580000000000002,0.13897041248379
31.59,0.13911926950536102
31.6,0.13926812652693213
31.61,0.13941698354850315
31.62,0.13956584057007426
31.63,0.1397146975916453
31.64,0.1398635546132164
31.650000000000002,0.1399777298827189
31.66,0.14006168542853228
31.67,0.1401456409743457
31.68,0.1402295965201591
31.69,0.1403135520659725
31.7,0.1403975076117859
31.71,0.14048146315759932
31.720000000000002,0.14053836569083442
31.73,0.14049210980945698
31.740000000000002,0.1404458539280795
31.75,0.14039959804670207
31.76,0.14035334216532463
31.77,0.1403070862839472
31.78,0.14026083040256973
31.79,0.14016886404195025
31.8,0.14005008416929451
31.810000000000002,0.13993130429663875
31.82,0.13981252442398306
31.830000000000002,0.13969374455132733
31.84,0.13957496467867161
31.85,0.13945618480601588
31.86,0.13933341657098114
31.87,0.13918428654370413
31.88,0.13903515651642714
31.89,0.13888602648915013
31.900000000000002,0.13873689646187312
31.91,0.13858776643459617
31.92,0.13843863640731913
31.93,0.13828950638004217
31.94,0.13809362043539458
31.95,0.13789434413642
31.96,0.1376950678374453
31.970000000000002,0.13749579153847064
31.98,0.13729651523949604
31.990000000000002,0.13709723894052137
32.0,0.13689796264154677
32.01,0.13669868634257218
32.02,0.13641104649151983
32.03,0.13594917966076564
32.04,0.13548731283001145
32.05,0.13502544599925725
32.06,0.13456357916850273
32.07,0.13410171233774854
32.08,0.1337107817656387
32.09,0.13332363841880904
32.1,0.13293649507197963
32.11,0.13254935172515023
32.12,0.13216220837832082
32.13,0.13177506503149117
32.14,0.13138792168466176
32.15,0.1311706734753199
32.160000000000004,0.13096589534475667
32.17,0.13076111721419356
32.18,0.13055633908363046
32.19,0.13035156095306732
32.2,0.13014678282250408
32.21,0.12994200469194098
32.22,0.12990063508306082
32.230000000000004,0.1299587029137889
32.24,0.13001677074451687
32.25,0.13007483857524488
32.26,0.1301329064059729
32.27,0.1301959719355391
32.28,0.1302633701536456
32.29,0.13033076837175211
32.3,0.13039816658985862
32.31,0.13046556480796515
32.32,0.13053296302607165
32.33,0.13044389965817613
32.34,0.13012703461612402
32.35,0.12981016957407213
32.36,0.12949330453202026
32.37,0.12917643948996838
32.38,0.12885957444791626
32.39,0.1285068423736019
32.4,0.1281270364041159
32.410000000000004,0.12774723043462965
32.42,0.12736742446514365
32.43,0.12698761849565765
32.44,0.12660781252617165
32.45,0.1262280065566854
32.46,0.12599984745113263
32.47,0.12613317882708663
32.480000000000004,0.12626651020304075
32.49,0.12639984157899475
32.5,0.12653317295494876
32.51,0.12666650433090276
32.52,0.12679983570685688
32.53,0.12692681242044096
32.54,0.1270507781139462
32.55,0.1271747438074514
32.56,0.12729870950095667
32.57,0.1274226751944619
32.58,0.1275466408879671
32.59,0.1276706065814724
32.6,0.12804395251970996
32.61,0.1285681209377818
32.62,0.12909228935585368
32.63,0.1296164577739259
32.64,0.1301406261919978
32.65,0.13066479461006963
32.660000000000004,0.13118896302814187
32.67,0.13182510221295868
32.68,0.13259210707386843
32.69,0.13335911193477817
32.7,0.13412611679568848
32.71,0.13489312165659822
32.72,0.13566012651750797
32.730000000000004,0.13642713137841828
32.74,0.13719413623932802
32.75,0.13748817968343602
32.76,0.13767144241402696
32.77,0.13785470514461803
32.78,0.13803796787520897
32.79,0.1382212306057999
32.8,0.13840449333639085
32.81,0.13858775606698193
32.82,0.13847106886440494
32.83,0.13791893722869492
32.84,0.13736680559298448
32.85,0.13681467395727445
32.86,0.1362625423215644
32.87,0.13571041068585438
32.88,0.13515827905014396
32.89,0.1346061474144339
32.9,0.13343882278878197
32.910000000000004,0.13179696216080852
32.92,0.13015510153283621
32.93,0.12851324090486393
32.94,0.12687138027689165
32.95,0.1252295196489182
32.96,0.12358765902094593
32.97,0.12194579839297363
32.980000000000004,0.12065279973335144
32.99,0.11936898836715289
33.0,0.11808517700095433
33.01,0.1168013656347558
33.02,0.11551755426855632
33.03,0.11423374290235777
33.04,0.11294993153615923
33.05,0.11199855873255564
33.06,0.11123127850479353
33.07,0.11046399827703196
33.08,0.10969671804927039
33.09,0.10892943782150827
33.1,0.1081621575937467
33.11,0.10739487736598513
33.12,0.10662759713822356
33.13,0.10591097555453603
33.14,0.10521741440398735
33.15,0.10452385325343869
33.160000000000004,0.10383029210288952
33.17,0.10313673095234085
33.18,0.10244316980179217
33.19,0.10174960865124351
33.2,0.10105604750069434
33.21,0.10035924798651094
33.22,0.09952485290241984
33.230000000000004,0.09869045781832816
33.24,0.09785606273423705
33.25,0.09702166765014596
33.26,0.09618727256605486
33.27,0.09535287748196317
33.28,0.09451848239787207
33.29,0.09372544253976978
33.3,0.09367141277502264
33.31,0.09361738301027547
33.32,0.09356335324552835
33.33,0.09350932348078121
33.34,0.09345529371603405
33.35,0.09340126395128691
33.36,0.09334723418653978
33.37,0.09406583144255007
33.38,0.09495491132939565
33.39,0.09584399121624061
33.4,0.09673307110308557
33.410000000000004,0.09762215098993116
33.42,0.0985112308767761
33.43,0.09940031076362106
33.44,0.10028939065046602
33.45,0.10180099872439945
33.46,0.1036919106128111
33.47,0.10558282250122278
33.480000000000004,0.10747373438963578
33.49,0.10936464627804746
33.5,0.11125555816645913
33.51,0.1131464700548708
33.52,0.1153518407264316
33.53,0.11782728217537082
33.54,0.12030272362431003
33.55,0.12277816507324925
33.56,0.12525360652219023
33.57,0.12772904797112944
33.58,0.13020448942006863
33.59,0.13259405341621655
33.6,0.13491851205394934
33.61,0.13724297069168212
33.62,0.1395674293294149
33.63,0.14189188796714933
33.64,0.1442163466048821
33.65,0.14654080524261492
33.660000000000004,0.14886526388034935
33.67,0.15118533186829464
33.68,0.15350148279263875
33.69,0.15581763371698287
33.7,0.15813378464132866
33.71,0.16044993556567277
33.72,0.1627660864900169
33.730000000000004,0.16508223741436268
33.74,0.1673983883387068
33.75,0.16982082129251339
33.76,0.17235708395117438
33.77,0.17489334660983716
33.78,0.17742960926849816
33.79,0.17996587192715913
33.8,0.1825021345858201
33.81,0.1850383972444829
33.82,0.187501285160433
33.83,0.18985097523692832
33.84,0.19220066531342528
33.85,0.1945503553899206
33.86,0.1969000454664159
33.87,0.1992497355429112
33.88,0.2015994256194082
33.89,0.2039491156959035
33.9,0.20628136739622188
33.910000000000004,0.20861206858761186
33.92,0.2109427697790002
33.93,0.2132734709703885
33.94,0.21560417216177682
33.95,0.2179348733531668
33.96,0.22026557454455511
33.97,0.22258877072864366
33.980000000000004,0.22489912162606018
33.99,0.2272094725234751
34.0,0.22951982342088997
34.01,0.23183017431830485
34.02,0.2341405252157214
34.03,0.23645087611313628
34.04,0.2387612270105512
34.05,0.24121775592175237
34.06,0.2438480201139737
34.07,0.24647828430619315
34.08,0.24910854849841257
34.09,0.2517388126906339
34.1,0.2543690768828534
34.11,0.25699934107507283
34.12,0.2596543433280546
34.13,0.26256342822994183
34.14,0.265472513131827
34.15,0.2683815980337122
34.160000000000004,0.2712906829355995
34.17,0.2741997678374847
34.18,0.27710885273936986
34.19,0.28002105018299156
34.2,0.2829863558998763
34.21,0.2859516616167589
34.22,0.28891696733364153
34.230000000000004,0.2918822730505263
34.24,0.29484757876740886
34.25,0.2978128844842915
34.26,0.30077819020117413
34.27,0.30394301379275224
34.28,0.30716237800062096
34.29,0.31038174220848974
34.300000000000004,0.31360110641636074
34.31,0.31682047062422947
34.32,0.32003983483209825
34.33,0.32325919903996697
34.34,0.3258936012188237
34.35,0.3285059005919925
34.36,0.3311181999651612
34.37,0.33373049933832993
34.38,0.3363427987115005
34.39,0.3389550980846693
34.4,0.341567397457838
34.410000000000004,0.3441796968310086
34.42,0.3469071307601064
34.43,0.3496372876576618
34.44,0.35236744455521724
34.45,0.3550976014527746
34.46,0.35782775835033004
34.47,0.36055791524788544
34.480000000000004,0.3632317659689619
34.49,0.3655078034431386
34.5,0.3677838409173153
34.51,0.370059878391492
34.52,0.3723359158656704
34.53,0.3746119533398471
34.54,0.3768879908140238
34.550000000000004,0.3791640282882021
34.56,0.38128688449124554
34.57,0.38340722888220824
34.58,0.385527573273171
34.59,0.3876479176641352
34.6,0.3897682620550979
34.61,0.39188860644606066
34.62,0.39398887932710175
34.63,0.3959723623738733
34.64,0.39795584542064333
34.65,0.3999393284674134
34.660000000000004,0.40192281151418496
34.67,0.40390629456095506
34.68,0.4058897776077251
34.69,0.4078732606544952
34.7,0.4102919306773866
34.71,0.4127261830755222
34.72,0.4151604354736578
34.730000000000004,0.41759468787179505
34.74,0.42002894026993065
34.75,0.4224631926680662
34.76,0.42474199998757384
34.77,0.4265452749440078
34.78,0.4283485499004404
34.79,0.43015182485687303
34.800000000000004,0.43195509981330693
34.81,0.43375837476973955
34.82,0.4355616497261722
34.83,0.4373649246826048
34.84,0.43897195153914953
34.85,0.4396171520872466
34.86,0.4402623526353437
34.87,0.4409075531834408
34.88,0.4415527537315384
34.89,0.4421979542796355
34.9,0.44284315482773257
34.910000000000004,0.4427752222173882
34.92,0.4385825188729631
34.93,0.43438981552853806
34.94,0.43019711218411294
34.95,0.42600440883968493
34.96,0.4198640275577115
34.97,0.41284685712587654
34.980000000000004,0.40582968669403663
34.99,0.39881251626220166
35.0,0.3917953458303667
35.01,0.38509843560255375
35.02,0.3801046299714365
35.03,0.3751108243403229
35.04,0.3701170187092092
35.050000000000004,0.365123213078092
35.06,0.3601294074469783
35.07,0.3551356018158646
35.08,0.3502176835782302
35.09,0.34595052368992013
35.1,0.34168336380161307
35.11,0.337416203913306
35.12,0.33314904402499895
35.13,0.32888188413668884
35.14,0.3246147242483818
35.15,0.32034542791999
35.160000000000004,0.3158259574223126
35.17,0.31130648692463847
35.18,0.3067870164269643
35.19,0.30226754592929017
35.2,0.2977480754316128
35.21,0.29322860493393865
35.22,0.2890218192933003
35.230000000000004,0.28519111048230983
35.24,0.28136040167132215
35.25,0.2775296928603344
35.26,0.2736989840493467
35.27,0.26986827523835627
35.28,0.2660375664273686
35.29,0.26220685761638085
35.300000000000004,0.2583841644937098
35.31,0.25456311544174104
35.32,0.2507420663897722
35.33,0.2469210173378034
35.34,0.24309996828583189
35.35,0.23927891923386307
35.36,0.23545787018189426
35.37,0.23193247457663665
35.38,0.22848425397615865
35.39,0.22503603337568312
35.4,0.2215878127752076
35.410000000000004,0.21813959217472959
35.42,0.21469137157425405
35.43,0.21124315097377852
35.44,0.2086237127602582
35.45,0.20605184870083046
35.46,0.20347998464140452
35.47,0.2009081205819786
35.480000000000004,0.19833625652255082
35.49,0.1957643924631249
35.5,0.19319252840369897
35.51,0.19066481062105706
35.52,0.1883071591356048
35.53,0.18594950765015425
35.54,0.1835918561647037
35.550000000000004,0.18123420467925144
35.56,0.17887655319380089
35.57,0.17651890170835033
35.58,0.1742245082939584
35.59,0.172271963323893
35.6,0.17031941835382897
35.61,0.16836687338376494
35.62,0.16641432841370088
35.63,0.16446178344363546
35.64,0.16250923847357143
35.65,0.16066172617166893
35.660000000000004,0.15915377860275254
35.67,0.15764583103383717
35.68,0.15613788346492183
35.69,0.1546299358960065
35.7,0.15312198832709006
35.71,0.15161404075817472
35.72,0.15043857334465124
35.730000000000004,0.14951549235204026
35.74,0.1485924113594299
35.75,0.14766933036681956
35.76,0.14674624937420921
35.77,0.1458231683815982
35.78,0.14490008738898785
35.79,0.14407758864611425
35.800000000000004,0.14364697104510288
35.81,0.1432163534440918
35.82,0.14278573584308074
35.83,0.14235511824206967
35.84,0.1419245006410583
35.85,0.1414938830400472
35.86,0.14106326543903613
35.87,0.14063264783802507
35.88,0.1406407700431913
35.89,0.14065324832397166
35.9,0.14066572660475202
35.910000000000004,0.1406782048855324
35.92,0.14069068316631275
35.93,0.14070316144709313
35.94,0.1407156397278735
35.95,0.14076904806671903
35.96,0.1413867293122179
35.97,0.14200441055771676
35.980000000000004,0.14262209180321608
35.99,0.14323977304871496
36.0,0.14385745429421382
36.01,0.1444751355397127
36.02,0.14509281678521202
36.03,0.1465722826320758
36.04,0.14805471292514943
36.050000000000004,0.1495371432182241
36.06,0.1510195735112977
36.07,0.15250200380437132
36.08,0.15398443409744492
36.09,0.15080215174173445
36.1,0.14731331469407935
36.11,0.14382447764642428
36.12,0.14033564059876918
36.13,0.13684680355111162
36.14,0.13335796650345655
36.15,0.12986912945580148
36.160000000000004,0.1276423374066617
36.17,0.129944203714037
36.18,0.13224607002141228
36.19,0.13454793632878756
36.2,0.13684980263616447
36.21,0.13915166894353978
36.22,0.14145353525091506
36.230000000000004,0.14375540155829197
36.24,0.1477392309286491
36.25,0.1519416256250069
36.26,0.15614402032136473
36.27,0.1603464150177255
36.28,0.16454880971408334
36.29,0.16875120441044114
36.300000000000004,0.17296709665845536
36.31,0.1778944100768626
36.32,0.18282172349526982
36.33,0.18774903691367706
36.34,0.19267635033208777
36.35,0.197603663750495
36.36,0.20253097716890223
36.37,0.20745829058730947
36.38,0.21267055155749057
36.39,0.21802074336332497
36.4,0.22337093516915935
36.410000000000004,0.22872112697499752
36.42,0.2340713187808319
36.43,0.23942151058666628
36.44,0.24477170239250068
36.45,0.24919147249828635
36.46,0.25331304649590025
36.47,0.2574346204935141
36.480000000000004,0.261556194491131
36.49,0.26567776848874486
36.5,0.2697993424863588
36.51,0.27392091648397265
36.52,0.2779336356885241
36.53,0.28173139648863077
36.54,0.2855291572887374
36.550000000000004,0.2893269180888468
36.56,0.29312467888895344
36.57,0.2969224396890601
36.58,0.3007202004891668
36.59,0.30403439041671826
36.6,0.30705997118495276
36.61,0.3100855519531872
36.62,0.3131111327214217
36.63,0.3161367134896583
36.64,0.3191622942578928
36.65,0.3221878750261273
36.660000000000004,0.32481178654309123
36.67,0.32734550984547034
36.68,0.3298792331478494
36.69,0.3324129564502285
36.7,0.3349466797526094
36.71,0.33748040305498844
36.72,0.33939508117831463
36.730000000000004,0.3410068324996674
36.74,0.34261858382101906
36.75,0.3442303351423707
36.76,0.34584208646372233
36.77,0.34745383778507516
36.78,0.34906558910642677
36.79,0.3500718395169719
36.800000000000004,0.3508106097416789
36.81,0.3515493799663853
36.82,0.3522881501910917
36.83,0.3530269204157982
36.84,0.3537656906405051
36.85,0.3545044608652116
36.86,0.3554004221735134
36.87,0.3566864924355625
36.88,0.3579725626976125
36.89,0.3592586329596616
36.9,0.36054470322171067
36.910000000000004,0.36183077348376064
36.92,0.3631168437458097
36.93,0.3642893203500348
36.94,0.36539174889731124
36.95,0.36649417744458845
36.96,0.36759660599186483
36.97,0.36869903453914127
36.980000000000004,0.3698014630864185
36.99,0.3709038916336949
37.0,0.37198264206325693
37.01,0.3730601853538087
37.02,0.37413772864436123
37.03,0.37521527193491305
37.04,0.3762928152254648
37.050000000000004,0.37737035851601736
37.06,0.37843954918795664
37.07,0.3794560227359704
37.08,0.3804724962839842
37.09,0.3814889698319987
37.1,0.3825054433800125
37.11,0.38352191692802634
37.12,0.3845383904760401
37.13,0.3855535761932219
37.14,0.3863543543617639
37.15,0.3871551325303059
37.160000000000004,0.3879559106988485
37.17,0.3887566888673905
37.18,0.3895574670359325
37.19,0.39035824520447454
37.2,0.3911590233730171
37.21,0.39192058065199686
37.22,0.392622142742429
37.230000000000004,0.39332370483286166
37.24,0.39402526692329387
37.25,0.394726829013726
37.26,0.3954283911041582
37.27,0.3961299531945908
37.28,0.39663298318767315
37.29,0.39711724397639125
37.300000000000004,0.39760150476510964
37.31,0.3980857655538277
37.32,0.3985700263425458
37.33,0.39905428713126384
37.34,0.3993756409743386
37.35,0.3995999091178
37.36,0.3998241772612614
37.37,0.4000484454047228
37.38,0.40027271354818433
37.39,0.40049698169164577
37.4,0.40072124983510715
37.410000000000004,0.4009455179785687
37.42,0.4008989269026875
37.43,0.4008115922320031
37.44,0.40072425756131863
37.45,0.40063692289063413
37.46,0.4005495882199497
37.47,0.40046225354926523
37.480000000000004,0.4003749188785807
37.49,0.40028758420789623
37.5,0.4002002495372118
37.51,0.40011291486652734
37.52,0.40002558019584283
37.53,0.39973803462995205
37.54,0.39904316961715625
37.550000000000004,0.39834830460436
37.56,0.39765343959156424
37.57,0.39695857457876843
37.58,0.3962637095659727
37.59,0.39518148387442786
37.6,0.393172814344155
37.61,0.3911641448138822
37.62,0.38915547528360933
37.63,0.3871468057533351
37.64,0.3849407132280449
37.65,0.38271915488394087
37.660000000000004,0.3804975965398353
37.67,0.37827603819573125
37.68,0.3760544798516272
37.69,0.3738329215075232
37.7,0.371261718657988
37.71,0.3682085473817857
37.72,0.3651553761055834
37.730000000000004,0.36210220482937894
37.74,0.3590490335531767
37.75,0.3559958622769744
37.76,0.352934044408029
37.77,0.34974975965740174
37.78,0.34656547490677675
37.79,0.34338119015615176
37.800000000000004,0.34019690540552455
37.81,0.33701262065489956
37.82,0.3338283359042746
37.83,0.3306440511536496
37.84,0.3271207663220565
37.85,0.32337313616971547
37.86,0.31962550601737444
37.87,0.3158778758650334
37.88,0.31213024571268966
37.89,0.3083826155603486
37.9,0.3046349854080076
37.910000000000004,0.30137086117417483
37.92,0.29825002482411866
37.93,0.2951291884740625
37.94,0.29200835212400633
37.95,0.2888875157739479
37.96,0.2857666794238917
37.97,0.28264584307383556
37.980000000000004,0.27952500672377717
37.99,0.276027066918866
38.0,0.27245967198129245
38.01,0.2688922770437188
38.02,0.2653248821061427
38.03,0.26175748716856906
38.04,0.2581900922309954
38.050000000000004,0.2548820001911252
38.06,0.251920840824536
38.07,0.24895968145794667
38.08,0.2459985220913574
38.09,0.24303736272476603
38.1,0.24007620335817675
38.11,0.23711504399158748
38.12,0.23456077311334034
38.13,0.23236431509666194
38.14,0.23016785707998516
38.15,0.22797139906330835
38.160000000000004,0.22577494104662998
38.17,0.22357848302995317
38.18,0.22138202501327636
38.19,0.21925710090961417
38.2,0.217372908970353
38.21,0.21548871703109315
38.22,0.2136045250918333
38.230000000000004,0.21172033315257213
38.24,0.2098361412133123
38.25,0.20827511804549928
38.26,0.207302604564786
38.27,0.20633009108407205
38.28,0.20535757760335877
38.29,0.20438506412264548
38.300000000000004,0.20341255064193153
38.31,0.20244003716121825
38.32,0.20205491852296403
38.33,0.20172590081107974
38.34,0.20139688309919523
38.35,0.20106786538731095
38.36,0.20073884767542666
38.37,0.20040982996354237
38.38,0.2006433640891187
38.39,0.20109373872814534
38.4,0.20154411336717198
38.410000000000004,0.20199448800619893
38.42,0.20244486264522557
38.43,0.2028952372842522
38.44,0.20410729363059038
38.45,0.20538915140644842
38.46,0.20667100918230552
38.47,0.20795286695816265
38.480000000000004,0.20923472473402066
38.49,0.2105165825098778
38.5,0.21224839182592573
38.51,0.2141301927479683
38.52,0.21601199367001217
38.53,0.21789379459205474
38.54,0.21977559551409728
38.550000000000004,0.22165739643614119
38.56,0.2235802695488669
38.57,0.22589084999877682
38.58,0.2282014304486867
38.59,0.23051201089859827
38.6,0.23282259134850816
38.61,0.23513317179841808
38.62,0.23744306765703932
38.63,0.23970560020662307
38.64,0.2419681327562052
38.65,0.24423066530578735
38.660000000000004,0.2464931978553711
38.67,0.24875573040495325
38.68,0.2510182629545354
38.69,0.25329958801187463
38.7,0.255583194405565
38.71,0.2578668007992537
38.72,0.2601504071929424
38.730000000000004,0.26243401358663276
38.74,0.2645862887039128
38.75,0.26632044840295843
38.76,0.2680546081020041
38.77,0.269788767801051
38.78,0.27152292750009666
38.79,0.27325708719914227
38.800000000000004,0.27486649448798767
38.81,0.27540235386563
38.82,0.2759382132432723
38.83,0.2764740726209146
38.84,0.2770099319985573
38.85,0.27754579137619956
38.86,0.2780816507538419
38.87,0.2785404853336448
38.88,0.27755783674977413
38.89,0.2765751881659042
38.9,0.2755925395820343
38.910000000000004,0.27460989099816363
38.92,0.2736272424142937
38.93,0.2726384127585042
38.94,0.27088197917948453
38.95,0.26912554560046364
38.96,0.267369112021444
38.97,0.2656126784424243
38.980000000000004,0.2638562448634034
38.99,0.26209981128438375
39.0,0.2611509611689712
39.01,0.26034769183145245
39.02,0.2595444224939331
39.03,0.2587411531564144
39.04,0.25793788381889565
39.050000000000004,0.25754839735347074
39.06,0.2581662335502642
39.07,0.2587840697470577
39.08,0.25940190594385115
39.09,0.26001974214064505
39.1,0.26063757833743856
39.11,0.26185066649265126
39.12,0.26352513152188706
39.13,0.2651995965511241
39.14,0.2668740615803599
39.15,0.2685485266095957
39.160000000000004,0.27022299163883273
39.17,0.2721032657748895
39.18,0.2739863572652653
39.19,0.2758694487556412
39.2,0.2777525402460183
39.21,0.27963563173639416
39.22,0.28145407075950846
39.230000000000004,0.28311846261480583
39.24,0.284782854470102
39.25,0.28644724632539814
39.26,0.2881116381806943
39.27,0.2897760300359916
39.28,0.29144042189128777
39.29,0.2690146780982601
39.300000000000004,0.24474118137373338
39.31,0.2204676846492239
39.32,0.19619418792471438
39.33,0.17192069120020492
39.34,0.15226841193914725
39.35,0.14210900232099716
39.36,0.13194959270284706
39.37,0.12179018308469697
39.38,0.11163077346653967
39.39,0.10147136384838959
39.4,0.10106384119425289
39.410000000000004,0.10142076671593511
39.42,0.10177769223761708
39.43,0.10213461775929905
39.44,0.10249154328098102
39.45,0.10284846880266324
39.46,0.10348156815216374
39.47,0.10446850553803012
39.480000000000004,0.10545544292389722
39.49,0.10644238030976359
39.5,0.10742931769562998
39.51,0.1084185348021593
39.52,0.10984562368489566
39.53,0.11127271256763101
39.54,0.11269980145036636
39.550000000000004,0.11412689033310272
39.56,0.11555397921583807
39.57,0.11709157241891775
39.58,0.11888473898839852
39.59,0.12067790555788055
39.6,0.1224710721273613
39.61,0.12426423869684206
39.62,0.1260574052663228
39.63,0.1280152189337015
39.64,0.1304022995101913
39.65,0.13278938008668112
39.660000000000004,0.13517646066317263
39.67,0.13756354123966244
39.68,0.13995062181615225
39.69,0.14231685725516643
39.7,0.1446704341805545
39.71,0.1470240111059409
39.72,0.14937758803132734
39.730000000000004,0.1517311649567154
39.74,0.1540847418821018
39.75,0.1564383188074882
39.76,0.15923032411726248
39.77,0.16218747298859834
39.78,0.16514462185993212
39.79,0.16810177073126586
39.800000000000004,0.17105891960260172
39.81,0.1740160684739355
39.82,0.17706662672112655
39.83,0.18031136621245855
39.84,0.18355610570379288
39.85,0.1868008451951249
39.86,0.1900455846864569
39.87,0.1932903241777889
39.88,0.19653506366912324
39.89,0.19969270739371497
39.9,0.20279293629495845
39.910000000000004,0.20589316519620413
39.92,0.2089933940974476
39.93,0.21209362299869108
39.94,0.21519385189993456
39.95,0.21829408080118026
39.96,0.22139430970242374
39.97,0.2255380367276568
39.980000000000004,0.2297629433265091
39.99,0.2339878499253584
40.0,0.2382127565242077
40.01,0.242437663123057
40.02,0.2466625697219093
40.03,0.2510909628986662
40.04,0.25556505189012735
40.050000000000004,0.2600391408815917
40.06,0.26451322987305287
40.07,0.268987318864514
40.08,0.27346140785597517
40.09,0.2779354968474395
40.1,0.28387484536878665
40.11,0.28997464791641503
40.12,0.2960744504640434
40.13,0.30217425301167616
40.14,0.30827405555930454
40.15,0.31443482916339477
40.160000000000004,0.3207763837803246
40.17,0.32711793839724995
40.18,0.3334594930141753
40.19,0.33980104763110064
40.2,0.3461426022480305
40.21,0.3293672419478504
40.22,0.27683609211823734
40.230000000000004,0.224304942288587
40.24,0.17177379245897395
40.25,0.1192426426293609
40.26,0.06671149279974786
40.27,0.04310554094134561
40.28,0.045773528334050954
40.29,0.0484415157267563
40.300000000000004,0.05110950311946354
40.31,0.05377749051216888
40.32,0.05772435412091769
40.33,0.06308297972375805
40.34,0.06844160532660223
40.35,0.0738002309294426
40.36,0.07915885653228297
40.37,0.08451748213512333
40.38,0.0899330028726605
40.39,0.09551828145960044
40.4,0.10110356004654038
40.410000000000004,0.1066888386334843
40.42,0.11227411722042424
40.43,0.11785939580736418
40.44,0.12332681300422796
40.45,0.12820959987854377
40.46,0.13309238675285612
40.47,0.1379751736271685
40.480000000000004,0.1428579605014843
40.49,0.14774074737579665
40.5,0.15013146338741643
40.51,0.15084292678848849
40.52,0.15155439018956102
40.53,0.15226585359063308
40.54,0.1529773169917051
40.550000000000004,0.15313622816669475
40.56,0.15119074339821328
40.57,0.14924525862973181
40.58,0.14729977386125034
40.59,0.14535428909276749
40.6,0.14340880432428602
40.61,0.14155344041604095
40.62,0.13986671707374412
40.63,0.13817999373144607
40.64,0.13649327038914924
40.65,0.1348065470468524
40.660000000000004,0.13311982370455436
40.67,0.13220475480076613
40.68,0.13170666219501906
40.69,0.13120856958927196
40.7,0.13071047698352453
40.71,0.13021238437777746
40.72,0.12971429177203037
40.730000000000004,0.1298349433373952
40.74,0.13071608828219636
40.75,0.13159723322699754
40.76,0.13247837817179872
40.77,0.13335952311660051
40.78,0.1342406680614017
40.79,0.13610974833029782
40.800000000000004,0.1386814436504598
40.81,0.14125313897062
40.82,0.14382483429078016
40.83,0.14639652961094035
40.84,0.14896822493110234
40.85,0.15188574963658177
40.86,0.15515785464603848
40.87,0.15842995965549517
40.88,0.1617020646649542
40.89,0.1649741696744109
40.9,0.1682462746838676
40.910000000000004,0.17162645295098175
40.92,0.17502556575619874
40.93,0.17842467856141572
40.94,0.1818237913666327
40.95,0.1852229041718521
40.96,0.1886220169770691
40.97,0.18874481600239268
40.980000000000004,0.18637902466742293
40.99,0.18401323333245487
41.0,0.18164744199748678
41.01,0.17928165066251872
41.02,0.17691585932754897
41.03,0.17633635374139936
41.04,0.17665364847843804
41.050000000000004,0.1769709432154769
41.06,0.17728823795251555
41.07,0.17760553268955423
41.08,0.17792282742659288
41.09,0.17980851497637806
41.1,0.18626554216462962
41.11,0.19272256935288115
41.12,0.1991795965411327
41.13,0.20563662372938885
41.14,0.21209365091764038
41.15,0.21900603095880028
41.160000000000004,0.22719450167523514
41.17,0.23538297239166417
41.18,0.24357144310809317
41.19,0.25175991382452223
41.2,0.25994838454095703
41.21,0.2681321558449425
41.22,0.26710789877418883
41.230000000000004,0.26608364170343446
41.24,0.2650593846326808
41.25,0.2640351275619271
41.26,0.26301087049117344
41.27,0.26198661342041907
41.28,0.3165989041106592
41.29,0.4160960715207691
41.300000000000004,0.5155932389309497
41.31,0.6150904063410596
41.32,0.7145875737511695
41.33,0.8140847411612795
41.34,0.8086134020415856
41.35,0.8022181729408199
41.36,0.7958229438400541
41.37,0.7894277147392885
41.38,0.7830324856385182
41.39,0.780735016046448
41.4,0.7918148671135751
41.410000000000004,0.80289471818071
41.42,0.8139745692478371
41.43,0.825054420314964
41.44,0.8361342713820911
41.45,0.8494189256540158
41.46,0.8678762535152683
41.47,0.8863335813765209
41.480000000000004,0.9047909092377864
41.49,0.9232482370990389
41.5,0.9417055649602915
41.51,0.9595195714151786
41.52,0.977239804866688
41.53,0.9949600383181848
41.54,1.0126802717696815
41.550000000000004,1.0304005052211909
41.56,1.0481207386726876
41.57,1.0180048027206354
41.58,0.9839690550824056
41.59,0.9499333074441517
41.6,0.915897559805922
41.61,0.8818618121676922
41.62,0.8612852924998106
41.63,0.879746257662628
41.64,0.8982072228254324
41.65,0.9166681879882368
41.660000000000004,0.9351291531510543
41.67,0.9535901183138586
41.68,0.9720510834766629
41.69,1.0196823791951748
41.7,1.0897062565949485
41.71,1.1597301339946724
41.72,1.2297540113943963
41.730000000000004,1.29977788879417
41.74,1.3303599276407347
41.75,1.2830145669849427
41.76,1.2356692063291508
41.77,1.1883238456733252
41.78,1.140978485017533
41.79,1.093633124361741
41.800000000000004,1.0462877637059154
41.81,1.0100812202538383
41.82,0.9949310293002196
41.83,0.9797808383466008
41.84,0.9646306473929712
41.85,0.9494804564393524
41.86,0.9343302654857337
41.87,0.9191800745321149
41.88,0.9040298835784853
41.89,0.8888796926248665
41.9,0.8912306219744799
41.910000000000004,0.8980818130004155
41.92,0.9049330040263461
41.93,0.9117841950522768
41.94,0.9186353860782075
41.95,0.9254865771041431
41.96,0.9323377681300739
41.97,0.9541292758741206
41.980000000000004,0.9770695211778422
41.99,1.0000097664815475
42.0,1.022950011785253
42.01,1.0458902570889583
42.02,1.06883050239268
42.03,1.0917707476963856
42.04,1.113218732098971
42.050000000000004,1.1340602000767759
42.06,1.154901668054566
42.07,1.1757431360323563
42.08,1.1965846040101464
42.09,1.2174260719879513
42.1,1.2307996049624457
42.11,1.2278031422639664
42.12,1.224806679565487
42.13,1.2218102168670055
42.14,1.2188137541685262
42.15,1.215817291470047
42.160000000000004,1.1820001485432696
42.17,1.0943875804545518
42.18,1.0067750123658339
42.19,0.9191624442771159
42.2,0.8315498761883358
42.21,0.7439373080996179
42.22,0.7106550752430374
42.230000000000004,0.6841141982587992
42.24,0.6575733212745798
42.25,0.6310324442903605
42.26,0.6044915673061412
42.27,0.577809380967863
42.28,0.5508650069149007
42.29,0.5239206328619384
42.300000000000004,0.4969762588089569
42.31,0.47003188475599456
42.32,0.4430875107030322
42.33,0.41754396817622563
42.34,0.3953888174036483
42.35,0.37323366663108665
42.36,0.351078515858525
42.37,0.3289233650859633
42.38,0.30676821431338597
42.39,0.2901690229136741
42.4,0.276113608931053
42.410000000000004,0.26205819494842203
42.42,0.24800278096580103
42.43,0.23394736698318003
42.44,0.21989195300055903
42.45,0.20770739037121544
42.46,0.1963189154533708
42.47,0.18493044053552612
42.480000000000004,0.17354196561767338
42.49,0.16215349069982873
42.5,0.1507650157819841
42.51,0.1380700770776557
42.52,0.1176176798842452
42.53,0.09716528269084922
42.54,0.07671288549745325
42.550000000000004,0.05626048830404275
42.56,0.03580809111064677
42.57,0.015355693917250807
42.58,0.030799758196219322
42.59,0.05153995890700398
42.6,0.0722801596177739
42.61,0.09302036032854383
42.62,0.11376056103931376
42.63,0.13404587498670575
42.64,0.14192893952802066
42.65,0.14981200406933554
42.660000000000004,0.15769506861065605
42.67,0.16557813315197095
42.68,0.17346119769328586
42.69,0.18134426223460076
42.7,0.191988464043207
42.71,0.20436378599562072
42.72,0.21673910794803444
42.730000000000004,0.22911442990045694
42.74,0.24148975185287067
42.75,0.2538650738052844
42.76,0.26676987829797294
42.77,0.28025491712236916
42.78,0.2937399559467558
42.79,0.3072249947711424
42.800000000000004,0.3207100335955386
42.81,0.33419507241992524
42.82,0.3465663864957841
42.83,0.35762667907025164
42.84,0.3686869716447271
42.85,0.37974726421919464
42.86,0.3908075567936622
42.87,0.4018678493681298
42.88,0.4129281419426052
42.89,0.4239884345170728
42.9,0.4166983638352088
42.910000000000004,0.3999679773304712
42.92,0.3832375908257454
42.93,0.36650720432101963
42.94,0.3497768178162939
42.95,0.33304643131155626
42.96,0.32021665375684194
42.97,0.312097400083954
42.980000000000004,0.3039781464110602
42.99,0.29585889273817223
43.0,0.286899787269118
43.01,0.27304859803616377
43.02,0.25919740880319975
43.03,0.24534621957024552
43.04,0.22880759146339968
43.050000000000004,0.21127413723876487
43.06,0.1937406830141425
43.07,0.17516483771025984
43.08,0.15198807931326383
43.09,0.12881132091625133
43.1,0.10563456251925532
43.11,0.0824578041222593
43.12,0.05928104572526327
43.13,0.047873173776741745
43.14,0.05037980987272884
43.15,0.05288644596871593
43.160000000000004,0.05539308206470481
43.17,0.05789971816069191
43.18,0.060406354256679
43.19,0.06291299035266609
43.2,0.06961864225924598
43.21,0.07701073957360133
43.22,0.08440283688795668
43.230000000000004,0.09179493420231727
43.24,0.09918703151667263
43.25,0.09978934412307301
43.26,0.09774562563045987
43.27,0.09570190713784528
43.28,0.09365818864523213
43.29,0.09161447015261899
43.300000000000004,0.0895707516600044
43.31,0.08760176120839773
43.32,0.08567592263413314
43.33,0.08375008405986856
43.34,0.0818242454856026
43.35,0.07989840691133802
43.36,0.07797256833707344
43.37,0.07626716274271511
43.38,0.07491225709984098
43.39,0.0735573514569678
43.4,0.07220244581409464
43.410000000000004,0.07084754017122051
43.42,0.06949263452834734
43.43,0.06834863895756589
43.44,0.06764693985775604
43.45,0.0669452407579457
43.46,0.06624354165813585
43.47,0.06554184255832601
43.480000000000004,0.06484014345851566
43.49,0.06436076645968208
43.5,0.06419721009506538
43.51,0.06403365373044867
43.52,0.06387009736583185
43.53,0.06370654100121513
43.54,0.06354298463659842
43.550000000000004,0.06352243597765594
43.56,0.06375135639139577
43.57,0.06398027680513559
43.58,0.06420919721887541
43.59,0.06443811763261541
43.6,0.06466703804635522
43.61,0.06486507205003887
43.62,0.06420125456855162
43.63,0.0635374370870639
43.64,0.06287361960557664
43.65,0.06220980212408939
43.660000000000004,0.061545984642601664
43.67,0.060882167161114414
43.68,0.05955277203166343
43.69,0.05744887447772806
43.7,0.05534497692379119
43.71,0.05324107936985582
43.72,0.051137181815920446
43.730000000000004,0.04903328426198358
43.74,0.04692938670804821
43.75,0.04521257329411681
43.76,0.04392305428667365
43.77,0.04263353527922958
43.78,0.04134401627178641
43.79,0.04005449726434325
43.800000000000004,0.038764978256899174
43.81,0.037475459249456014
43.82,0.036185940242012854
43.83,0.035164245740534644
43.84,0.034168148181906756
43.85,0.03317205062327958
43.86,0.03217595306465241
43.87,0.031179855506025228
43.88,0.030183757947397347
43.89,0.02918766038877017
43.9,0.028388775473295748
43.910000000000004,0.027613702311813083
43.92,0.02683862915033097
43.93,0.026063555988848856
43.94,0.02528848282736674
43.95,0.024513409665884077
43.96,0.02373833650440196
43.97,0.02296110241423709
43.980000000000004,0.022177865371761515
43.99,0.0213946283292865
44.0,0.020611391286811484
44.01,0.01982815424433647
44.02,0.019044917201860894
44.03,0.01826168015938588
44.04,0.017551385721817234
44.050000000000004,0.01691747178487789
44.06,0.01628355784793899
44.07,0.015649643911000093
44.08,0.015015729974061197
44.09,0.01438181603712185
44.1,0.013747902100182952
44.11,0.013113988163244054
44.12,0.01237876196474999
44.13,0.011612568751042312
44.14,0.01084637553733518
44.15,0.010080182323628046
44.160000000000004,0.009313989109920368
44.17,0.008547795896213236
44.18,0.0077793052376276695
44.19,0.00701005602147723
44.2,0.006240806805326245
44.21,0.0054715575891758055
44.22,0.004702308373025366
44.230000000000004,0.003933059156874381
44.24,0.0032638369637067455
44.25,0.00259467508316749
44.26,0.0019255132026282347
44.27,0.001256351322088504
44.28,0.0005871894415492487
44.29,0.0009498654943762884
44.300000000000004,0.0016936914959277721
44.31,0.002437517497478727
44.32,0.0031813434990296823
44.33,0.003925169500580638
44.34,0.004668995502132121
44.35,0.005366297908437596
44.36,0.006057547289333264
44.37,0.006748796670228931
44.38,0.007440046051125089
44.39,0.008131295432020756
44.4,0.008822544812916423
44.410000000000004,0.009526654958313974
44.42,0.010246755633540366
44.43,0.01096685630876676
44.44,0.011686956983993151
44.45,0.012407057659220054
44.46,0.013127158334446446
44.47,0.01384725900967284
44.480000000000004,0.014666626452620912
44.49,0.01548724778013295
44.5,0.01630786910764499
44.51,0.017128490435157028
44.52,0.01794911176266965
44.53,0.01876973309018169
44.54,0.019576455285472874
44.550000000000004,0.020382515726324178
44.56,0.021188576167174906
44.57,0.021994636608025638
44.58,0.02280069704887637
44.59,0.023606757489727674
44.6,0.024424531507684956
44.61,0.025268740349370062
44.62,0.026112949191055165
44.63,0.02695715803274087
44.64,0.027801366874425974
44.65,0.02864557571611108
44.660000000000004,0.029489784557796786
44.67,0.030408010175708322
44.68,0.031469178267102514
44.69,0.032530346358496706
44.7,0.033591514449891655
44.71,0.034652682541285854
44.72,0.035713850632680046
44.730000000000004,0.036775751444789694
44.74,0.037841696639560565
44.75,0.03890764183433143
44.76,0.0399735870291023
44.77,0.04103953222387392
44.78,0.042105477418644795
44.79,0.043171422613415666
44.800000000000004,0.044378650586259866
44.81,0.04587870480291123
44.82,0.047378759019562594
44.83,0.04887881323621396
44.84,0.05037886745286639
44.85,0.051878921669517755
44.86,0.05104331952190234
44.87,0.050011751866907414
44.88,0.04898018421191176
44.89,0.047948616556916845
44.9,0.04691704890192192
44.910000000000004,0.04570942776067321
44.92,0.044133387632761555
44.93,0.04255734750484991
44.94,0.04098130737693825
44.95,0.03940526724902549
44.96,0.037829227121113834
44.97,0.03644841939450053
44.980000000000004,0.035148422650943506
44.99,0.03384842590738741
45.0,0.03254842916383131
45.01,0.03124843242027521
45.02,0.02995431908609457
45.03,0.028914464868277666
45.04,0.02787461065046076
45.050000000000004,0.026834756432643114
45.06,0.025794902214826207
45.07,0.0247550479970093
45.08,0.023715193779192394
45.09,0.022581595366317958
45.1,0.021408576957103825
45.11,0.02023555854788969
45.12,0.019062540138675553
45.13,0.017889521729460584
45.14,0.016840976520643963
45.15,0.01588705212087998
45.160000000000004,0.014933127721115314
45.17,0.01397920332135133
45.18,0.013025278921587346
45.19,0.012071354521823362
45.2,0.011067093700087129
45.21,0.010036586624526077
45.22,0.009006079548965026
45.230000000000004,0.007975572473403242
45.24,0.006945065397842191
45.25,0.006031575225725431
45.26,0.0052701444651520775
45.27,0.0045087137045781815
45.28,0.0037472829440048268
45.29,0.0029858521834314725
45.300000000000004,0.002224421422857577
45.31,0.0014629906622842222
45.32,0.0014204693206909093
45.33,0.0019523334992426037
45.34,0.002484197677794676
45.35,0.0030160618563463706
45.36,0.0035479260348980648
45.37,0.004079790213449759
45.38,0.004981357664784962
45.39,0.005897147607666613
45.4,0.006812937550548265
45.410000000000004,0.007728727493430568
45.42,0.00864451743631222
45.43,0.009565877522322535
45.44,0.010514934344896794
45.45,0.011463991167471727
45.46,0.012413047990045988
45.47,0.013362104812620249
45.480000000000004,0.014311161635195182
45.49,0.015264422248254543
45.5,0.01622513541148458
45.51,0.01718584857471462
45.52,0.018146561737945342
45.53,0.01910727490117538
45.54,0.02006798806440542
45.550000000000004,0.020995813898322828
45.56,0.0218425729043199
45.57,0.022689331910316975
45.58,0.023536090916314048
45.59,0.024382849922311725
45.6,0.0252296089283088
45.61,0.026076367934305872
45.62,0.02692312694030295
45.63,0.027855990485058164
45.64,0.02880170996521931
45.65,0.029747429445380457
45.660000000000004,0.030693148925542275
45.67,0.03163886840570342
45.68,0.03258458788586457
45.69,0.03353030736602571
45.7,0.034709046633160705
45.71,0.036035943109154686
45.72,0.03736283958514867
45.730000000000004,0.03868973606114359
45.74,0.04001663253713758
45.75,0.04134352901313156
45.76,0.042428539125376384
45.77,0.043470772550977275
45.78,0.044513005976577424
45.79,0.045555239402177566
45.800000000000004,0.04659747282777846
45.81,0.04763970625337861
45.82,0.048681939678978756
45.83,0.04881146722086244
45.84,0.04744254679059024
45.85,0.04607362636031901
45.86,0.044704705930047786
45.87,0.04333578549977656
45.88,0.0418550767496995
45.89,0.039668664556958576
45.9,0.03748225236421766
45.910000000000004,0.035295840171475176
45.92,0.033147747877538526
45.93,0.031068982895427626
45.94,0.028990217913316723
45.95,0.026911452931204345
45.96,0.02535337321230797
45.97,0.02387413822224226
45.980000000000004,0.022394903232175495
45.99,0.020915668242109785
46.0,0.01950715899377524
46.01,0.01820420537132257
46.02,0.016901251748868976
46.03,0.015598298126416308
46.04,0.01429534450396364
46.050000000000004,0.013164394768430556
46.06,0.012116602463506765
46.07,0.011068810158582975
46.08,0.010021017853659183
46.09,0.008973225548734646
46.1,0.007932073322913166
46.11,0.006961543796766843
46.12,0.00599101427062052
46.13,0.0050204847444735076
46.14,0.0040499552183271845
46.15,0.0030794256921808615
46.160000000000004,0.0023744982592952425
46.17,0.0025456602770935377
46.18,0.002716822294891833
46.19,0.0028879843126901283
46.2,0.0030591463304885454
46.21,0.0032303083482868407
46.22,0.003902242930806154
46.230000000000004,0.004881523376588741
46.24,0.005860803822370631
46.25,0.006840084268152522
46.26,0.007819364713934412
46.27,0.008798645159716997
46.28,0.009876710678974545
46.29,0.010979794106748155
46.300000000000004,0.01208287753452255
46.31,0.01318596096229616
46.32,0.01428904439006977
46.33,0.01529603068627696
46.34,0.016187168185990374
46.35,0.017078305685703156
46.36,0.017969443185415938
46.37,0.01886058068512872
46.38,0.019751718184842136
46.39,0.020642855684554918
46.4,0.021491649883916608
46.410000000000004,0.02229402344700439
46.42,0.02309639701009161
46.43,0.023898770573178824
46.44,0.02470114413626604
46.45,0.025503517699353825
46.46,0.02630589126244104
46.47,0.027108264825528257
46.480000000000004,0.027932592892951046
46.49,0.02887083505588202
46.5,0.02980907721881299
46.51,0.030747319381743958
46.52,0.0316855615446756
46.53,0.03262380370760657
46.54,0.033562045870537544
46.550000000000004,0.034500288033469176
46.56,0.03562465724420664
46.57,0.03708739597432985
46.58,0.03855013470445306
46.59,0.04001287343457731
46.6,0.04147561216470052
46.61,0.04293835089482373
46.62,0.04357879178996828
46.63,0.044136801861860135
46.64,0.04469481193375159
46.65,0.045252822005643054
46.660000000000004,0.04449293715715507
46.67,0.0429636455755296
46.68,0.041434353993904126
46.69,0.039905062412278654
46.7,0.03837577083065209
46.71,0.03684647924902662
46.72,0.03486902677368689
46.730000000000004,0.032877030996504984
46.74,0.030885035219324487
46.75,0.029002410347412272
46.76,0.027955440762097404
46.77,0.026908471176781794
46.78,0.025861501591466923
46.79,0.024814532006152055
46.800000000000004,0.02376756242083644
46.81,0.022720592835521573
46.82,0.02174801968118553
46.83,0.020872940727009525
46.84,0.019997861772832904
46.85,0.019122782818656904
46.86,0.018247703864480904
46.87,0.017372624910304904
46.88,0.01649754595612828
46.89,0.01562246700195228
46.9,0.014693559989338308
46.910000000000004,0.013764488531756049
46.92,0.01283541707417445
46.93,0.011906345616592848
46.94,0.010977274159011249
46.95,0.01004820270142899
46.96,0.009192177128486405
46.97,0.00846613813969336
46.980000000000004,0.0077400991508998
46.99,0.007014060162106755
47.0,0.00628802117331371
47.01,0.005561982184520665
47.02,0.004835943195727104
47.03,0.0041099042069340595
47.04,0.0034421960978029587
47.050000000000004,0.003107405299099542
47.06,0.0027726145003963633
47.07,0.002437823701693185
47.08,0.0037155090995329492
47.09,0.005239115234393509
47.1,0.006762721369252985
47.11,0.008286327504112463
47.12,0.010017255680565499
47.13,0.011754403449293647
47.14,0.013491551218020563
47.15,0.015265870968555174
47.160000000000004,0.017085709654375482
47.17,0.018905548340194495
47.18,0.02072538702601351
47.19,0.02215218957373364
47.2,0.023543345289127156
47.21,0.02493450100451968
47.22,0.02632565671991221
47.230000000000004,0.027716812435305722
47.24,0.029320497605726376
47.25,0.030930299490185068
47.26,0.032540101374643755
47.27,0.034149903259103595
47.28,0.03568733285835995
47.29,0.037076255406509
47.300000000000004,0.038465177954659036
47.31,0.03985410050280809
47.32,0.04124302305095714
47.33,0.042631945599106186
47.34,0.04339504752690598
47.35,0.04322805192501654
47.36,0.0430610563231271
47.37,0.04289406072123766
47.38,0.042727065119348095
47.39,0.04256006951745866
47.4,0.042393073915569214
47.410000000000004,0.04099900740156072
47.42,0.03956223748863029
47.43,0.038125467575699866
47.44,0.036688697662769436
47.45,0.03525192774983799
47.46,0.033838293786681725
47.47,0.03258961490960461
47.480000000000004,0.031340936032526606
47.49,0.03009225715544949
47.5,0.028843578278372375
47.51,0.02759489940129526
47.52,0.026357297823205048
47.53,0.02525436156594789
47.54,0.024151425308690726
47.550000000000004,0.023048489051432784
47.56,0.02194555279417562
47.57,0.020842616536918462
47.58,0.0197396802796613
47.59,0.018622059978790486
47.6,0.017500092980558962
47.61,0.01637812598232744
47.62,0.015256158984095916
47.63,0.014134191985863596
47.64,0.013012224987632073
47.65,0.012035032222199142
47.660000000000004,0.01106463282263512
47.67,0.010094233423071787
47.68,0.009123834023508456
47.69,0.008153434623945122
47.7,0.007183035224381102
47.71,0.006166197974490169
47.72,0.005106609538757403
47.730000000000004,0.004047021103023884
47.74,0.002987432667291118
47.75,0.001927844231558352
47.76,0.0008682557958255861
47.77,0.001195676524541107
47.78,0.0019480575434754075
47.79,0.002700438562409708
47.800000000000004,0.0034528195813445435
47.81,0.004205200600278844
47.82,0.004957581619213144
47.83,0.005758064843588807
47.84,0.006658454788933876
47.85,0.007558844734278305
47.86,0.008459234679622734
47.870000000000005,0.009359624624967804
47.88,0.010260014570312233
47.89,0.011160404515656662
47.9,0.012101002466885823
47.910000000000004,0.013093608569469839
47.92,0.014086214672053149
47.93,0.015078820774636459
47.94,0.01607142687721977
47.95,0.017064032979803787
47.96,0.018056639082387096
47.97,0.019193912730064405
47.980000000000004,0.020341505863734618
47.99,0.021489098997404015
48.0,0.022636692131073412
48.01,0.02378428526474281
48.02,0.024931878398413022
48.03,0.026239415774743546
48.04,0.02755214112648237
48.050000000000004,0.028864866478222125
48.06,0.03017759182996095
48.07,0.03149031718169977
48.08,0.03276284033784796
48.09,0.03395890791031522
48.1,0.03515497548278164
48.11,0.036351043055248056
48.120000000000005,0.03754711062771532
48.13,0.03874317820018173
48.14,0.039939245772648145
48.15,0.040692684080688137
48.160000000000004,0.041139746203635114
48.17,0.04158680832658178
48.18,0.042033870449528436
48.19,0.0424809325724751
48.2,0.04292799469542208
48.21,0.04151524209366697
48.22,0.04005327177193995
48.230000000000004,0.03859130145021189
48.24,0.03712933112848486
48.25,0.03566736080675784
48.26,0.034228499448860875
48.27,0.032910891398539414
48.28,0.031593283348218884
48.29,0.03027567529789836
48.300000000000004,0.0289580672475769
48.31,0.027640459197256374
48.32,0.026394349442170503
48.33,0.02531925548254171
48.34,0.02424416152291215
48.35,0.02316906756328336
48.36,0.022093973603654567
48.370000000000005,0.02101887964402501
48.38,0.01994378568439622
